Time_UTC,Azimuth_deg,Elevation_deg,Range_m,Doppler_Hz
2026-07-27 14:06:56,327.628976786197,0.0166788992305083,2364813.28029563,1631.55814507637
2026-07-27 14:06:57,327.754768301494,0.0607268356678081,2359926.80313431,1628.40382240946
2026-07-27 14:06:58,327.88106683624,0.104780729617684,2355049.81435507,1625.22795217758
2026-07-27 14:06:59,328.007874704816,0.148840055395754,2350182.37868641,1622.03040132248
2026-07-27 14:07:00,328.135194219479,0.192904276295961,2345324.56143516,1618.81103650054
2026-07-27 14:07:01,328.263027700967,0.236972848107951,2340476.42808548,1615.56972361497
2026-07-27 14:07:02,328.391377248175,0.281045143242944,2335638.05263516,1612.30633796298
2026-07-27 14:07:03,328.520245621091,0.325120741634679,2330809.48556954,1609.02072533309
2026-07-27 14:07:04,328.649634926095,0.369198996748123,2325990.8016354,1605.71275992796
2026-07-27 14:07:05,328.779547487407,0.413279323678325,2321182.06809038,1602.38230597063
2026-07-27 14:07:06,328.909985633714,0.457361128398618,2316383.35249051,1599.02922710418
2026-07-27 14:07:07,329.040951691116,0.50144380543887,2311594.72293215,1595.65338670221
2026-07-27 14:07:08,329.172447987832,0.545526739364594,2306816.24787794,1592.254647661
2026-07-27 14:07:09,329.30447662762,0.58960923375368,2302048.00384179,1588.83288239702
2026-07-27 14:07:10,329.437040393841,0.6336907947836,2297290.04462908,1585.38793295784
2026-07-27 14:07:11,329.570141390768,0.67777070415681,2292542.44765464,1581.91967096631
2026-07-27 14:07:12,329.703781947717,0.721848303735998,2287805.28303533,1578.42795773333
2026-07-27 14:07:13,329.837964394254,0.765922924592899,2283078.6212831,1574.91265417462
2026-07-27 14:07:14,329.972691059298,0.809993886687792,2278362.5333271,1571.37362085064
2026-07-27 14:07:15,330.107964269517,0.854060498344632,2273657.09055731,1567.81071803752
2026-07-27 14:07:16,330.243786354945,0.898122057896524,2268962.36463595,1564.22380547958
2026-07-27 14:07:17,330.380159400132,0.942177779991154,2264278.43533569,1560.61275339272
2026-07-27 14:07:18,330.517086202778,0.986227079649811,2259605.36025356,1556.97740008074
2026-07-27 14:07:19,330.654568850023,1.03026914956982,2254943.21987027,1553.31761487873
2026-07-27 14:07:20,330.792609659462,1.07430323995826,2250292.08768234,1549.63325655446
2026-07-27 14:07:21,330.931210947281,1.11832858940343,2245652.03756855,1545.92418355867
2026-07-27 14:07:22,331.070375025246,1.16234442396603,2241023.14387335,1542.19025415928
2026-07-27 14:07:23,331.210104206489,1.20634995879324,2236405.48122371,1538.43132618663
2026-07-27 14:07:24,331.350400547466,1.25034432552897,2231799.13213177,1534.64726846987
2026-07-27 14:07:25,331.491266841879,1.29432685211627,2227204.15761557,1530.83791679555
2026-07-27 14:07:26,331.632705144438,1.3382966463959,2222620.64091158,1527.00313931937
2026-07-27 14:07:27,331.774717746556,1.38225287178261,2218048.65849712,1523.14279333988
2026-07-27 14:07:28,331.917306935896,1.42619467915721,2213488.28723712,1519.25673595279
2026-07-27 14:07:29,332.060474993216,1.47012120596745,2208939.60446476,1515.34482419288
2026-07-27 14:07:30,332.204224198326,1.51403157781265,2204402.68780382,1511.40691477181
2026-07-27 14:07:31,332.348556819171,1.55792490545514,2199877.61546562,1507.44286456502
2026-07-27 14:07:32,332.493474859222,1.6018002180295,2195364.47311652,1503.45254184304
2026-07-27 14:07:33,332.638981092679,1.64565673736424,2190863.3255821,1499.43578026454
2026-07-27 14:07:34,332.785077511271,1.68949346551553,2186374.25938369,1495.39244790395
2026-07-27 14:07:35,332.931766353899,1.73330945870223,2181897.35444963,1491.32240150119
2026-07-27 14:07:36,333.079049855527,1.7771037603102,2177432.69102227,1487.22549762193
2026-07-27 14:07:37,333.226930238802,1.8208753986947,2172980.34986979,1483.1015930335
2026-07-27 14:07:38,333.375409720892,1.8646233889258,2168540.41209456,1478.9505444039
2026-07-27 14:07:39,333.524490238087,1.90834666375131,2164112.96612379,1474.77222058301
2026-07-27 14:07:40,333.674174517526,1.95204434258679,2159698.08039469,1470.5664548321
2026-07-27 14:07:41,333.824464481484,1.99571533020151,2155295.84409571,1466.33311595201
2026-07-27 14:07:42,333.975362302448,2.03935858257879,2150906.34013896,1462.0720612653
2026-07-27 14:07:43,334.126870142983,2.08297304121842,2146529.65182659,1457.78314821314
2026-07-27 14:07:44,334.278990152248,2.12655763227545,2142165.86292443,1453.46623451496
2026-07-27 14:07:45,334.431724473095,2.17011126826028,2137815.05747836,1449.12117785607
2026-07-27 14:07:46,334.585075224877,2.2136328439051,2133477.32021566,1444.74783666048
2026-07-27 14:07:47,334.739044246724,2.25712117598922,2129152.7425233,1440.34608158614
2026-07-27 14:07:48,334.893634188977,2.30057526005081,2124841.39685042,1435.91574669267
2026-07-27 14:07:49,335.048846859252,2.34399388049521,2120543.37557709,1431.45670344376
2026-07-27 14:07:50,335.204684326411,2.38737587139434,2116258.7649782,1426.9688113273
2026-07-27 14:07:51,335.361148642299,2.43072005064126,2111987.6517842,1422.45193030801
2026-07-27 14:07:52,335.518241849022,2.4740252216073,2107730.12300477,1417.90592050692
2026-07-27 14:07:53,335.675965962743,2.51729016947723,2103486.26627798,1413.33064293423
2026-07-27 14:07:54,335.834322700297,2.56051360084097,2099256.17577726,1408.72597177535
2026-07-27 14:07:55,335.993314623385,2.60369439744654,2095039.92731009,1404.09174301512
2026-07-27 14:07:56,336.152943413507,2.64683123278501,2090837.61593521,1399.42783190093
2026-07-27 14:07:57,336.313211017266,2.68992282724925,2086649.33089324,1394.73410153254
2026-07-27 14:07:58,336.474119366658,2.73296788567703,2082475.16173244,1390.01041542428
2026-07-27 14:07:59,336.635670370449,2.77596509550066,2078315.19847715,1385.25663790028
2026-07-27 14:08:00,336.797865917589,2.8189131275203,2074169.53154041,1380.47263394889
2026-07-27 14:08:01,336.960707579408,2.86181057395889,2070038.25768813,1375.65828265714
2026-07-27 14:08:02,337.124197791499,2.90465619497852,2065921.45623281,1370.81342393976
2026-07-27 14:08:03,337.28833808632,2.94744854927922,2061819.22469878,1365.93793821021
2026-07-27 14:08:04,337.453130259968,2.99018623860917,2057731.65518166,1361.03169380667
2026-07-27 14:08:05,337.61857609138,3.03286784879531,2053658.84004035,1356.09455965307
2026-07-27 14:08:06,337.784677331739,3.07549194761816,2049600.87209022,1351.12640574609
2026-07-27 14:08:07,337.951435707972,3.11805708557814,2045557.84451866,1346.12710300697
2026-07-27 14:08:08,338.11885291954,3.16056179531235,2041529.85092998,1341.09652343575
2026-07-27 14:08:09,338.28693033724,3.20300453347691,2037516.99083869,1336.03455376526
2026-07-27 14:08:10,338.455670221042,3.24538391660624,2033519.34730968,1330.94104031266
2026-07-27 14:08:11,338.625073882209,3.28769836446056,2029537.02076353,1325.81587221823
2026-07-27 14:08:12,338.795142914536,3.32994633962112,2025570.10623695,1320.65892570732
2026-07-27 14:08:13,338.965878879158,3.37212628612578,2021618.69919741,1315.47007837048
2026-07-27 14:08:14,339.137283308112,3.41423663022495,2017682.89546221,1310.24920901318
2026-07-27 14:08:15,339.30935770101,3.45627577984442,2013762.79123967,1304.99619781783
2026-07-27 14:08:16,339.482103214408,3.49824206866838,2009858.4883309,1299.71094048787
2026-07-27 14:08:17,339.655521917627,3.54013398321479,2005970.07294815,1294.39329113352
2026-07-27 14:08:18,339.829614897415,3.58194981946292,2002097.64774167,1289.04314848649
2026-07-27 14:08:19,340.004383527658,3.62368791360561,1998241.31025102,1283.66039817241
2026-07-27 14:08:20,340.179829145199,3.66534658312873,1994401.15840031,1278.24492746342
2026-07-27 14:08:21,340.355953049009,3.70692412679388,1990577.29049162,1272.79662532863
2026-07-27 14:08:22,340.532756507458,3.74841882599655,1986769.80507233,1267.31538211529
2026-07-27 14:08:23,340.710240747701,3.78982894304922,1982978.80108668,1261.801090046
2026-07-27 14:08:24,340.888406634227,3.83115266804762,1979204.38272945,1256.25365793313
2026-07-27 14:08:25,341.06725597627,3.87238833629078,1975446.6395366,1250.67295141176
2026-07-27 14:08:26,341.246789557702,3.91353410005977,1971705.6764426,1245.05888302015
2026-07-27 14:08:27,341.427008456234,3.95458814918847,1967981.59356033,1239.41135191368
2026-07-27 14:08:28,341.607913701502,3.99554865397155,1964274.49141001,1233.73025950625
2026-07-27 14:08:29,341.789506288016,4.03641376739749,1960584.47071088,1228.01550889178
2026-07-27 14:08:30,341.971787163287,4.07718162339484,1956911.63253593,1222.26700540256
2026-07-27 14:08:31,342.15475689701,4.11785028635822,1953256.08285154,1216.48467182504
2026-07-27 14:08:32,342.33841702655,4.15841795794287,1949617.91388375,1210.66838660426
2026-07-27 14:08:33,342.522768029356,4.19888266490807,1945997.23225264,1204.81807698886
2026-07-27 14:08:34,342.707810680654,4.2392424690047,1942394.1400395,1198.9336566958
2026-07-27 14:08:35,342.893545701552,4.2794954126968,1938808.73968137,1193.01504208523
2026-07-27 14:08:36,343.079973772339,4.31963952132287,1935241.13377522,1187.06215156436
2026-07-27 14:08:37,343.267095520262,4.35967280147642,1931691.42522089,1181.07490616618
2026-07-27 14:08:38,343.454911179425,4.39959319342086,1928159.721436,1175.05324526848
2026-07-27 14:08:39,343.643421974065,4.43939876636345,1924646.11704028,1168.9970627578
2026-07-27 14:08:40,343.832628033915,4.47908742372389,1921150.72000341,1162.90630325678
2026-07-27 14:08:41,344.022529789186,4.51865710131239,1917673.63405301,1156.78089777058
2026-07-27 14:08:42,344.213127614569,4.55810571688861,1914214.96315507,1150.62078012863
2026-07-27 14:08:43,344.404421828311,4.59743117028279,1910774.8115037,1144.42588704552
2026-07-27 14:08:44,344.596412701094,4.63663134479966,1907353.28339937,1138.19615772672
2026-07-27 14:08:45,344.789100439511,4.67570410527253,1903950.48342135,1131.93153465203
2026-07-27 14:08:46,344.982484846346,4.71464725547187,1900566.52013644,1125.63197936747
2026-07-27 14:08:47,345.176566731608,4.75345871715198,1897201.49050839,1119.29740700149
2026-07-27 14:08:48,345.371345778523,4.79213625889026,1893855.50353081,1112.92778532736
2026-07-27 14:08:49,345.566821971674,4.83067767861564,1890528.66431654,1106.52306850988
2026-07-27 14:08:50,345.762995228963,4.86908075680314,1887221.07818468,1100.08321420011
2026-07-27 14:08:51,345.959865415726,4.90734325846455,1883932.85049342,1093.6081828976
2026-07-27 14:08:52,346.1574323268,4.94546293128445,1880664.0868065,1087.09793880376
2026-07-27 14:08:53,346.35569533815,4.98343746633428,1877414.89626565,1080.55246609747
2026-07-27 14:08:54,346.55465485401,5.02126466367976,1874185.37739513,1073.97170144
2026-07-27 14:08:55,346.754310118252,5.05894218164435,1870975.63962395,1067.35563608184
2026-07-27 14:08:56,346.95466067919,5.09646770578128,1867785.78878684,1060.70424756865
2026-07-27 14:08:57,347.155706012115,5.13383890562511,1864615.93084732,1054.01751736189
2026-07-27 14:08:58,347.357445532787,5.17105343649478,1861466.17175289,1047.29543022776
2026-07-27 14:08:59,347.559878584235,5.20810893840009,1858336.61753787,1040.53797487369
2026-07-27 14:09:00,347.763004445176,5.24500303728081,1855227.37422826,1033.74514357358
2026-07-27 14:09:01,347.966821945176,5.28173330700676,1852138.55105444,1026.91695024756
2026-07-27 14:09:02,348.171330972614,5.31829742054222,1849070.24771986,1020.05335972475
2026-07-27 14:09:03,348.376530221317,5.35469292396601,1846022.57347231,1013.15439347612
2026-07-27 14:09:04,348.582418681419,5.39091738729408,1842995.63438917,1006.22005970575
2026-07-27 14:09:05,348.78899527773,5.42696836815608,1839989.53645815,999.250370328804
2026-07-27 14:09:06,348.996258858403,5.46284341109016,1837004.38565063,992.245341523306
2026-07-27 14:09:07,349.204208193012,5.49854004779555,1834040.28791467,985.204993840971
2026-07-27 14:09:08,349.412841601338,5.53405576527184,1831097.3518349,978.129369737115
2026-07-27 14:09:09,349.622158471224,5.56938813894749,1828175.67759049,971.018462007039
2026-07-27 14:09:10,349.83215696459,5.6045346314543,1825275.37369449,963.872321970996
2026-07-27 14:09:11,350.042835552061,5.6394927286409,1822396.54570174,956.690987146242
2026-07-27 14:09:12,350.254192621682,5.67425990530643,1819539.29907717,949.474499710309
2026-07-27 14:09:13,350.46622648783,5.70883362637787,1816703.73911699,942.222906099065
2026-07-27 14:09:14,350.678935376425,5.7432113461883,1813889.97102712,934.936257725608
2026-07-27 14:09:15,350.892317443678,5.7773905104117,1811098.09978374,927.614610112024
2026-07-27 14:09:16,351.106370363455,5.81136852646475,1808328.23257191,920.258042482266
2026-07-27 14:09:17,351.321092908042,5.84514287956504,1805580.46932133,912.866582802633
2026-07-27 14:09:18,351.53648259213,5.87871095995096,1802854.91685538,905.440319531366
2026-07-27 14:09:19,351.752537235013,5.9120701789827,1800151.67941553,897.979327565751
2026-07-27 14:09:20,351.969254577449,5.94521794108523,1797470.86098121,890.483686422754
2026-07-27 14:09:21,352.186632266678,5.97815164325718,1794812.5653332,882.953480969972
2026-07-27 14:09:22,352.404667875669,6.01086867686068,1792176.89593262,875.388800527983
2026-07-27 14:09:23,352.623358482577,6.04336640283466,1789563.9579433,867.789758937284
2026-07-27 14:09:24,352.842702281316,6.07564224958819,1786973.85036554,860.156417800723
2026-07-27 14:09:25,353.062696185212,6.10769356764941,1784406.67778484,852.488900713982
2026-07-27 14:09:26,353.28333740879,6.13951772728142,1781862.54252188,844.787317906826
2026-07-27 14:09:27,353.5046230884,6.17111209552098,1779341.54651413,837.051784333535
2026-07-27 14:09:28,353.726550263773,6.20247403572006,1776843.79138059,829.282420570488
2026-07-27 14:09:29,353.949115887584,6.23360090866427,1774369.37836064,821.479352375505
2026-07-27 14:09:30,354.172316420155,6.26449005401625,1771918.4098188,813.642730123547
2026-07-27 14:09:31,354.39614944634,6.29513886792472,1769490.98309986,805.772651363676
2026-07-27 14:09:32,354.620611247718,6.32554468684386,1767087.19980655,797.86927712002
2026-07-27 14:09:33,354.845698411841,6.35570486633538,1764707.1595552,789.932754842575
2026-07-27 14:09:34,355.07140744047,6.38561676243578,1762350.96149199,781.963237178947
2026-07-27 14:09:35,355.297734742394,6.41527773195786,1760018.70430116,773.960882332991
2026-07-27 14:09:36,355.524676631915,6.44468513307822,1757710.48619105,765.925854151785
2026-07-27 14:09:37,355.752229338885,6.47383632634342,1755426.40484778,757.858321656572
2026-07-27 14:09:38,355.98038857315,6.50272866111836,1753166.5585314,749.758480039007
2026-07-27 14:09:39,356.209151205827,6.53135953161204,1750931.04171518,741.626469686746
2026-07-27 14:09:40,356.438512768212,6.55972629406817,1748719.9516182,733.462496654189
2026-07-27 14:09:41,356.668469109452,6.5878263235333,1746533.38378403,725.266752850697
2026-07-27 14:09:42,356.899015990816,6.61565700056881,1744371.43316011,717.039435585396
2026-07-27 14:09:43,357.130149070439,6.64321571152773,1742234.1941121,708.780748314696
2026-07-27 14:09:44,357.361863925306,6.67049984979628,1740121.7603636,700.490899590775
2026-07-27 14:09:45,357.594155603993,6.69750680770697,1738034.22565955,692.170124719481
2026-07-27 14:09:46,357.82702033298,6.72423401116695,1735971.68111883,683.818603188876
2026-07-27 14:09:47,358.060452980398,6.75067886881809,1733934.21921465,675.43658140681
2026-07-27 14:09:48,358.294448737473,6.77683880771786,1731921.93104427,667.024291358325
2026-07-27 14:09:49,358.529002707202,6.80271126526303,1729934.90699457,658.581970509612
2026-07-27 14:09:50,358.764109889138,6.82829368970876,1727973.23674061,650.109862553836
2026-07-27 14:09:51,358.999765203045,6.85358354117533,1726037.00920702,641.608216269124
2026-07-27 14:09:52,359.235963459548,6.87857829207064,1724126.31257482,633.077286950254
2026-07-27 14:09:53,359.472698954215,6.90327542625255,1722241.23438478,624.517356167585
2026-07-27 14:09:54,359.709967178777,6.92767244778457,1720381.86090684,615.928648519087
2026-07-27 14:09:55,359.947762240493,6.95176686828893,1718548.27814868,607.311457164456
2026-07-27 14:09:56,0.186078583899403,6.97555621745958,1716740.57109064,598.666060091299
2026-07-27 14:09:57,0.424910560923885,6.99903804117301,1714958.82387112,589.992741022412
2026-07-27 14:09:58,0.664252430030263,7.02220990225396,1713203.11976893,581.29178945995
2026-07-27 14:09:59,0.904098362574383,7.04506938120241,1711473.54118862,572.563500376971
2026-07-27 14:10:00,1.14444199856063,7.06761408100118,1709770.16933683,563.808195929156
2026-07-27 14:10:01,1.38527818694351,7.08984161276285,1708093.0853514,555.026140416404
2026-07-27 14:10:02,1.62660039511897,7.11174961778217,1706442.36866988,546.217666847471
2026-07-27 14:10:03,1.86840242543659,7.13333575504114,1704818.0980187,537.383093088249
2026-07-27 14:10:04,2.11067799321255,7.15459770502382,1703220.351165,528.522742470769
2026-07-27 14:10:05,2.35342072371906,7.17553317052653,1701649.20489666,519.636943938163
2026-07-27 14:10:06,2.59662415884929,7.19613987730745,1700104.73501423,510.726031715022
2026-07-27 14:10:07,2.84028174334382,7.21641557513691,1698587.01629308,501.790345979396
2026-07-27 14:10:08,3.08438641071707,7.23635804894169,1697096.1216881,492.830253193528
2026-07-27 14:10:09,3.32893230904378,7.25596507755175,1695632.12547035,483.846061362359
2026-07-27 14:10:10,3.57391219490633,7.27523449659339,1694195.09854653,474.838147966116
2026-07-27 14:10:11,3.81931917653038,7.29416415858495,1692785.11149617,465.806874391315
2026-07-27 14:10:12,4.06514627737461,7.31275194368888,1691402.23380453,456.752607342133
2026-07-27 14:10:13,4.31138644309315,7.33099576026025,1690046.53386179,447.675718489871
2026-07-27 14:10:14,4.55803253034441,7.34889354598618,1688718.07891792,438.576585015303
2026-07-27 14:10:15,4.80507687868592,7.36644328530937,1687416.93382548,429.455610707663
2026-07-27 14:10:16,5.05251307017129,7.3836429429246,1686143.16603006,420.313139212494
2026-07-27 14:10:17,5.30033328505219,7.40049056427604,1684896.83812542,411.149584357479
2026-07-27 14:10:18,5.54853006696623,7.41698421062787,1683678.01272877,401.965343147946
2026-07-27 14:10:19,5.7970958831131,7.43312197596744,1682486.75125991,392.76081742749
2026-07-27 14:10:20,6.04602312542356,7.4489019877097,1681323.11392683,383.536413807662
2026-07-27 14:10:21,6.295304111776,7.46432240739614,1680187.15971149,374.292543594753
2026-07-27 14:10:22,6.54493064706143,7.47938145465105,1679078.94463583,365.029644498592
2026-07-27 14:10:23,6.79489578253976,7.49407731582477,1677998.52855306,355.748093558995
2026-07-27 14:10:24,7.04519118754238,7.50840828096409,1676945.96505407,346.448337170325
2026-07-27 14:10:25,7.29580889034738,7.52237265524544,1675921.30805458,337.130804944719
2026-07-27 14:10:26,7.54674086146167,7.5359687807734,1674924.61021719,327.795930306312
2026-07-27 14:10:27,7.79797900042285,7.54919503804483,1673955.92287777,318.444151128055
2026-07-27 14:10:28,8.04951514334119,7.56204984622843,1673015.29605861,309.07590934012
2026-07-27 14:10:29,8.30134106070732,7.57453166401386,1672102.77843907,299.691651020158
2026-07-27 14:10:30,8.55344802819591,7.5866390201182,1671218.41514762,290.291847702195
2026-07-27 14:10:31,8.80582857554647,7.59837039354362,1670362.25658884,280.876909462598
2026-07-27 14:10:32,9.05847385487401,7.60972439409386,1669534.34521274,271.447315640919
2026-07-27 14:10:33,9.31137540188018,7.62069964362421,1668734.72427074,262.003527333917
2026-07-27 14:10:34,9.56452469695707,7.63129480623,1667963.43562668,252.546009172628
2026-07-27 14:10:35,9.81791316688658,7.64150858878175,1667220.51974629,243.075229216345
2026-07-27 14:10:36,10.0715321840653,7.65133974164399,1666506.01567253,233.59165896862
2026-07-27 14:10:37,10.3253726383264,7.66078709536704,1665819.95837018,224.095794702619
2026-07-27 14:10:38,10.5794266829298,7.66984941535187,1665162.38937873,214.588070397534
2026-07-27 14:10:39,10.8336851074986,7.67852562066884,1664533.34083578,205.068988662382
2026-07-27 14:10:40,11.0881390966002,7.68681463953951,1663932.8460715,195.539033064163
2026-07-27 14:10:41,11.3427797929663,7.69471544572557,1663360.93697043,185.998689869712
2026-07-27 14:10:42,11.5975982932315,7.7022270595117,1662817.64392228,176.448448233043
2026-07-27 14:10:43,11.852585661977,7.70934854698284,1662302.99589642,166.888799468627
2026-07-27 14:10:44,12.1077329202447,7.71607902165599,1661817.02034346,157.320237599054
2026-07-27 14:10:45,12.3630306197222,7.72241768826401,1661359.74002617,147.743280634523
2026-07-27 14:10:46,12.6184705924078,7.72836366688911,1660931.1858482,138.158383013376
2026-07-27 14:10:47,12.8740433182854,7.73391625743877,1660531.37760557,128.566067251763
2026-07-27 14:10:48,13.1297396939107,7.73907476374444,1660160.33681838,118.966835455565
2026-07-27 14:10:49,13.3855505832826,7.74383853864433,1659818.08346168,109.361191755194
2026-07-27 14:10:50,13.6414668258804,7.74820698362735,1659504.63600602,99.7496418752083
2026-07-27 14:10:51,13.8974792350765,7.75217954948478,1659220.01138343,90.1326931860677
2026-07-27 14:10:52,14.1535781753957,7.75575578617496,1658964.2213754,80.5108758876652
2026-07-27 14:10:53,14.4097552893627,7.75893514250652,1658737.28718499,70.884656341332
2026-07-27 14:10:54,14.6660008953451,7.7617172676275,1658539.2175309,61.2545675841144
2026-07-27 14:10:55,14.9223057382564,7.76410180982923,1658370.02328283,51.6211214803006
2026-07-27 14:10:56,15.1786605447347,7.76608846794846,1658229.71373249,41.9848310038941
2026-07-27 14:10:57,15.4350560312326,7.76767699077904,1658118.29664322,32.3462098034496
2026-07-27 14:10:58,15.6914829025007,7.76886717763189,1658035.7782149,22.7057722490664
2026-07-27 14:10:59,15.9479314329586,7.76965893423427,1657982.15902894,13.0640544648806
2026-07-27 14:11:00,16.2043931773896,7.77005204716143,1657957.45043344,3.42152824138242
2026-07-27 14:11:01,16.4608583930337,7.77004652309264,1657961.64990689,-6.22126932134054
2026-07-27 14:11:02,16.7173177742524,7.76964236200299,1657994.75753154,-15.8638230911543
2026-07-27 14:11:03,16.9737620117933,7.76883961492554,1658056.7717982,-25.5056177675121
2026-07-27 14:11:04,17.2301818008454,7.7676383831268,1658147.68966496,-35.1461383159719
2026-07-27 14:11:05,17.4865678419213,7.76603881822405,1658267.50654636,-44.7848700421219
2026-07-27 14:11:06,17.7429108418004,7.76404112229564,1658416.21630185,-54.4212986677336
2026-07-27 14:11:07,17.9992010959975,7.76164561123017,1658593.80662824,-64.054889294481
2026-07-27 14:11:08,18.255430183029,7.75885245982001,1658800.27757464,-73.6851719046461
2026-07-27 14:11:09,18.5115884158174,7.7556620842071,1659035.61374933,-83.3116128294377
2026-07-27 14:11:10,18.7676665598618,7.75207488527953,1659299.80295443,-92.9337014413793
2026-07-27 14:11:11,19.023655385587,7.74809131557308,1659592.83131632,-102.550927604095
2026-07-27 14:11:12,19.2795456926092,7.74371187560834,1659914.68354158,-112.162782925673
2026-07-27 14:11:13,19.5353282965978,7.73893711608084,1660265.34274646,-121.768760122794
2026-07-27 14:11:14,19.7909936225854,7.73376770629236,1660644.78546358,-131.36833248284
2026-07-27 14:11:15,20.0465333789056,7.7282041542705,1661053.00199764,-140.961038529961
2026-07-27 14:11:16,20.3019380342056,7.72224722727414,1661489.96580951,-150.546354492833
2026-07-27 14:11:17,20.5571985222025,7.7158976686957,1661955.65410097,-160.12378051518
2026-07-27 14:11:18,20.8123057946229,7.70915627219192,1662450.04240377,-169.692818082042
2026-07-27 14:11:19,21.0672508462148,7.70202387737283,1662973.10487587,-179.252971310985
2026-07-27 14:11:20,21.3220247017321,7.69450137206796,1663524.81411766,-188.803746318794
2026-07-27 14:11:21,21.5766184281412,7.68658969012124,1664105.14131282,-198.344651864797
2026-07-27 14:11:22,21.8310227199458,7.67828988903969,1664714.05053692,-207.8751783563
2026-07-27 14:11:23,22.085229538768,7.66960284363651,1665351.52110637,-217.394880974649
2026-07-27 14:11:24,22.339229669469,7.66052970100042,1666017.51433735,-226.903255840247
2026-07-27 14:11:25,22.5930143403327,7.65107157977784,1666711.99547543,-236.39982214242
2026-07-27 14:11:26,22.8465748355418,7.64122964161688,1667434.92845635,-245.884102525644
2026-07-27 14:11:27,23.099902484528,7.63100509306792,1668186.27574179,-255.355622571644
2026-07-27 14:11:28,23.352988662647,7.62039918535329,1668965.99830967,-264.813910855137
2026-07-27 14:11:29,23.6058244070584,7.60941329308266,1669774.04985373,-274.258479455723
2026-07-27 14:11:30,23.8584020031823,7.59804858952248,1670610.4005674,-283.688904548053
2026-07-27 14:11:31,24.1107125884064,7.58630653504097,1671475.00130458,-293.10470473264
2026-07-27 14:11:32,24.3627477665163,7.57418854867405,1672367.80762541,-302.505423034622
2026-07-27 14:11:33,24.6144991889437,7.56169609287532,1673288.77355411,-311.890605659683
2026-07-27 14:11:34,24.8659585772932,7.54883066850802,1674237.85191572,-321.259803157537
2026-07-27 14:11:35,25.1171177051157,7.53559381849263,1675214.99403613,-330.612569512755
2026-07-27 14:11:36,25.3679684202191,7.52198712268308,1676220.15008664,-339.948463296739
2026-07-27 14:11:37,25.6185022375852,7.50801228947821,1677253.26229092,-349.267026964944
2026-07-27 14:11:38,25.8687119097055,7.49367080159486,1678314.29102529,-358.567866795279
2026-07-27 14:11:39,26.1185890916886,7.47896444050058,1679403.17610082,-367.85053407603
2026-07-27 14:11:40,26.3681258881797,7.46389493948463,1680519.86231302,-377.114603840996
2026-07-27 14:11:41,26.6173144838847,7.44846406572484,1681664.2933562,-386.359656083158
2026-07-27 14:11:42,26.8661471255415,7.43267362411554,1682836.41150415,-395.585274849921
2026-07-27 14:11:43,27.1146161435138,7.4165254517964,1684036.15797865,-404.791049355875
2026-07-27 14:11:44,27.3627135548242,7.40002151489497,1685263.4657269,-413.976553753109
2026-07-27 14:11:45,27.6104325935452,7.38316353423236,1686518.28717963,-423.141425175827
2026-07-27 14:11:46,27.8577654345584,7.36595353950775,1687800.55306851,-432.285247695025
2026-07-27 14:11:47,28.1047047014227,7.34839350255375,1689110.19960913,-441.40762920303
2026-07-27 14:11:48,28.3512431048548,7.33048542435903,1690447.16200544,-450.508182993581
2026-07-27 14:11:49,28.5973734301479,7.31223133775324,1691811.37421084,-459.586527128845
2026-07-27 14:11:50,28.8430885475902,7.29363330429012,1693202.7691211,-468.642284978866
2026-07-27 14:11:51,29.088381036668,7.27469351316447,1694621.27113099,-477.675066031305
2026-07-27 14:11:52,29.3332446686394,7.25541388943407,1696066.82540986,-486.684541632086
2026-07-27 14:11:53,29.5776721939843,7.23579667588738,1697539.35433453,-495.670331975649
2026-07-27 14:11:54,29.8216568095348,7.21584404743692,1699038.78628586,-504.63208104521
2026-07-27 14:11:55,30.0651918015517,7.19555820396527,1700565.04866727,-513.56943838902
2026-07-27 14:11:56,30.3082705454336,7.17494136981236,1702118.06790288,-522.482059109599
2026-07-27 14:11:57,30.5508864954055,7.15399579609103,1703697.76922226,-531.369603339671
2026-07-27 14:11:58,30.7930332053116,7.13272375431981,1705304.07709897,-540.231737308632
2026-07-27 14:11:59,31.0347039455605,7.11112764597971,1706936.90692884,-549.06811373453
2026-07-27 14:12:00,31.2758931601671,7.08920958355654,1708596.19664841,-557.878446415157
2026-07-27 14:12:01,31.51659430426,7.06697200940065,1710281.8599425,-566.662399532438
2026-07-27 14:12:02,31.7568012794071,7.04441728503362,1711993.81721852,-575.419661120893
2026-07-27 14:12:03,31.9965080826469,7.0215477904831,1713731.98806692,-584.149925104358
2026-07-27 14:12:04,32.2357087942848,6.99836592729021,1715496.29099181,-592.852890669583
2026-07-27 14:12:05,32.4743975968298,6.97487411220655,1717286.64384886,-601.528263235167
2026-07-27 14:12:06,32.7125684090915,6.95107488954009,1719102.95523072,-610.175735679939
2026-07-27 14:12:07,32.9502162855663,6.9269704989664,1720945.15740184,-618.795060121079
2026-07-27 14:12:08,33.1873353340838,6.90256351552685,1722813.15744301,-627.385941104794
2026-07-27 14:12:09,33.4239200992486,6.87785642441969,1724706.86963154,-635.948106555217
2026-07-27 14:12:10,33.6599652236081,6.85285172398181,1726626.20755273,-644.481290394023
2026-07-27 14:12:11,33.8954654356279,6.8275519288515,1728571.0838173,-652.985231917976
2026-07-27 14:12:12,34.1304155677407,6.80195956348639,1730541.41051923,-661.459676720429
2026-07-27 14:12:13,34.3648105377586,6.77607716747331,1732537.09878831,-669.904375730526
2026-07-27 14:12:14,34.5986450245969,6.74990740348137,1734558.0504087,-678.31906852983
2026-07-27 14:12:15,34.8319148099627,6.72345260866011,1736604.19242512,-686.703552337835
2026-07-27 14:12:16,35.0646147582191,6.6967154666514,1738675.42522612,-695.057578133338
2026-07-27 14:12:17,35.2967401671342,6.66969855815627,1740771.65718788,-703.380920093686
2026-07-27 14:12:18,35.5282864276881,6.64240447296949,1742892.79599421,-711.673358097168
2026-07-27 14:12:19,35.7592490240681,6.61483580927888,1745038.74865308,-719.934677713866
2026-07-27 14:12:20,35.9896235380761,6.58699517139453,1747209.42163617,-728.16467042347
2026-07-27 14:12:21,36.2194053206812,6.55888528652175,1749404.71171698,-736.363116674079
2026-07-27 14:12:22,36.4485907785424,6.53050854470824,1751624.54187098,-744.529852187403
2026-07-27 14:12:23,36.6771754545098,6.50186768182861,1753868.80791098,-752.664669014587
2026-07-27 14:12:24,36.9051553008399,6.47296532642877,1756137.41381998,-760.767381142736
2026-07-27 14:12:25,37.13252636483,6.44380411040985,1758430.26308151,-768.837808283891
2026-07-27 14:12:26,37.3592847859442,6.4143866693298,1760747.2586215,-776.87577571537
2026-07-27 14:12:27,37.5854267998482,6.38471564014409,1763088.30295223,-784.88111447629
2026-07-27 14:12:28,37.8109484220576,6.35479378134479,1765453.28863565,-792.853645003165
2026-07-27 14:12:29,38.0358466870647,6.3246234996154,1767842.1356775,-800.793241162653
2026-07-27 14:12:30,38.2601177967638,6.2942075536568,1770254.73586774,-808.699734548413
2026-07-27 14:12:31,38.4837583504129,6.2635485865075,1772690.98969536,-816.572978026651
2026-07-27 14:12:32,38.7067650424884,6.23264923915953,1775150.79734658,-824.412830111498
2026-07-27 14:12:33,38.9291346522631,6.20151215389841,1777634.05840834,-832.219154411987
2026-07-27 14:12:34,39.1508640558138,6.17013996879388,1780140.67227682,-839.991820240145
2026-07-27 14:12:35,39.3719502131624,6.13853532206389,1782670.53777981,-847.730701930934
2026-07-27 14:12:36,39.5923898834497,6.10670096869364,1785223.54378333,-855.435664051982
2026-07-27 14:12:37,39.8121807957663,6.07463929864269,1787799.60782446,-863.106622120667
2026-07-27 14:12:38,40.0313198826724,6.04235306012794,1790398.61807198,-870.743450972735
2026-07-27 14:12:39,40.2498044628302,6.0098448752159,1793020.47213378,-878.346046076757
2026-07-27 14:12:40,40.4676319371872,5.97711736311071,1795665.06714981,-885.914307765343
2026-07-27 14:12:41,40.6847997963776,5.94417313629454,1798332.30007704,-893.44814160444
2026-07-27 14:12:42,40.901305616114,5.911014801702,1801022.06756967,-900.947458139249
2026-07-27 14:12:43,41.1171467786916,5.87764508223979,1803734.25606506,-908.412158378724
2026-07-27 14:12:44,41.3323215874257,5.84406632788581,1806468.78152418,-915.842191796258
2026-07-27 14:12:45,41.5468275944099,5.81028124571325,1809225.53006145,-923.237469272458
2026-07-27 14:12:46,41.7606627109742,5.77629241499512,1812004.39732133,-930.597920872154
2026-07-27 14:12:47,41.9738249326015,5.74210240609436,1814805.27880111,-937.923481514768
2026-07-27 14:12:48,42.186312335945,5.70771378104596,1817628.06978188,-945.214090803296
2026-07-27 14:12:49,42.3981230818357,5.67312909141696,1820472.66548337,-952.46969316609
2026-07-27 14:12:50,42.6092554056326,5.63835088200458,1823338.96073945,-959.690237337262
2026-07-27 14:12:51,42.8197073661266,5.60338180874981,1826226.84022501,-966.875663203513
2026-07-27 14:12:52,43.0294778888973,5.56822414643045,1829136.21912952,-974.025956366894
2026-07-27 14:12:53,43.2385651843583,5.53288053144332,1832066.98177576,-981.141065391324
2026-07-27 14:12:54,43.4469678059468,5.4973534648599,1835019.02263465,-988.220957122515
2026-07-27 14:12:55,43.6546843830446,5.46164543666236,1837992.23605514,-995.265602708553
2026-07-27 14:12:56,43.8617136237313,5.42575892365356,1840986.51642205,-1002.27497772914
2026-07-27 14:12:57,44.0680543054919,5.38969639328457,1844001.75782077,-1009.2490616926
2026-07-27 14:12:58,44.2737050364618,5.35346042313141,1847037.84399427,-1016.18782546667
2026-07-27 14:12:59,44.4786652470556,5.31705320241377,1850094.69013594,-1023.09128339185
2026-07-27 14:13:00,44.6829336860542,5.28047728435651,1853172.17981063,-1029.9594142238
2026-07-27 14:13:01,44.8865094264989,5.24373508292379,1856270.20710406,-1036.79221397621
2026-07-27 14:13:02,45.0893916123567,5.20682899838922,1859388.66609597,-1043.58968259613
2026-07-27 14:13:03,45.2915794576635,5.16976141705626,1862527.45087165,-1050.35182390432
2026-07-27 14:13:04,45.493072245677,5.13253471098577,1865686.45553356,-1057.07864553607
2026-07-27 14:13:05,45.6938693266978,5.09515123844176,1868865.57415251,-1063.77015881173
2026-07-27 14:13:06,45.893969886662,5.05761346834943,1872064.6901329,-1070.42636647469
2026-07-27 14:13:07,46.093373884132,5.01992347396247,1875283.71940151,-1077.04731225845
2026-07-27 14:13:08,46.292080631001,4.98208369629089,1878522.54530154,-1083.63300578752
2026-07-27 14:13:09,46.4900897456166,4.9440964314018,1881781.06227863,-1090.18347297581
2026-07-27 14:13:10,46.6874009077336,4.90596396111613,1885059.16473977,-1096.69874305481
2026-07-27 14:13:11,46.8840138608885,4.86768855103357,1888356.74721503,-1103.17884868572
2026-07-27 14:13:12,47.079928409626,4.82927245140238,1891673.70427588,-1109.62382579894
2026-07-27 14:13:13,47.2751442005837,4.79071802262998,1895009.91964915,-1116.03370191602
2026-07-27 14:13:14,47.4696616086258,4.75202722497941,1898365.31042108,-1122.40854334303
2026-07-27 14:13:15,47.663480394313,4.71320238820484,1901739.76039302,-1128.74838365764
2026-07-27 14:13:16,47.8566006054463,4.67424569475836,1905133.16479972,-1135.05327169896
2026-07-27 14:13:17,48.0490223452079,4.6351593116159,1908545.41890277,-1141.32325921285
2026-07-27 14:13:18,48.2407457743444,4.59594538835151,1911976.4181544,-1147.5584009563
2026-07-27 14:13:19,48.4317711084819,4.5566060580793,1915426.05811227,-1153.75875454241
2026-07-27 14:13:20,48.6220984115678,4.51714356377237,1918894.2233148,-1159.92436933571
2026-07-27 14:13:21,48.8117284313261,4.47755974528044,1922380.83241937,-1166.05533129387
2026-07-27 14:13:22,49.0006613352784,4.43785681195782,1925885.77025232,-1172.15169511906
2026-07-27 14:13:23,49.1888975557004,4.39803682630641,1929408.93319335,-1178.21352958233
2026-07-27 14:13:24,49.3764375765387,4.35810183310013,1932950.21783212,-1184.2409060838
2026-07-27 14:13:25,49.5632819325506,4.31805385929452,1936509.52097631,-1190.23389859596
2026-07-27 14:13:26,49.7494312084248,4.27789491394996,1940086.73965901,-1196.19258360647
2026-07-27 14:13:27,49.934886037378,4.23762698851606,1943681.7711142,-1202.11704003244
2026-07-27 14:13:28,50.1196469056582,4.19725218562235,1947294.50123184,-1208.00733860353
2026-07-27 14:13:29,50.3037149385167,4.15677219934177,1950924.85112766,-1213.86358448501
2026-07-27 14:13:30,50.4870907099689,4.11618909888023,1954572.70696714,-1219.68585273075
2026-07-27 14:13:31,50.6697750452568,4.07550480033985,1958237.96724618,-1225.47423177242
2026-07-27 14:13:32,50.8517688079973,4.03472120591583,1961920.53033936,-1231.22881187525
2026-07-27 14:13:33,51.033072910037,3.99384019665476,1965620.29515558,-1236.94968566586
2026-07-27 14:13:34,51.213688303711,3.95286363711888,1969337.16072109,-1242.63694770306
2026-07-27 14:13:35,51.3936158010477,3.91179350273879,1973071.01458096,-1248.29068455526
2026-07-27 14:13:36,51.5728568108183,3.87063135914059,1976821.78020693,-1253.91101519281
2026-07-27 14:13:37,51.7514122214055,3.82937914794772,1980589.34550241,-1259.49802977307
2026-07-27 14:13:38,51.9292831535222,3.78803865752676,1984373.61093876,-1265.05183085986
2026-07-27 14:13:39,52.1064707628839,3.74661166079559,1988174.47703352,-1270.57252261198
2026-07-27 14:13:40,52.2829762444544,3.70509991162385,1991991.8446851,-1276.06021101033
2026-07-27 14:13:41,52.4588008296814,3.66350514628838,1995825.61504542,-1281.5150036994
2026-07-27 14:13:42,52.6339457900583,3.62182908023912,1999675.68982537,-1286.93701017879
2026-07-27 14:13:43,52.8084122583541,3.58007354396521,2003541.95869853,-1292.32633186033
2026-07-27 14:13:44,52.9822019163255,3.53823995844422,2007424.34794697,-1297.6831002808
2026-07-27 14:13:45,53.1553159683438,3.4963301148045,2011322.74821516,-1303.00742008425
2026-07-27 14:13:46,53.3277558214408,3.45434565810973,2015237.06232948,-1308.29940677468
2026-07-27 14:13:47,53.4995229164156,3.41228821456352,2019167.19353185,-1313.55917733904
2026-07-27 14:13:48,53.670618726587,3.3701593919187,2023113.04545071,-1318.786850174
2026-07-27 14:13:49,53.8410447543738,3.32796078168915,2027074.52190193,-1323.98254488975
2026-07-27 14:13:50,54.0108023780177,3.28569408417852,2031051.5151069,-1329.14637366269
2026-07-27 14:13:51,54.1798934797089,3.24336059490251,2035043.95410108,-1334.27847663303
2026-07-27 14:13:52,54.3483194946338,3.20096197873715,2039051.73183252,-1339.37896833687
2026-07-27 14:13:53,54.5160820446594,3.15849975451622,2043074.75368445,-1344.44797337801
2026-07-27 14:13:54,54.6831827785857,3.11597542405521,2047112.92534659,-1349.4856174357
2026-07-27 14:13:55,54.8496233748422,3.07339046933701,2051166.15309291,-1354.49202741598
2026-07-27 14:13:56,55.0154055361041,3.03074635655896,2055234.34340748,-1359.46733114404
2026-07-27 14:13:57,55.1805308446956,2.98804466281789,2059317.39085347,-1364.41164907562
2026-07-27 14:13:58,55.3450013514575,2.94528655925461,2063415.22758355,-1369.32512801804
2026-07-27 14:13:59,55.5088186849072,2.90247358966016,2067527.74882649,-1374.2078901451
2026-07-27 14:14:00,55.671984649386,2.85960714815012,2071654.86286522,-1379.06006720894
2026-07-27 14:14:01,55.8345010682786,2.81668861527434,2075796.47803138,-1383.88179157456
2026-07-27 14:14:02,55.996369790601,2.77371935161764,2079952.50333306,-1388.67319659853
2026-07-27 14:14:03,56.1575926851863,2.73070070258291,2084122.84800481,-1393.43441629339
2026-07-27 14:14:04,56.3181716436027,2.68763399524324,2088307.42182392,-1398.16558549625
2026-07-27 14:14:05,56.4781084413767,2.64452067046501,2092506.12222816,-1402.86683174839
2026-07-27 14:14:06,56.637405281476,2.60136176422415,2096718.88492311,-1407.53830708049
2026-07-27 14:14:07,56.7960639794782,2.55815868201259,2100945.60839722,-1412.18014039291
2026-07-27 14:14:08,56.9540865029769,2.51491268688223,2105186.20381447,-1416.79246895656
2026-07-27 14:14:09,57.1114748407079,2.47162502264021,2109440.58303302,-1421.37543077872
2026-07-27 14:14:10,57.2682309971955,2.42829691862915,2113708.65814898,-1425.92916428893
2026-07-27 14:14:11,57.4243569954568,2.38492958660476,2117990.3418159,-1430.45380850006
2026-07-27 14:14:12,57.5798547488547,2.34152435243793,2122285.53419675,-1434.9494953502
2026-07-27 14:14:13,57.7347265630324,2.29808213914113,2126594.17421989,-1439.41637968895
2026-07-27 14:14:14,57.8889743833189,2.25460423877215,2130916.16312282,-1443.85459435724
2026-07-27 14:14:15,58.0426002933491,2.21109180178162,2135251.41502289,-1448.264279927
2026-07-27 14:14:16,58.1956063924892,2.16754596161571,2139599.84460178,-1452.64557739997
2026-07-27 14:14:17,58.3479947949158,2.12396783519615,2143961.36707195,-1456.99862815596
2026-07-27 14:14:18,58.4997676254919,2.08035852697443,2148335.89778338,-1461.32357370516
2026-07-27 14:14:19,58.650927025488,2.03671912226241,2152723.35290547,-1465.6205560393
2026-07-27 14:14:20,58.8014750313084,1.99305082368103,2157123.63566337,-1469.88971018123
2026-07-27 14:14:21,58.9514140354231,1.94935443126584,2161536.68882806,-1474.13119250408
2026-07-27 14:14:22,59.1007460988855,1.90563111470936,2165962.41682309,-1478.34513853973
2026-07-27 14:14:23,59.2494734058743,1.861881903654,2170400.73712842,-1482.53169085317
2026-07-27 14:14:24,59.3975981537756,1.8181078099488,2174851.56797721,-1486.69099231539
2026-07-27 14:14:25,59.5451225472159,1.77430983419051,2179314.82770468,-1490.823185737
2026-07-27 14:14:26,59.6920488036511,1.73048895872814,2183790.43547401,-1494.92841422091
2026-07-27 14:14:27,59.8383790423517,1.68664628346782,2188278.29735987,-1499.0068141485
2026-07-27 14:14:28,59.9841157063582,1.64278250847933,2192778.35941647,-1503.05854184756
2026-07-27 14:14:29,60.1292609330903,1.59889870254358,2197290.52892418,-1507.08373386583
2026-07-27 14:14:30,60.2738169705645,1.55499579588317,2201814.72636135,-1511.08253322081
2026-07-27 14:14:31,60.4177860767396,1.51107470184216,2206350.87296415,-1515.05508306715
2026-07-27 14:14:32,60.5611705143537,1.46713632304173,2210898.89010495,-1519.0015263716
2026-07-27 14:14:33,60.7039725546676,1.42318154620002,2215458.69984112,-1522.92200615886
2026-07-27 14:14:34,60.8461944743246,1.37921124580132,2220030.22454882,-1526.81666531476
2026-07-27 14:14:35,60.9878384608459,1.33522641232601,2224613.37354151,-1530.68564038288
2026-07-27 14:14:36,61.1289069928751,1.29122763633222,2229208.09694076,-1534.52908651656
2026-07-27 14:14:37,61.2694022669254,1.24721588281807,2233814.30489679,-1538.34713992283
2026-07-27 14:14:38,61.4093265815251,1.20319197332935,2238431.9216069,-1542.13994300843
2026-07-27 14:14:39,61.5486822387973,1.15915671782701,2243060.87158428,-1545.90763795159
2026-07-27 14:14:40,61.6874715441658,1.1151109148125,2247701.07965668,-1549.65036668724
2026-07-27 14:14:41,61.8256968084535,1.07105534794086,2252352.47133691,-1553.36827105429
2026-07-27 14:14:42,61.963360259159,1.02699091805916,2257014.95883342,-1557.06148675122
2026-07-27 14:14:43,62.1004643837034,0.982918131769841,2261688.49527993,-1560.73016673046
2026-07-27 14:14:44,62.237011415249,0.93883786415668,2266372.99393553,-1564.37444621838
2026-07-27 14:14:45,62.3730036746455,0.894750852743391,2271068.38178428,-1567.99446595509
2026-07-27 14:14:46,62.5084434859569,0.850657821565294,2275774.58641857,-1571.59036647145
2026-07-27 14:14:47,62.6433331734542,0.806559485498128,2280491.53558976,-1575.16228788741
2026-07-27 14:14:48,62.7776750646602,0.762456545139124,2285219.15776834,-1578.71037013103
2026-07-27 14:14:49,62.9114714103936,0.718349818342282,2289957.36799446,-1582.23474724808
2026-07-27 14:14:50,63.044724693326,0.674239732071185,2294706.12258316,-1585.73556937488
2026-07-27 14:14:51,63.1774371656695,0.630127080228339,2299465.337613,-1589.21296988711
2026-07-27 14:14:52,63.3096111567325,0.586012520848793,2304234.94299866,-1592.66708722906
2026-07-27 14:14:53,63.4412489969252,0.541896699380833,2309014.86925754,-1596.09805953984
2026-07-27 14:14:54,63.5723530150816,0.49778025298073,2313805.04705666,-1599.50602446595
2026-07-27 14:14:55,63.7029255409994,0.453663805773423,2318605.40773922,-1602.89111935422
2026-07-27 14:14:56,63.8329689028135,0.409547973144087,2323415.88287056,-1606.25348106682
2026-07-27 14:14:57,63.962485361766,0.365433483566456,2328236.39090227,-1609.59324105071
2026-07-27 14:14:58,64.0914773787325,0.321320681706078,2333066.89159071,-1612.9105454715
2026-07-27 14:14:59,64.2199472106807,0.277210276861944,2337907.30410447,-1616.20552481137
2026-07-27 14:15:00,64.3478971815674,0.233102842006136,2342757.56182982,-1619.47831425093
2026-07-27 14:15:01,64.4753296124252,0.188998942314969,2347617.59832948,-1622.72904842648
2026-07-27 14:15:02,64.602246822767,0.144899132179164,2352487.34768305,-1625.95786154523
2026-07-27 14:15:03,64.7286511303288,0.100803955327142,2357366.74448626,-1629.16488737483
2026-07-27 14:15:04,64.8545447904719,0.0567140719764882,2362255.70972852,-1632.35025438108
2026-07-27 14:15:05,64.9799302339251,0.0126297603240995,2367154.20619316,-1635.51410480697
2026-07-27 15:43:23,319.356936719119,0.00254716618697851,2368468.80363764,2195.43348059572
2026-07-27 15:43:24,319.409978847235,0.0617234667085371,2361887.99081639,2194.9159457152
2026-07-27 15:43:25,319.463298321125,0.121051067373313,2355308.73989763,2194.39144534834
2026-07-27 15:43:26,319.516897527651,0.180531113550293,2348731.07178403,2193.85991007375
2026-07-27 15:43:27,319.570778875991,0.240164759201073,2342155.00780677,2193.32126962513
2026-07-27 15:43:28,319.62494462026,0.299953081725017,2335580.57909464,2192.77545638031
2026-07-27 15:43:29,319.679397598287,0.359897436814864,2329007.78756702,2192.22239079702
2026-07-27 15:43:30,319.734140115787,0.419998921715072,2322436.66501544,2191.66200338582
2026-07-27 15:43:31,319.78917469525,0.480258735726808,2315867.23341816,2191.09421995347
2026-07-27 15:43:32,319.844503884775,0.540678088011494,2309299.51511383,2190.51896535926
2026-07-27 15:43:33,319.900130263712,0.601258200201677,2302733.5325317,2189.93616339549
2026-07-27 15:43:34,319.956056436144,0.662000303254999,2296169.30854842,2189.34573690826
2026-07-27 15:43:35,320.012284845779,0.722905551244518,2289606.87578207,2188.7476114626
2026-07-27 15:43:36,320.068818547033,0.783975380632611,2283046.23789828,2188.14170003738
2026-07-27 15:43:37,320.125660040482,0.845210966868658,2276487.42821906,2187.52792611269
2026-07-27 15:43:38,320.182812054489,0.90661358936801,2269930.47035527,2186.90620816318
2026-07-27 15:43:39,320.240277345713,0.968184538180613,2263375.38829907,2186.27646360371
2026-07-27 15:43:40,320.298058705029,1.02992511664152,2256822.20615662,2185.63860866257
2026-07-27 15:43:41,320.356158951869,1.09183663869086,2250270.94844916,2184.99255848478
2026-07-27 15:43:42,320.414580939084,1.15392043102719,2243721.63989958,2184.33822702605
2026-07-27 15:43:43,320.473327350773,1.21617774207877,2237174.31501407,2183.6755310882
2026-07-27 15:43:44,320.532401513232,1.27861010705376,2230628.9797115,2183.00437408715
2026-07-27 15:43:45,320.591806174187,1.34121879760496,2224085.66925512,2182.32467045674
2026-07-27 15:43:46,320.651544323754,1.40400519215812,2217544.40926819,2181.6363292245
2026-07-27 15:43:47,320.711618982681,1.46697068020161,2211005.22583565,2180.93925823448
2026-07-27 15:43:48,320.772033207969,1.53011666471015,2204468.14526713,2180.23336402394
2026-07-27 15:43:49,320.832790091043,1.59344456123656,2197933.19420795,2179.51855184951
2026-07-27 15:43:50,320.893892549618,1.65695570698353,2191400.40899893,2178.79472987386
2026-07-27 15:43:51,320.955344173791,1.7206517304071,2184869.79768284,2178.06179209592
2026-07-27 15:43:52,321.017147951583,1.78453399363762,2178341.39741027,2177.31964402745
2026-07-27 15:43:53,321.079307126059,1.84860396768463,2171815.23580903,2176.56818541011
2026-07-27 15:43:54,321.141824974286,1.91286313547024,2165291.34099516,2175.80731465699
2026-07-27 15:43:55,321.20470481324,1.97731299429031,2158769.74133825,2175.03692872134
2026-07-27 15:43:56,321.267949997928,2.04195505489701,2152250.46557202,2174.25692312233
2026-07-27 15:43:57,321.331563704091,2.1067907493398,2145733.55206403,2173.46719635226
2026-07-27 15:43:58,321.395549811746,2.17182180557892,2139219.01118954,2172.6676319004
2026-07-27 15:43:59,321.459911574415,2.23704968236046,2132706.88218499,2171.85812528791
2026-07-27 15:44:00,321.524652514178,2.30247594950302,2126197.19488886,2171.03856586813
2026-07-27 15:44:01,321.589776190896,2.36810218961543,2119689.97965774,2170.20884150152
2026-07-27 15:44:02,321.655286208425,2.43393000060025,2113185.26713397,2169.36883841544
2026-07-27 15:44:03,321.72118621398,2.49996099525334,2106683.0883036,2168.51844120328
2026-07-27 15:44:04,321.787479898113,2.56619680113459,2100183.47452713,2167.65753281086
2026-07-27 15:44:05,321.854170763139,2.63263896560596,2093686.46683138,2166.7859992801
2026-07-27 15:44:06,321.921263056951,2.69928933853154,2087192.07851845,2165.90371055499
2026-07-27 15:44:07,321.988760374521,2.76614949818937,2080700.35135195,2165.01054918066
2026-07-27 15:44:08,322.056666589441,2.83322113384878,2074211.31811128,2164.10639116815
2026-07-27 15:44:09,322.124985620558,2.90050594966702,2067725.01202779,2163.19111076753
2026-07-27 15:44:10,322.193721438645,2.96800566723765,2061241.46655723,2162.2645803147
2026-07-27 15:44:11,322.26287805979,3.03572202277112,2054760.7156703,2161.32667035175
2026-07-27 15:44:12,322.332459306816,3.10365667212732,2048282.80291219,2160.37725455968
2026-07-27 15:44:13,322.402469785659,3.17181157922899,2041807.74440035,2159.41618949759
2026-07-27 15:44:14,322.472913417476,3.24018843110064,2035335.58464886,2158.44334501059
2026-07-27 15:44:15,322.543794424912,3.30878903102539,2028866.35904692,2157.45858377704
2026-07-27 15:44:16,322.615117078137,3.37761519701859,2022400.10357795,2156.46176655203
2026-07-27 15:44:17,322.686885701767,3.44666876439615,2015936.85459469,2155.45275200563
2026-07-27 15:44:18,322.759104672877,3.51595158482075,2009476.64892748,2154.43139674635
2026-07-27 15:44:19,322.831778428849,3.58546552916556,2003019.5236362,2153.39755513857
2026-07-27 15:44:20,322.904911196068,3.65521238302907,1996565.52568698,2152.35108497486
2026-07-27 15:44:21,322.97850803378,3.72519424817347,1990114.67483906,2151.29182556563
2026-07-27 15:44:22,323.052573290522,3.79541294784442,1983667.01871942,2150.21963007946
2026-07-27 15:44:23,323.127111624889,3.86587042012566,1977222.59638935,2149.13434413157
2026-07-27 15:44:24,323.202127755749,3.93656862132434,1970781.44732552,2148.03581099606
2026-07-27 15:44:25,323.277626460217,4.00750952498981,1964343.61152844,2146.92387162817
2026-07-27 15:44:26,323.353612581922,4.07869512481566,1957909.12927799,2145.79836446855
2026-07-27 15:44:27,323.430090747432,4.15012732859494,1951478.05068768,2144.65913143419
2026-07-27 15:44:28,323.507066457637,4.22180836560416,1945050.39906447,2143.50599476497
2026-07-27 15:44:29,323.584544474072,4.29374018309514,1938626.22528563,2142.33879119073
2026-07-27 15:44:30,323.662529886901,4.36592484575035,1932205.57180225,2141.15734929
2026-07-27 15:44:31,323.741027850044,4.43836443621955,1925788.48163273,2139.96149507498
2026-07-27 15:44:32,323.82004358828,4.51106105748161,1919374.99817193,2138.75105181686
2026-07-27 15:44:33,323.899582390643,4.58401683016112,1912965.16544757,2137.52584016282
2026-07-27 15:44:34,323.979649615237,4.65723389403226,1906559.02800468,2136.28567800932
2026-07-27 15:44:35,324.060250405586,4.73071430549721,1900156.63984114,2135.03038656936
2026-07-27 15:44:36,324.141390823994,4.8044604463364,1893758.02883544,2133.75976601705
2026-07-27 15:44:37,324.223076161635,4.87847441287792,1887363.25000617,2132.47363172542
2026-07-27 15:44:38,324.305312056439,4.95275842004691,1880972.35027245,2131.17179026243
2026-07-27 15:44:39,324.38810422636,5.02731470444087,1874585.37694124,2129.85404508272
2026-07-27 15:44:40,324.471458460955,5.10214552100874,1868202.37801146,2128.52019668205
2026-07-27 15:44:41,324.555380626511,5.17725314456423,1861823.40206039,2127.17004245953
2026-07-27 15:44:42,324.63987636933,5.25263976567882,1855448.50704801,2125.80338313774
2026-07-27 15:44:43,324.724952301667,5.32830790563029,1849077.72527199,2124.41999697479
2026-07-27 15:44:44,324.810614233643,5.40425979624779,1842711.11584311,2123.01967812331
2026-07-27 15:44:45,324.896868342967,5.48049779007849,1836348.72996536,2121.60221121641
2026-07-27 15:44:46,324.983720895943,5.55702426196604,1829990.61929973,2120.1673773888
2026-07-27 15:44:47,325.071178238749,5.63384160564702,1823636.83626502,2118.71495443667
2026-07-27 15:44:48,325.159246802884,5.71095223525591,1817287.4339274,2117.24471666802
2026-07-27 15:44:49,325.247932794654,5.78835847957924,1810942.47466635,2115.75644170247
2026-07-27 15:44:50,325.33724343668,5.86606300335365,1804601.99568621,2114.24988313989
2026-07-27 15:44:51,325.427185117223,5.94406817753751,1798266.06066356,2112.72481120411
2026-07-27 15:44:52,325.517764615555,6.0223764960419,1791934.72555201,2111.18098579007
2026-07-27 15:44:53,325.608988805619,6.10099047427403,1785608.04693553,2109.61816293701
2026-07-27 15:44:54,325.70086465669,6.17991264888842,1779286.08206382,2108.03609477943
2026-07-27 15:44:55,325.793399225921,6.25914557484011,1772968.88910148,2106.43452967772
2026-07-27 15:44:56,325.886599672243,6.33869182953661,1766656.52680793,2104.81321187478
2026-07-27 15:44:57,325.980472920203,6.41855390221157,1760349.06327142,2103.171888964
2026-07-27 15:44:58,326.075026973358,6.49873462406311,1754046.54198084,2101.51028254568
2026-07-27 15:44:59,326.17026896252,6.57923652707977,1747749.03248779,2099.82813172176
2026-07-27 15:45:00,326.266206436698,6.6600622677428,1741456.59690417,2098.12516427935
2026-07-27 15:45:01,326.362847056412,6.7412145255227,1735169.2979545,2096.40110348472
2026-07-27 15:45:02,326.460198579613,6.8226959977468,1728887.19938547,2094.65566836016
2026-07-27 15:45:03,326.558268877263,6.90450940404336,1722610.36563036,2092.88857329468
2026-07-27 15:45:04,326.657065581188,6.98665737394584,1716338.87038199,2091.09953597089
2026-07-27 15:45:05,326.756597460419,7.06914288356598,1710072.76329802,2089.28824619704
2026-07-27 15:45:06,326.856872376212,7.15196860450271,1703812.11972366,2087.45441209285
2026-07-27 15:45:07,326.957898634804,7.23513733397049,1697557.00781171,2085.59772948371
2026-07-27 15:45:08,327.059684666193,7.3186518916544,1691307.49642843,2083.71788911038
2026-07-27 15:45:09,327.162239009499,7.40251511441786,1685063.65555671,2081.81457691846
2026-07-27 15:45:10,327.2655703294,7.48672986071984,1678825.55596945,2079.88747364006
2026-07-27 15:45:11,327.369687406241,7.57129900679262,1672593.26951795,2077.93625497468
2026-07-27 15:45:12,327.474598783183,7.65622533801295,1666366.87707588,2075.96059965895
2026-07-27 15:45:13,327.580314214235,7.7415119914771,1660146.43613412,2073.96015614125
2026-07-27 15:45:14,327.686842490735,7.8271617889105,1653932.02971206,2071.93459246208
2026-07-27 15:45:15,327.7941928996,7.91317768336293,1647723.73356466,2069.8835627263
2026-07-27 15:45:16,327.902374855067,7.99956264520046,1641521.6245599,2067.80671550606
2026-07-27 15:45:17,328.011397900646,8.0863196618423,1635325.78069374,2065.70369374773
2026-07-27 15:45:18,328.121271721547,8.17345174056727,1629136.28088634,2063.57413443413
2026-07-27 15:45:19,328.232005750811,8.26096179101398,1622953.2132618,2061.41767772295
2026-07-27 15:45:20,328.343610705051,8.34885307911201,1616776.6431093,2059.23393108372
2026-07-27 15:45:21,328.456096304735,8.43712855003564,1610606.6607165,2057.02252238041
2026-07-27 15:45:22,328.569472788023,8.52579127664161,1604443.34963121,2054.78306455459
2026-07-27 15:45:23,328.683750543747,8.61484434926855,1598286.79446205,2052.51516411624
2026-07-27 15:45:24,328.798940100773,8.70429087153629,1592137.08115903,2050.21842134009
2026-07-27 15:45:25,328.915052146526,8.79413396460983,1585994.29670687,2047.89242977577
2026-07-27 15:45:26,329.032097112634,8.88437664754791,1579858.5372289,2045.5367860065
2026-07-27 15:45:27,329.150086786961,8.9750222974769,1573729.87672568,2043.1510514292
2026-07-27 15:45:28,329.269031920995,9.06607396276347,1567608.41375782,2040.73480881264
2026-07-27 15:45:29,329.388943818829,9.15753481762438,1561494.24047322,2038.28762466247
2026-07-27 15:45:30,329.509833952089,9.24940805015484,1555387.45022384,2035.80905826359
2026-07-27 15:45:31,329.631713948899,9.34169685786821,1549288.13784154,2033.29866188522
2026-07-27 15:45:32,329.754595612283,9.43440445146826,1543196.3993638,2030.75598028253
2026-07-27 15:45:33,329.878490909095,9.52753405031129,1537112.33230891,2028.18055090181
2026-07-27 15:45:34,330.003411560631,9.621088768658,1531036.04301194,2025.5719136959
2026-07-27 15:45:35,330.129370723466,9.71507207586393,1524967.6167542,2022.92957054801
2026-07-27 15:45:36,330.256380470631,9.80948710197685,1518907.16282872,2020.25304588974
2026-07-27 15:45:37,330.384453479441,9.90433710094478,1512854.78438135,2017.54184600111
2026-07-27 15:45:38,330.513602603028,9.9996253308191,1506810.58617352,2014.79546925972
2026-07-27 15:45:39,330.643840883787,10.0953550556766,1500774.67442087,2012.01340575233
2026-07-27 15:45:40,330.775181556312,10.191529544603,1494747.1568193,2009.1951371387
2026-07-27 15:45:41,330.907637591803,10.2881519494698,1488728.15009508,2006.34014775511
2026-07-27 15:45:42,331.041223501171,10.3852257801066,1482717.75040629,2003.44788037791
2026-07-27 15:45:43,331.1759526527,10.4827541917123,1476716.07768072,2000.5178018325
2026-07-27 15:45:44,331.311839057864,10.5807404566049,1470723.24613562,1997.54935922992
2026-07-27 15:45:45,331.448896937532,10.6791878468474,1464739.37155967,1994.54199050768
2026-07-27 15:45:46,331.587140712474,10.7780996296328,1458764.57153932,1991.49512459781
2026-07-27 15:45:47,331.726585018998,10.8774790691185,1452798.96528865,1988.40818097371
2026-07-27 15:45:48,331.867244695479,10.9773294206973,1446842.67393275,1985.28056991806
2026-07-27 15:45:49,332.009134339706,11.0776538169963,1440895.82717439,1982.1117035199
2026-07-27 15:45:50,332.152270162029,11.1784557338562,1434958.53565751,1978.90094932931
2026-07-27 15:45:51,332.296667196111,11.2797382817382,1429030.93288958,1975.64769990115
2026-07-27 15:45:52,332.442341169896,11.3815046774587,1423113.14716554,1972.35132606178
2026-07-27 15:45:53,332.589308034169,11.4837581218648,1417205.30875828,1969.01118859412
2026-07-27 15:45:54,332.737583977753,11.5865018008633,1411307.54977735,1965.62663778788
2026-07-27 15:45:55,332.887185413348,11.6897388791138,1405420.00444718,1962.19701372976
2026-07-27 15:45:56,333.038128511769,11.7934723845622,1399542.81553389,1958.72165808048
2026-07-27 15:45:57,333.190431151973,11.8977056777694,1393676.10771601,1955.19986446389
2026-07-27 15:45:58,333.344109984662,12.002441736399,1387820.02801481,1951.6309529559
2026-07-27 15:45:59,333.499182407931,12.1076836320616,1381974.71864054,1948.01421988535
2026-07-27 15:46:00,333.655666057282,12.2134344029975,1376140.32411408,1944.34895070423
2026-07-27 15:46:01,333.813578835486,12.3196970577981,1370316.99095042,1940.63441915816
2026-07-27 15:46:02,333.972938893548,12.4264745674002,1364504.8679866,1936.86988770925
2026-07-27 15:46:03,334.133764646715,12.5337698652729,1358704.10625135,1933.05460706104
2026-07-27 15:46:04,334.296074259057,12.6415857254337,1352914.86537127,1929.18782946504
2026-07-27 15:46:05,334.459887721804,12.7499252363055,1347137.28805224,1925.26875477782
2026-07-27 15:46:06,334.625223731319,12.858791077996,1341371.53873977,1921.29661128491
2026-07-27 15:46:07,334.792101791732,12.9681860030961,1335617.77762914,1917.27060119736
2026-07-27 15:46:08,334.960541675467,13.0781127079394,1329876.16744912,1913.18991455355
2026-07-27 15:46:09,335.130563439824,13.1885738320563,1324146.87334026,1909.0537287291
2026-07-27 15:46:10,335.302187424402,13.2995719531582,1318430.06296251,1904.86120844734
2026-07-27 15:46:11,335.475433715253,13.4111094656881,1312725.91252463,1900.61151987923
2026-07-27 15:46:12,335.650324331296,13.5231890540339,1307034.58247239,1896.30377287402
2026-07-27 15:46:13,335.82687994252,13.6358129689561,1301356.25430746,1891.93710748075
2026-07-27 15:46:14,336.005122069471,13.7489835051605,1295691.10595069,1887.51063591275
2026-07-27 15:46:15,336.185072528407,13.8627028742317,1290039.31807122,1883.02345711876
2026-07-27 15:46:16,336.366753448586,13.976973203027,1284401.0739771,1878.47465627736
2026-07-27 15:46:17,336.550187254914,14.0917965245668,1278776.55987059,1873.863305217
2026-07-27 15:46:18,336.735396118441,14.2071746590908,1273165.9704054,1869.18847716458
2026-07-27 15:46:19,336.922404252725,14.3231096833296,1267569.48571354,1864.44918496274
2026-07-27 15:46:20,337.111234455566,14.4396032076139,1261987.306326,1859.64447395633
2026-07-27 15:46:21,337.301910426898,14.5566568512716,1256419.62979726,1854.77335972072
2026-07-27 15:46:22,337.494456183329,14.6742721145064,1250866.65671779,1849.83484374494
2026-07-27 15:46:23,337.68889607575,14.7924503754911,1245328.59061464,1844.82791292967
2026-07-27 15:46:24,337.885254773704,14.9111928805918,1239805.63816701,1839.75153999066
2026-07-27 15:46:25,338.083557281173,15.0305007407035,1234298.00912385,1834.60468301282
2026-07-27 15:46:26,338.283828326657,15.1503748068666,1228805.92172465,1829.38630220009
2026-07-27 15:46:27,338.486094810807,15.2708161350303,1223329.58119155,1824.09529263832
2026-07-27 15:46:28,338.690382137475,15.3918252694558,1217869.21226892,1818.73058499657
2026-07-27 15:46:29,338.896716658378,15.5134027087456,1212425.03755276,1813.29107847257
2026-07-27 15:46:30,339.105125068905,15.6355487806656,1206997.28294644,1807.77565735954
2026-07-27 15:46:31,339.315634408084,15.7582636340916,1201586.1777205,1802.18319105826
2026-07-27 15:46:32,339.528272058293,15.8815472307103,1196191.95457142,1796.5125341028
2026-07-27 15:46:33,339.743065100326,16.0053992209126,1190814.85467465,1790.76254424763
2026-07-27 15:46:34,339.960042914165,16.1298194027609,1185455.10748494,1784.93200970328
2026-07-27 15:46:35,340.179233270641,16.254807008422,1180112.96136357,1779.01975849027
2026-07-27 15:46:36,340.40066495447,16.3803611691158,1174788.66301803,1773.02458516096
2026-07-27 15:46:37,340.624367086966,16.5064807831014,1169482.46288815,1766.94526977223
2026-07-27 15:46:38,340.850369142559,16.6331645089928,1164194.6150657,1760.78057747863
2026-07-27 15:46:39,341.078700943036,16.7604107549048,1158925.37737974,1754.52925875975
2026-07-27 15:46:40,341.309392666508,16.888217669872,1153675.01137476,1748.19004923757
2026-07-27 15:46:41,341.542474132754,17.0165830166015,1148443.78709362,1741.76169020867
2026-07-27 15:46:42,341.777977591052,17.1455046181617,1143231.96452386,1735.24284900094
2026-07-27 15:46:43,342.015933571666,17.2749796646264,1138039.82143105,1728.63223764196
2026-07-27 15:46:44,342.256373625902,17.4050051542311,1132867.63493053,1721.92853470633
2026-07-27 15:46:45,342.499329649607,17.5355777700511,1127715.68609491,1715.13040474137
2026-07-27 15:46:46,342.744833874487,17.6666938670497,1122584.26003292,1708.2364986444
2026-07-27 15:46:47,342.992918874776,17.7983494612686,1117473.64587056,1701.24545360581
2026-07-27 15:46:48,343.243616810219,17.9305401051737,1112384.14108491,1694.15591533346
2026-07-27 15:46:49,343.496962364866,18.0632613137035,1107316.03468363,1686.96645255451
2026-07-27 15:46:50,343.752988366099,18.1965078958288,1102269.63245268,1679.67568479113
2026-07-27 15:46:51,344.0117286748,18.3302743760154,1097245.2402172,1672.28219841536
2026-07-27 15:46:52,344.273217457551,18.4645548715154,1092243.16807931,1664.78456801545
2026-07-27 15:46:53,344.537489196605,18.599343080441,1087263.7303663,1657.18135630525
2026-07-27 15:46:54,344.80457866172,18.7346322642418,1082307.24577451,1649.4711151691
2026-07-27 15:46:55,345.074520136713,18.8704151313987,1077374.04106647,1641.65240887936
2026-07-27 15:46:56,345.347350507602,19.006684234786,1072464.43615482,1633.72372261544
2026-07-27 15:46:57,345.623104603477,19.1434313340329,1067578.7667176,1625.68360100635
2026-07-27 15:46:58,345.901818303621,19.2806477985402,1062717.36899049,1617.53055623219
2026-07-27 15:46:59,346.183527710835,19.4183244816056,1057880.58379009,1609.26309281947
2026-07-27 15:47:00,346.468269180582,19.5564517092946,1053068.75635075,1600.87970706329
2026-07-27 15:47:01,346.756079281585,19.6950192604516,1048282.23646379,1592.37888851361
2026-07-27 15:47:02,347.046994792662,19.834016351136,1043521.37844874,1583.75912039124
2026-07-27 15:47:03,347.341051863503,19.9734315243803,1038786.54431568,1575.01890539275
2026-07-27 15:47:04,347.638289275118,20.1132530047524,1034078.09118296,1566.15666712463
2026-07-27 15:47:05,347.938743528183,20.2534681218521,1029396.39025483,1557.17089936585
2026-07-27 15:47:06,348.242452066064,20.3940636646733,1024741.8141714,1548.06006879771
2026-07-27 15:47:07,348.549452457666,20.5350257714353,1020114.74015559,1538.82264013279
2026-07-27 15:47:08,348.859782371925,20.6763399108372,1015515.55003463,1529.45707729231
2026-07-27 15:47:09,349.173479555565,20.8179908636898,1010944.63024066,1519.96184449884
2026-07-27 15:47:10,349.490580943815,20.9599626229857,1006402.37440048,1510.33543418514
2026-07-27 15:47:11,349.811126087008,21.1022387024801,1001889.17289339,1500.5762615734
2026-07-27 15:47:12,350.135151968324,21.2448016256909,997405.428580326,1490.68282510866
2026-07-27 15:47:13,350.462696390717,21.3876332357264,992951.546265481,1480.65360242815
2026-07-27 15:47:14,350.793797107318,21.530714595183,988527.935293556,1470.48707764666
2026-07-27 15:47:15,351.128491788072,21.6740259672575,984135.009536006,1460.18174287264
2026-07-27 15:47:16,351.466817974591,21.8175467961995,979773.187394962,1449.73610010648
2026-07-27 15:47:17,351.808813070613,21.9612556908575,975442.891711875,1439.14866203511
2026-07-27 15:47:18,352.154513364034,22.1051303396841,971144.551716551,1428.41798336949
2026-07-27 15:47:19,352.50395765786,22.2491477547796,966878.595180046,1417.54254690726
2026-07-27 15:47:20,352.85718176832,22.3932838597798,962645.460138084,1406.52093736134
2026-07-27 15:47:21,353.214222088449,22.5375137355623,958445.586967266,1395.35172970606
2026-07-27 15:47:22,353.575114680129,22.6818115391701,954279.420248397,1384.03351826973
2026-07-27 15:47:23,353.939895197763,22.8261504851592,950147.40876289,1372.56491968354
2026-07-27 15:47:24,354.3085988537,22.970502830312,946050.005399412,1360.94457451204
2026-07-27 15:47:25,354.68125940396,23.114839811572,941987.668381392,1349.17118030935
2026-07-27 15:47:26,355.057912933707,23.2591318192412,937960.855908656,1337.24337077797
2026-07-27 15:47:27,355.438592073833,23.40334809703,933970.034102762,1325.15990159741
2026-07-27 15:47:28,355.823329729159,23.5474569207047,930015.671501153,1312.91953156843
2026-07-27 15:47:29,356.212158113166,23.6914255384829,926098.240286111,1300.52105401835
2026-07-27 15:47:30,356.605108655706,23.835220158119,922218.216213286,1287.9633002796
2026-07-27 15:47:31,357.00221195436,23.9788059369577,918376.078479918,1275.24514175562
2026-07-27 15:47:32,357.403497701917,24.1221469723361,914572.309607091,1262.36549275105
2026-07-27 15:47:33,357.808993629359,24.2652062737433,910807.395823642,1249.32334546911
2026-07-27 15:47:34,358.21872945225,24.407945839934,907081.824726253,1236.11764155142
2026-07-27 15:47:35,358.63273074938,24.550326521423,903396.08860267,1222.74747233175
2026-07-27 15:47:36,359.051022945772,24.6923081088227,899750.681848268,1209.21194929917
2026-07-27 15:47:37,359.473630205941,24.833849306338,896146.101442369,1195.51024058514
2026-07-27 15:47:38,359.900575356975,24.9749077314512,892582.846770619,1181.64157385138
2026-07-27 15:47:39,0.331879835864039,25.1154399163727,889061.419440712,1167.60523835265
2026-07-27 15:47:40,0.76756251944055,25.2554013187087,885582.322909786,1153.40062405056
2026-07-27 15:47:41,1.20764389723667,25.3947463012418,882146.062919583,1139.0270834492
2026-07-27 15:47:42,1.65213962812052,25.5334281714808,878753.146490724,1124.48414545748
2026-07-27 15:47:43,2.10106468074676,25.671399174523,875404.082127502,1109.77137839256
2026-07-27 15:47:44,2.55443222436967,25.8086105078085,872099.379526397,1094.88842687856
2026-07-27 15:47:45,3.01225348138622,25.9450123368767,868839.549313714,1079.83501688533
2026-07-27 15:47:46,3.47453769452257,26.0805538115039,865625.102827372,1064.61095690222
2026-07-27 15:47:47,3.9412909073988,26.2151831265288,862456.550905055,1049.21617902458
2026-07-27 15:47:48,4.41252025084152,26.3488473892197,859334.40726667,1033.65059461587
2026-07-27 15:47:49,4.8882273336201,26.4814928691278,856259.182969498,1017.91431666007
2026-07-27 15:47:50,5.36841244157212,26.6130648841645,853231.389484681,1002.00751843417
2026-07-27 15:47:51,5.85307344566254,26.7435078635065,850251.537667805,985.930470059895
2026-07-27 15:47:52,6.34220562731704,26.8727653862632,847320.137370741,969.68354421111
2026-07-27 15:47:53,6.83580164807722,27.0007802164054,844437.697204266,953.26721689084
2026-07-27 15:47:54,7.33385141845981,27.1274943462422,841604.724171967,936.682071584401
2026-07-27 15:47:55,7.83634090244926,27.2528491231105,838821.721533597,919.928839831676
2026-07-27 15:47:56,8.34325654219051,27.3767849691653,836089.195734671,903.008249384713
2026-07-27 15:47:57,8.85457836414982,27.4992419193872,833407.645279538,885.921259578861
2026-07-27 15:47:58,9.37028447750887,27.6201593538654,830777.567544698,868.668907038369
2026-07-27 15:47:59,9.89034978325593,27.7394761403969,828199.456550767,851.252349277856
2026-07-27 15:48:00,10.4147459567314,27.8571306909172,825673.802715858,833.672864723624
2026-07-27 15:48:01,10.9434413355345,27.97306102963,823201.092422603,815.931855954921
2026-07-27 15:48:02,11.4763996853862,28.0872049891911,820781.804952879,798.030891887366
2026-07-27 15:48:03,12.0135848023543,28.1994997757937,818416.422812865,779.971547359852
2026-07-27 15:48:04,12.5549534375908,28.3098827953308,816105.41546066,761.755647833191
2026-07-27 15:48:05,13.1004599156276,28.4182912365227,813849.249410367,743.385108532292
2026-07-27 15:48:06,13.6500549211227,28.524662272832,811648.38528173,724.861975724741
2026-07-27 15:48:07,14.2036853998633,28.6289331530789,809503.277276253,706.188429393814
2026-07-27 15:48:08,14.7612945750048,28.7310412808689,807414.372940628,687.366781876042
2026-07-27 15:48:09,15.3228218505555,28.8309243123804,805382.112605549,668.39948044165
2026-07-27 15:48:10,15.8882016767607,28.9285204207964,803406.925523688,649.289146527139
2026-07-27 15:48:11,16.4573681263086,29.0237676836269,801489.243729953,630.038413569119
2026-07-27 15:48:12,17.030247917165,29.1166052389684,799629.480252224,610.650172127405
2026-07-27 15:48:13,17.606765080024,29.2069726790744,797828.042965052,591.127404702236
2026-07-27 15:48:14,18.1868397389194,29.2948103335179,796085.330493115,571.47322794208
2026-07-27 15:48:15,18.7703881801446,29.3800593605273,794401.732021272,551.69088949621
2026-07-27 15:48:16,19.3573228103437,29.4626618601116,792777.626696956,531.783768838722
2026-07-27 15:48:17,19.9475510810246,29.542561197705,791213.378957713,511.755415158072
2026-07-27 15:48:18,20.5409801191468,29.61970120052,789709.355839619,491.609381137905
2026-07-27 15:48:19,21.1375098162477,29.6940276235104,788265.900023601,471.349469542293
2026-07-27 15:48:20,21.7370375580775,29.7654873451923,786883.347203331,450.97956374678
2026-07-27 15:48:21,22.339457070432,29.8340287065927,785562.021116118,430.503668587633
2026-07-27 15:48:22,22.9446585510963,29.8996016012947,784302.23342572,409.925905317793
2026-07-27 15:48:23,23.5525287185164,29.9621575841711,783104.28322862,389.250509632092
2026-07-27 15:48:24,24.162949756886,30.0216502554132,781968.45131776,368.481869900611
2026-07-27 15:48:25,24.7758040487796,30.0780342212781,780895.021440932,347.624355227795
2026-07-27 15:48:26,25.3909673521657,30.131266879915,779884.247850949,326.682563203866
2026-07-27 15:48:27,26.0083135433524,30.1813073957961,778936.376262529,305.661147950174
2026-07-27 15:48:28,26.627713607125,30.2281170627673,778051.638344395,284.564856952837
2026-07-27 15:48:29,27.249035757076,30.2716593952688,777230.251333985,263.398527008142
2026-07-27 15:48:30,27.8721456151277,30.3119002018905,776472.417924925,242.167078086298
2026-07-27 15:48:31,28.4969063308587,30.3488076740244,775778.325806765,220.875509492547
2026-07-27 15:48:32,29.1231776974765,30.382352784391,775148.141370602,199.528933315793
2026-07-27 15:48:33,29.750820713002,30.4125080074851,774582.034576476,178.132406268936
2026-07-27 15:48:34,30.3796911217053,30.4392494075217,774080.141030433,156.691169540611
2026-07-27 15:48:35,31.0096440596503,30.4625553449129,773642.586969725,135.210477875188
2026-07-27 15:48:36,31.640533114972,30.482406869236,773269.48272954,113.695635269156
2026-07-27 15:48:37,32.2722105561191,30.4987877549962,772960.922774063,92.1519875416545
2026-07-27 15:48:38,32.9045274984569,30.5116845535974,772716.98533103,70.5849172643553
2026-07-27 15:48:39,33.5373331094112,30.5210869977407,772537.725418313,48.9998750779671
2026-07-27 15:48:40,34.1704790123179,30.5269864871346,772423.203211197,27.4022147871684
2026-07-27 15:48:41,34.8038131512946,30.5293784255221,772373.441156799,5.79742609173548
2026-07-27 15:48:42,35.4371842717626,30.5282606860604,772388.452515604,-15.809032925464
2026-07-27 15:48:43,36.0704410520721,30.5236340087188,772468.234096888,-37.411701728317
2026-07-27 15:48:44,36.703432347819,30.5155019883539,772612.766451763,-59.0051251782791
2026-07-27 15:48:45,37.3360073727584,30.5038710812059,772822.013619671,-80.5838589731871
2026-07-27 15:48:46,37.9680159688803,30.488750567209,773095.92358547,-102.142478518413
2026-07-27 15:48:47,38.5993077747232,30.4701529945122,773434.419702679,-123.675545202177
2026-07-27 15:48:48,39.2297364321404,30.4480923734836,773837.433683844,-145.177767660235
2026-07-27 15:48:49,39.8591538481362,30.4225867715792,774304.857020533,-166.643778510421
2026-07-27 15:48:50,40.4874143369005,30.3936565399447,774836.573155614,-188.068292966634
2026-07-27 15:48:51,41.1143738587794,30.361324684383,775432.44987964,-209.446078173176
2026-07-27 15:48:52,41.7398901967674,30.3256168190092,776092.339356766,-230.771958782886
2026-07-27 15:48:53,42.3638231429516,30.2865611068846,776816.078304959,-252.040823002041
2026-07-27 15:48:54,42.9860337783758,30.2441886681656,777603.479328593,-273.247592727242
2026-07-27 15:48:55,43.6063882831337,30.1985316082784,778454.366765807,-294.387373553025
2026-07-27 15:48:56,44.2247526018145,30.1496258014941,779368.523403653,-315.455242280995
2026-07-27 15:48:57,44.8409963055849,30.0975088953469,780345.726590142,-336.446398933346
2026-07-27 15:48:58,45.4549917780429,30.0422207222033,781385.739240232,-357.356133719804
2026-07-27 15:48:59,46.0666143754007,29.9838032000867,782488.310341932,-378.179832685675
2026-07-27 15:49:00,46.6757425476405,29.9223002462182,783653.175172894,-398.912981921366
2026-07-27 15:49:01,47.2822579689984,29.8577576764854,784880.055740032,-419.551172275318
2026-07-27 15:49:02,47.8860448100781,29.790223634691,786168.651007029,-440.090068969663
2026-07-27 15:49:03,48.4869931257631,29.7197464387412,787518.676665758,-460.525550163192
2026-07-27 15:49:04,49.0849940207749,29.6463775408059,788929.806800478,-480.853508671926
2026-07-27 15:49:05,49.6799430088711,29.5701693979802,790401.713074781,-501.069989313178
2026-07-27 15:49:06,50.2717392751174,29.4911758645557,791934.055615227,-521.171158777827
2026-07-27 15:49:07,50.8602857093361,29.4094521055135,793526.483044092,-541.153307112587
2026-07-27 15:49:08,51.4454889871414,29.3250544707287,795178.633276352,-561.01285130832
2026-07-27 15:49:09,52.0272588556802,29.2380409429256,796890.122978314,-580.746305272014
2026-07-27 15:49:10,52.6055110881264,29.1484688994759,798660.590140322,-600.350405554281
2026-07-27 15:49:11,53.1801631270666,29.0563981869641,800489.631727489,-619.821927312056
2026-07-27 15:49:12,53.7511370165299,28.9618889107258,802376.845646181,-639.157808982423
2026-07-27 15:49:13,54.318358677309,28.8650018560779,804321.820852605,-658.355122383448
2026-07-27 15:49:14,54.8817578998047,28.7657983900891,806324.137724479,-677.411073217002
2026-07-27 15:49:15,55.4412683307652,28.6643403636471,808383.368462915,-696.323001393055
2026-07-27 15:49:16,55.9968268220454,28.5606905566307,810499.066382197,-715.08835325347
2026-07-27 15:49:17,56.5483759383963,28.4549104190749,812670.810711265,-733.7047932689
2026-07-27 15:49:18,57.09586009088,28.3470632327832,814898.140382575,-752.170034858505
2026-07-27 15:49:19,57.639228079551,28.2372118401159,817180.599065618,-770.48195342203
2026-07-27 15:49:20,58.178432375054,28.1254191220907,819517.724040498,-788.638556011672
2026-07-27 15:49:21,58.7134290803905,28.0117479018864,821909.046870996,-806.637980939199
2026-07-27 15:49:22,59.2441778672382,27.8962608693478,824354.093702095,-824.478496283628
2026-07-27 15:49:23,59.7706419199169,27.7790204966424,826852.385807048,-842.15849878028
2026-07-27 15:49:24,60.2927873263906,27.6600895222293,829403.427940893,-859.676486980278
2026-07-27 15:49:25,60.8105851338051,27.5395286981446,832006.755735193,-877.031158422201
2026-07-27 15:49:26,61.3240080847899,27.4173999744816,834661.866136797,-894.221259631323
2026-07-27 15:49:27,61.8330326632551,27.2937642817355,837368.264029527,-911.245682498082
2026-07-27 15:49:28,62.3376384858505,27.1686820013966,840125.451218205,-928.103437669693
2026-07-27 15:49:29,62.837808213518,27.0422129138295,842932.92668265,-944.793651988692
2026-07-27 15:49:30,63.3335274715016,26.9144161376329,845790.187089354,-961.31556632677
2026-07-27 15:49:31,63.8247843083011,26.7853506329465,848696.714601175,-977.668510674161
2026-07-27 15:49:32,64.3115708887198,26.6550729896203,851652.026182837,-993.851989205535
2026-07-27 15:49:33,64.7938807303741,26.5236406115806,854655.601059543,-1009.86554626205
2026-07-27 15:49:34,65.2717103950344,26.3911095380468,857706.929235371,-1025.70885089206
2026-07-27 15:49:35,65.7450589543928,26.2575349342617,860805.499940376,-1041.38167234736
2026-07-27 15:49:36,66.2139278954653,26.1229710612152,863950.801858739,-1056.88387703103
2026-07-27 15:49:37,66.6783210284431,25.9874712454948,867142.323415512,-1072.21542552308
2026-07-27 15:49:38,67.1382443948366,25.851087852154,870379.553054576,-1087.37636957359
2026-07-27 15:49:39,67.5937058267726,25.71387278714,873661.96682966,-1102.36683038698
2026-07-27 15:49:40,68.0447162623804,25.5758753705573,876989.079248518,-1117.18707056651
2026-07-27 15:49:41,68.4912875362852,25.4371454700847,880360.367942573,-1131.83737832433
2026-07-27 15:49:42,68.9334337046265,25.2977313979291,883775.323850748,-1146.31813938637
2026-07-27 15:49:43,69.3711706141016,25.1576803996359,887233.439465962,-1160.62981579759
2026-07-27 15:49:44,69.804515804798,25.0170386605073,890734.208633768,-1174.77294227849
2026-07-27 15:49:45,70.2334884300665,24.8758512897116,894277.126943338,-1188.74812344886
2026-07-27 15:49:46,70.6581088956238,24.7341628275745,897861.67885353,-1202.5560145523
2026-07-27 15:49:47,71.0783998943085,24.5920151926693,901487.389942291,-1216.19738363006
2026-07-27 15:49:48,71.4943846420634,24.449450747316,905153.749304096,-1229.67301062101
2026-07-27 15:49:49,71.9060879250788,24.3065102652699,908860.26113973,-1242.98374962472
2026-07-27 15:49:50,72.313535750451,24.1632334222126,912606.43258498,-1256.1305102688
2026-07-27 15:49:51,72.7167552637743,24.019658815723,916391.773435317,-1269.11425437508
2026-07-27 15:49:52,73.1157746810942,23.8758239628663,920215.796481156,-1281.9359934147
2026-07-27 15:49:53,73.5106230070044,23.7317658028313,924078.00425579,-1294.59677178253
2026-07-27 15:49:54,73.9013308211492,23.5875187241188,927977.942496393,-1307.09772026045
2026-07-27 15:49:55,74.2879289215086,23.4431175408395,931915.120534792,-1319.4399689769
2026-07-27 15:49:56,74.6704491272073,23.2985955308836,935889.064287538,-1331.62470122147
2026-07-27 15:49:57,75.0489240016064,23.1539849337074,939899.30334816,-1343.65313699863
2026-07-27 15:49:58,75.4233867926557,23.0093169638158,943945.371056747,-1355.52653057408
2026-07-27 15:49:59,75.7938713737762,22.8646218304081,948026.804411533,-1367.24616795709
2026-07-27 15:50:00,76.1604121938446,22.7199287378638,952143.144536512,-1378.81336496659
2026-07-27 15:50:01,76.5230440737521,22.5752663895184,956293.922648435,-1390.22945294472
2026-07-27 15:50:02,76.8818027505118,22.4306610900174,960478.715259434,-1401.49582396171
2026-07-27 15:50:03,77.2367239289258,22.2861396235543,964697.061937635,-1412.6138575895
2026-07-27 15:50:04,77.5878438394233,22.1417273713324,968948.519857276,-1423.58496630841
2026-07-27 15:50:05,77.9351990471214,21.9974487799492,973232.650951673,-1434.41058220959
2026-07-27 15:50:06,78.278826400423,21.8533274110018,977549.021015738,-1445.09215435565
2026-07-27 15:50:07,78.6187629971514,21.7093859329932,981897.200518182,-1455.63114757526
2026-07-27 15:50:08,78.95504604734,21.5656466076674,986276.750294217,-1466.02903049365
2026-07-27 15:50:09,79.2877132218159,21.4221294893958,990687.277239394,-1476.28731367623
2026-07-27 15:50:10,79.6168020320665,21.2788551591072,995128.351424507,-1486.40748830692
2026-07-27 15:50:11,79.9423501896289,21.1358429494836,999599.560756321,-1496.39106426754
2026-07-27 15:50:12,80.2643954794709,20.9931113846974,1004100.49822119,-1506.23955928073
2026-07-27 15:50:13,80.5829757246759,20.8506782263972,1008630.76105502,-1515.95449691417
2026-07-27 15:50:14,80.8981287599946,20.7085604800346,1013189.95114599,-1525.53740548308
2026-07-27 15:50:15,81.2098924039401,20.566774418433,1017777.67489145,-1534.98981665453
2026-07-27 15:50:16,81.5183043905053,20.4253360203082,1022393.52941082,-1544.31325631587
2026-07-27 15:50:17,81.8234025239115,20.28425928012,1027037.15856575,-1553.50927567282
2026-07-27 15:50:18,82.1252243761274,20.1435588143034,1031708.16831088,-1562.57940100848
2026-07-27 15:50:19,82.4238074594984,20.0032481317213,1036406.18375255,-1571.52516593717
2026-07-27 15:50:20,82.7191891546984,19.8633401078751,1041130.83427803,-1580.34810166454
2026-07-27 15:50:21,83.0114066926795,19.7238469910866,1045881.75393879,-1589.04973624112
2026-07-27 15:50:22,83.3004971365783,19.5847804215162,1050658.58140091,-1597.63159362422
2026-07-27 15:50:23,83.5864973595516,19.4461518646256,1055460.94543226,-1606.0951859865
2026-07-27 15:50:24,83.8694440553627,19.3079709724196,1060288.52250706,-1614.44204021251
2026-07-27 15:50:25,84.1493736767104,19.1702480861613,1065140.95048547,-1622.67365593303
2026-07-27 15:50:26,84.4263224581844,19.0329925935859,1070017.88609319,-1630.79153244282
2026-07-27 15:50:27,84.7003263928802,18.8962133542011,1074918.99077735,-1638.79716116486
2026-07-27 15:50:28,84.9714212210566,18.7599187333165,1079843.93004625,-1646.69202473532
2026-07-27 15:50:29,85.23964241873,18.6241165980892,1084792.37415738,-1654.47759670994
2026-07-27 15:50:30,85.5050251881049,18.4888143475554,1089763.99757216,-1662.15534078431
2026-07-27 15:50:31,85.7676044805231,18.3540193034235,1094758.46491786,-1669.72670506528
2026-07-27 15:50:32,86.0274148620241,18.2197371890081,1099775.48812698,-1677.1931430245
2026-07-27 15:50:33,86.2844906885834,18.0859744615513,1104814.74033265,-1684.55608051782
2026-07-27 15:50:34,86.5388659805026,17.9527367689399,1109875.91357192,-1691.81693734071
2026-07-27 15:50:35,86.7905744462167,17.8200293697935,1114958.70372029,-1698.97712109501
2026-07-27 15:50:36,87.0396494743952,17.6878571283194,1120062.81117477,-1706.03802708135
2026-07-27 15:50:37,87.2861241304073,17.5562245414032,1125187.94029621,-1713.00103779395
2026-07-27 15:50:38,87.5300312116205,17.4251361086502,1130333.78526303,-1719.86751839804
2026-07-27 15:50:39,87.771403003373,17.2945948849236,1135500.08761,-1726.63883385913
2026-07-27 15:50:40,88.0102716310002,17.1646046959976,1140686.54949919,-1733.31632228424
2026-07-27 15:50:41,88.2466688218354,17.0351686699119,1145892.89183361,-1739.90131255087
2026-07-27 15:50:42,88.4806259631768,16.9062896347847,1151118.83907643,-1746.39511943921
2026-07-27 15:50:43,88.7121740966323,16.7779701123525,1156364.11993378,-1752.79904365755
2026-07-27 15:50:44,88.94134391847,16.650212340224,1161628.466869,-1759.11437156316
2026-07-27 15:50:45,89.1681658647397,16.5230186327341,1166911.60142821,-1765.34237154563
2026-07-27 15:50:46,89.3926697656371,16.3963899793011,1172213.29311301,-1771.48430806703
2026-07-27 15:50:47,89.6148853570432,16.2703281779272,1177533.27093803,-1777.54142014614
2026-07-27 15:50:48,89.8348419396482,16.1448344183429,1182871.28268612,-1783.51493575927
2026-07-27 15:50:49,90.052568467211,16.0199096644192,1188227.07939469,-1789.40606797967
2026-07-27 15:50:50,90.2680935432448,15.8955546502462,1193600.4158772,-1795.21601505713
2026-07-27 15:50:51,90.4814454216546,15.7717698903638,1198991.05063917,-1800.9459603712
2026-07-27 15:50:52,90.6926520106148,15.6485556988953,1204398.74538667,-1806.5970723238
2026-07-27 15:50:53,90.9017409784986,15.5259125100081,1209823.25109013,-1812.17050186036
2026-07-27 15:50:54,91.108739322268,15.4038395855587,1215264.36573063,-1817.66739289864
2026-07-27 15:50:55,91.3136740193175,15.282336994923,1220721.84682929,-1823.08886642266
2026-07-27 15:50:56,91.516571594646,15.161404295393,1226195.47015244,-1828.43603130968
2026-07-27 15:50:57,91.7174582354075,15.0410408859726,1231685.01436215,-1833.70998154166
2026-07-27 15:50:58,91.9163597866829,14.9212459977015,1237190.26174407,-1838.91179638008
2026-07-27 15:50:59,92.1133017595491,14.8020187167979,1242710.99743098,-1844.04254030983
2026-07-27 15:51:00,92.3083094550825,14.6833582872776,1248246.99546188,-1849.10326124021
2026-07-27 15:51:01,92.5014074620204,14.5652628803586,1253798.07672151,-1854.09499848584
2026-07-27 15:51:02,92.6926204190837,14.4477314763621,1259364.02117735,-1859.01877075492
2026-07-27 15:51:03,92.8819725092653,14.3307626083105,1264944.62678547,-1863.87558444925
2026-07-27 15:51:04,93.0694875945867,14.2143546972406,1270539.69408936,-1868.66643160764
2026-07-27 15:51:05,93.2551892118504,14.0985060417839,1276149.02695276,-1873.39229010245
2026-07-27 15:51:06,93.4391005823273,13.9832148390258,1281772.43178258,-1878.05412366178
2026-07-27 15:51:07,93.6212446069785,13.8684791731393,1287409.71830289,-1882.65288207079
2026-07-27 15:51:08,93.8016440239894,13.7542973343933,1293060.68390502,-1887.18949982849
2026-07-27 15:51:09,93.9803208235881,13.6406666263242,1298725.17313721,-1891.66490187526
2026-07-27 15:51:10,94.1572971216069,13.5275851518517,1304402.98929179,-1896.07999529537
2026-07-27 15:51:11,94.332594589745,13.415050639055,1310093.95274368,-1900.43567508424
2026-07-27 15:51:12,94.506234597742,13.3030607333794,1315797.88669438,-1904.73282288746
2026-07-27 15:51:13,94.6782382169867,13.1916130028973,1321514.61709154,-1908.97230712992
2026-07-27 15:51:14,94.8486262281098,13.0807049504728,1327243.97218011,-1913.15498312406
2026-07-27 15:51:15,95.0174192778385,12.9703342889573,1332985.76826141,-1917.28169233953
2026-07-27 15:51:16,95.184637250749,12.8604978227415,1338739.86830149,-1921.35326622395
2026-07-27 15:51:17,95.3503002228175,12.7511931478317,1344506.09341488,-1925.3705207035
2026-07-27 15:51:18,95.5144278306459,12.6424175182098,1350284.28204157,-1929.33426016762
2026-07-27 15:51:19,95.6770394357586,12.5341681389512,1356074.27485048,-1933.2452766271
2026-07-27 15:51:20,95.8381541239291,12.4264421626565,1361875.91507151,-1937.10434988182
2026-07-27 15:51:21,95.9977907141156,12.3192367018077,1367689.04796765,-1940.91224764773
2026-07-27 15:51:22,96.1559677549167,12.2125488205041,1373513.52141308,-1944.669725734
2026-07-27 15:51:23,96.3127037078387,12.1063758169871,1379349.1704113,-1948.37752769781
2026-07-27 15:51:24,96.4680162560845,12.0007141442238,1385195.87679729,-1952.03638694794
2026-07-27 15:51:25,96.6219233410752,11.8955610282466,1391053.48017273,-1955.64702391419
2026-07-27 15:51:26,96.7744424817679,11.7909133968817,1396921.83695039,-1959.21014823043
2026-07-27 15:51:27,96.9255909450324,11.6867681457211,1402800.80585861,-1962.7264583737
2026-07-27 15:51:28,97.075385754888,11.5831221492718,1408690.24741658,-1966.19664180532
2026-07-27 15:51:29,97.2238436889582,11.4799722531614,1414590.02447482,-1969.62137513391
2026-07-27 15:51:30,97.3709814691423,11.3773155398336,1420499.98693478,-1973.00132411527
2026-07-27 15:51:31,97.5168150365314,11.2751483040834,1426420.0310711,-1976.33714442065
2026-07-27 15:51:32,97.6613606408976,11.1734675910692,1432350.0108382,-1979.62948080121
2026-07-27 15:51:33,97.8046341236293,11.0722701761812,1438289.79674187,-1982.87896793677
2026-07-27 15:51:34,97.9466510970183,10.9715528178112,1444239.26138042,-1986.08623039966
2026-07-27 15:51:35,98.0874269531154,10.8713122668137,1450198.27896377,-1989.25188280161
2026-07-27 15:51:36,98.2269768622947,10.7715452619792,1456166.72565268,-1992.37652994133
2026-07-27 15:51:37,98.3653159669805,10.6722487768036,1462144.46469085,-1995.46076708567
2026-07-27 15:51:38,98.5024586275478,10.5734190448182,1468131.40540329,-1998.50517960521
2026-07-27 15:51:39,98.6384195638637,10.4750530331935,1474127.41429897,-2001.51034382971
2026-07-27 15:51:40,98.773213094312,10.3771474533995,1480132.3747673,-2004.47682674803
2026-07-27 15:51:41,98.9068533363174,10.2796990192492,1486146.17159703,-2007.40518625664
2026-07-27 15:51:42,99.0393542045725,10.1827044421802,1492168.69131778,-2010.295971295
2026-07-27 15:51:43,99.1707294156201,10.0861604345092,1498199.82205101,-2013.14972198613
2026-07-27 15:51:44,99.3009924880636,9.99006370738825,1504239.45368819,-2015.96696976883
2026-07-27 15:51:45,99.4301569488966,9.89441121105175,1510287.46266419,-2018.74823794904
2026-07-27 15:51:46,99.5582355409703,9.79919919897001,1516343.77142545,-2021.49404023304
2026-07-27 15:51:47,99.685241409396,9.70442462670779,1522408.25977752,-2024.20488320032
2026-07-27 15:51:48,99.8111873211517,9.61008422542992,1528480.82357789,-2026.88126491608
2026-07-27 15:51:49,99.9360858605282,9.51617473170665,1534561.3602469,-2029.52367542675
2026-07-27 15:51:50,100.059949433529,9.42269289032471,1540649.76862147,-2032.13259689226
2026-07-27 15:51:51,100.182790267763,9.32963545202531,1546745.94913609,-2034.70850370497
2026-07-27 15:51:52,100.304620625078,9.23699940421957,1552849.788569,-2037.25186323657
2026-07-27 15:51:53,100.425451982439,9.1447810702241,1558961.21967526,-2039.7631335484
2026-07-27 15:51:54,100.545296258978,9.05297745649875,1565080.13218977,-2042.24276707426
2026-07-27 15:51:55,100.664165006798,8.96158535846792,1571206.43185069,-2044.69120840481
2026-07-27 15:51:56,100.782069611966,8.87060158065525,1577340.02592276,-2047.10889497001
2026-07-27 15:51:57,100.899021303289,8.78002294399166,1583480.82272637,-2049.49625717697
2026-07-27 15:51:58,101.015031149049,8.68984628034867,1589628.73202513,-2051.85371850649
2026-07-27 15:51:59,101.130110062287,8.60006843612157,1595783.66480143,-2054.18169563673
2026-07-27 15:52:00,101.244269011988,8.51068648509653,1601945.51851316,-2056.48059934937
2026-07-27 15:52:01,101.357518189743,8.42169687716164,1608114.23604875,-2058.75083148336
2026-07-27 15:52:02,101.469868261747,8.33309671533483,1614289.71744614,-2060.99278973582
2026-07-27 15:52:03,101.581329542487,8.24488290786811,1620471.87844453,-2063.20686467894
2026-07-27 15:52:04,101.69191220107,8.15705237811215,1626660.63602616,-2065.39344062188
2026-07-27 15:52:05,101.801626264614,8.06960206608105,1632855.90831622,-2067.55289571979
2026-07-27 15:52:06,101.910481620433,7.98252892881535,1639057.61456472,-2069.68560207669
2026-07-27 15:52:07,102.018488231608,7.89583014549347,1645265.66038281,-2071.79192678294
2026-07-27 15:52:08,102.125655287136,7.8095022986916,1651479.99662772,-2073.87222829393
2026-07-27 15:52:09,102.23199247823,7.72354260212888,1657700.53123175,-2075.92686206917
2026-07-27 15:52:10,102.337509155393,7.63794808528301,1663927.18768475,-2077.95617701139
2026-07-27 15:52:11,102.442214538587,7.55271579501613,1670159.89059567,-2079.9605164583
2026-07-27 15:52:12,102.546117721027,7.46784279749077,1676398.56555403,-2081.94021828454
2026-07-27 15:52:13,102.649227668142,7.38332617563291,1682643.13931728,-2083.89561497962
2026-07-27 15:52:14,102.751553442321,7.29916323200649,1688893.52466277,-2085.82703482244
2026-07-27 15:52:15,102.8531033332,7.21535069489221,1695149.67959871,-2087.7347977424
2026-07-27 15:52:16,102.953886156702,7.13188590240625,1701411.51915655,-2089.6192216799
2026-07-27 15:52:17,103.053910400577,7.04876601955784,1707678.97362986,-2091.48061854627
2026-07-27 15:52:18,103.153184431753,6.96598822682905,1713951.9745662,-2093.31929529475
2026-07-27 15:52:19,103.25171650596,6.8835497273272,1720230.45422212,-2095.13555404317
2026-07-27 15:52:20,103.349514763449,6.80144774152805,1726514.34595667,-2096.92969212562
2026-07-27 15:52:21,103.446587237391,6.71967951323706,1732803.58376859,-2098.7020022076
2026-07-27 15:52:22,103.542942070732,6.6382424944928,1739098.08791134,-2100.4527735101
2026-07-27 15:52:23,103.638586635796,6.55713358622479,1745397.82383563,-2102.18228721025
2026-07-27 15:52:24,103.733528863366,6.47635028314819,1751702.71340973,-2103.89082354016
2026-07-27 15:52:25,103.827776360552,6.39588991026655,1758012.69403362,-2105.57865719949
2026-07-27 15:52:26,103.921336627109,6.3157498088896,1764327.70424921,-2107.24605855861
2026-07-27 15:52:27,104.014217066195,6.23592734441231,1770647.6831183,-2108.89329378186
2026-07-27 15:52:28,104.106424980417,6.15641990167694,1776972.57057571,-2110.52062486945
2026-07-27 15:52:29,104.197967796807,6.07722506858053,1783302.29266329,-2112.12831098709
2026-07-27 15:52:30,104.288852180278,5.99833990543758,1789636.82016992,-2113.71660354034
2026-07-27 15:52:31,104.379085364582,5.9197620405226,1795976.08077814,-2115.28575370695
2026-07-27 15:52:32,104.468674273077,5.84148894313319,1802320.01726481,-2116.83600756936
2026-07-27 15:52:33,104.557625731,5.76351809800693,1808668.57354523,-2118.36760735875
2026-07-27 15:52:34,104.645946477356,5.68584701380906,1815021.69397063,-2119.88079157962
2026-07-27 15:52:35,104.733643160753,5.60847321858376,1821379.32368334,-2121.37579504191
2026-07-27 15:52:36,104.820722343227,5.53139426169913,1827741.40844273,-2122.85284893779
2026-07-27 15:52:37,104.907190720288,5.45460788501139,1834107.88033892,-2124.31218220167
2026-07-27 15:52:38,104.993054234629,5.37811132684002,1840478.71574227,-2125.75401630877
2026-07-27 15:52:39,105.078319417485,5.30190237419167,1846853.84775809,-2127.17857326707
2026-07-27 15:52:40,105.162992488473,5.22597865385894,1853233.22511805,-2128.58607034701
2026-07-27 15:52:41,105.247079590231,5.15033781606622,1859616.79691624,-2129.97672151694
2026-07-27 15:52:42,105.330586784047,5.07497753003824,1866004.51296441,-2131.35073746594
2026-07-27 15:52:43,105.41352005232,4.99989548488686,1872396.32370122,-2132.70832566667
2026-07-27 15:52:44,105.495885526041,4.92508955998116,1878792.16552933,-2134.049691822
2026-07-27 15:52:45,105.577688580343,4.85055714180893,1885192.0194634,-2135.37503435235
2026-07-27 15:52:46,105.658935195389,4.7762961508065,1891595.82302753,-2136.68455279574
2026-07-27 15:52:47,105.739631050364,4.70230435522434,1898003.52903319,-2137.97844229682
2026-07-27 15:52:48,105.819781747573,4.62857953996308,1904415.09111511,-2139.25689502264
2026-07-27 15:52:49,105.899392823551,4.55511951390359,1910830.46307512,-2140.52010027483
2026-07-27 15:52:50,105.978469738881,4.48192210144077,1917249.59960216,-2141.76824446823
2026-07-27 15:52:51,106.057017887393,4.40898514839926,1923672.45573753,-2143.00151122972
2026-07-27 15:52:52,106.13504281842,4.33630668176006,1930098.97265187,-2144.22008285237
2026-07-27 15:52:53,106.212549334294,4.2638842556654,1936529.13571339,-2145.42413460161
2026-07-27 15:52:54,106.289542853378,4.19171593822558,1942962.88691441,-2146.61384340559
2026-07-27 15:52:55,106.366028495205,4.11979964700006,1949400.1837559,-2147.78938209196
2026-07-27 15:52:56,106.442011321402,4.04813332305368,1955840.98380931,-2148.95092095258
2026-07-27 15:52:57,106.517496324689,3.97671492228687,1962285.24547552,-2150.09862771
2026-07-27 15:52:58,106.59248843801,3.90554242114333,1968732.92745283,-2151.2326676124
2026-07-27 15:52:59,106.66699275739,3.83461397156448,1975183.97454454,-2152.35320491962
2026-07-27 15:53:00,106.741013636345,3.76392726649515,1981638.37560612,-2153.46039704931
2026-07-27 15:53:01,106.81455605334,3.69348049718663,1988096.0761565,-2154.55440349662
2026-07-27 15:53:02,106.887624694368,3.62327170898232,1994557.03709946,-2155.63537991098
2026-07-27 15:53:03,106.960224191419,3.55329896796867,2001021.21952042,-2156.70347967675
2026-07-27 15:53:04,107.032359117656,3.48356035690647,2007488.58504141,-2157.75885391407
2026-07-27 15:53:05,107.104033988891,3.41405397554194,2013959.09577465,-2158.80165152036
2026-07-27 15:53:06,107.175253496292,3.34477809756622,2020432.69955791,-2159.83202074483
2026-07-27 15:53:07,107.246021585433,3.27573054536736,2026909.38862186,-2160.85010311481
2026-07-27 15:53:08,107.316342839337,3.20690962829855,2033389.11158596,-2161.85604262745
2026-07-27 15:53:09,107.386221552575,3.13831351275579,2039871.83245749,-2162.84997964954
2026-07-27 15:53:10,107.455661970795,3.06994038445633,2046357.5154199,-2163.83205253145
2026-07-27 15:53:11,107.524668288975,3.00178844657122,2052846.12498817,-2164.80239762414
2026-07-27 15:53:12,107.593244646476,2.93385591581266,2059337.62636446,-2165.76114927392
2026-07-27 15:53:13,107.661395137265,2.86614102860656,2065831.98482924,-2166.70843991832
2026-07-27 15:53:14,107.729124029547,2.7986421842961,2072329.15185849,-2167.64440159621
2026-07-27 15:53:15,107.79643485992,2.73135735051022,2078829.12260044,-2168.56915986135
2026-07-27 15:53:16,107.863331802416,2.66428496129773,2085331.84909695,-2169.48284304206
2026-07-27 15:53:17,107.929818750674,2.59742331342194,2091837.29853259,-2170.38557607926
2026-07-27 15:53:18,107.995899557729,2.53077072344245,2098345.43806288,-2171.27748216751
2026-07-27 15:53:19,108.061578025301,2.46432552018264,2104856.23553066,-2172.15868270693
2026-07-27 15:53:20,108.126857912041,2.39808604951817,2111369.6589799,-2173.02929738325
2026-07-27 15:53:21,108.191743159472,2.33205081783017,2117885.66240356,-2173.88944573654
2026-07-27 15:53:22,108.25623697946,2.26621790919134,2124404.24349242,-2174.73924094711
2026-07-27 15:53:23,108.320343226807,2.200585861499,2130925.35685219,-2175.5787992363
2026-07-27 15:53:24,108.384065480376,2.13515307853612,2137448.97216184,-2176.40823361335
2026-07-27 15:53:25,108.447407282905,2.06991798283775,2143975.05903691,-2177.22765553478
2026-07-27 15:53:26,108.510372130219,2.0048790083605,2150503.58774432,-2178.03717485191
2026-07-27 15:53:27,108.572963479411,1.94003460513828,2157034.52871838,-2178.83689988827
2026-07-27 15:53:28,108.635184746258,1.8753832371614,2163567.85275574,-2179.6269374426
2026-07-27 15:53:29,108.697039534749,1.81092352400731,2170103.51656145,-2180.4073943977
2026-07-27 15:53:30,108.758530725591,1.74665367551942,2176641.52030775,-2181.17837143451
2026-07-27 15:53:31,108.819661841091,1.68257233789728,2183181.82151709,-2181.93997249114
2026-07-27 15:53:32,108.880436142443,1.61867803280957,2189724.39207177,-2182.69229854138
2026-07-27 15:53:33,108.940856850399,1.55496929406253,2196269.20431459,-2183.43544913869
2026-07-27 15:53:34,109.00092714642,1.4914446678926,2202816.23100389,-2184.16952244266
2026-07-27 15:53:35,109.060650179522,1.42810271668573,2209365.44491155,-2184.89461528503
2026-07-27 15:53:36,109.120029285998,1.36494215132745,2215916.80500031,-2185.61082472163
2026-07-27 15:53:37,109.179067084581,1.30196128335832,2222470.31349159,-2186.31824173511
2026-07-27 15:53:38,109.237766842914,1.23915885196333,2229025.92974856,-2187.01696078612
2026-07-27 15:53:39,109.296131563763,1.17653346978792,2235583.6279114,-2187.70707345667
2026-07-27 15:53:40,109.354164218024,1.11408376382301,2242143.38223398,-2188.38867009169
2026-07-27 15:53:41,109.411867739508,1.05180837188347,2248705.16743773,-2189.0618397789
2026-07-27 15:53:42,109.469245032987,0.989705947002402,2255268.95823134,-2189.72667042132
2026-07-27 15:53:43,109.526299193484,0.927775286624227,2261834.71552047,-2190.38325029538
2026-07-27 15:53:44,109.583032602902,0.866014797865172,2268402.44334323,-2191.03166171517
2026-07-27 15:53:45,109.639448294815,0.804423305067849,2274972.10291469,-2191.67199064067
2026-07-27 15:53:46,109.695549038972,0.742999507060099,2281543.6703265,-2192.30432025929
2026-07-27 15:53:47,109.751337580183,0.681742118363353,2288117.12152128,-2192.92873267916
2026-07-27 15:53:48,109.806816626757,0.620649862053488,2294692.433043,-2193.54530886208
2026-07-27 15:53:49,109.861988861642,0.559721475907134,2301269.58135964,-2194.1541287163
2026-07-27 15:53:50,109.916856933378,0.498955706778448,2307848.54345474,-2194.75527104662
2026-07-27 15:53:51,109.971423690536,0.438351445563532,2314429.28208324,-2195.34881522811
2026-07-27 15:53:52,110.02569127172,0.377907201382794,2321011.80311049,-2195.93483477698
2026-07-27 15:53:53,110.079662463801,0.317621886111711,2327596.06998433,-2196.51340697794
2026-07-27 15:53:54,110.13333980434,0.257494294966246,2334182.06029163,-2197.08460654512
2026-07-27 15:53:55,110.186725797194,0.197523231003942,2340769.75219772,-2197.64850716025
2026-07-27 15:53:56,110.239822922953,0.137707510775535,2347359.12381059,-2198.20518155926
2026-07-27 15:53:57,110.29263363302,0.0780459606219617,2353950.15357328,-2198.75470150255
2026-07-27 15:53:58,110.345160577118,0.0185375450696026,2360542.80595134,-2199.29713940635
2026-07-27 17:20:17,298.605853815338,0.0409127804903583,2364130.49034301,2150.06474324882
2026-07-27 17:20:18,298.542324912077,0.0988645579120308,2357686.30299348,2149.13292779822
2026-07-27 17:20:19,298.478430812663,0.156949828173636,2351244.92436705,2148.19093695247
2026-07-27 17:20:20,298.414168547373,0.215169473860394,2344806.38493239,2147.23867034338
2026-07-27 17:20:21,298.349535114473,0.273524381255999,2338370.71572036,2146.2760262941
2026-07-27 17:20:22,298.284527481821,0.332015443368634,2331937.94799436,2145.30290186854
2026-07-27 17:20:23,298.219142506368,0.390643436712956,2325508.1267393,2144.31919012241
2026-07-27 17:20:24,298.153377252187,0.449409510837699,2319081.25706714,2143.32479093717
2026-07-27 17:20:25,298.087228513537,0.508314455900363,2312657.3844759,2142.31959475774
2026-07-27 17:20:26,298.020693130087,0.567359187604203,2306236.54168063,2141.30349333242
2026-07-27 17:20:27,297.953767911,0.626544631212339,2299818.76135083,2140.27637711885
2026-07-27 17:20:28,297.886449630781,0.685871715745725,2293404.07674725,2139.23813513643
2026-07-27 17:20:29,297.818735030865,0.745341377079438,2286992.52139066,2138.18865501473
2026-07-27 17:20:30,297.750620818333,0.804954556570191,2280584.12921561,2137.12782294334
2026-07-27 17:20:31,297.682103586461,0.864712078160856,2274178.94771516,2136.05552096268
2026-07-27 17:20:32,297.613180135039,0.924615146878309,2267776.98460761,2134.97163785518
2026-07-27 17:20:33,297.543846985845,0.984664596725078,2261378.28837606,2133.87605265414
2026-07-27 17:20:34,297.474100707805,1.04486139631621,2254982.89409324,2132.76864569993
2026-07-27 17:20:35,297.403937832284,1.10520651802987,2248590.83745461,2131.64929575114
2026-07-27 17:20:36,297.333354854678,1.16570094117117,2242202.15444637,2130.51788003184
2026-07-27 17:20:37,297.262348233536,1.22634565126671,2235816.88142542,2129.37427419442
2026-07-27 17:20:38,297.190914307752,1.28714151044388,2229435.06869579,2128.21834949686
2026-07-27 17:20:39,297.11904962564,1.34808977581545,2223056.72619601,2127.04998398471
2026-07-27 17:20:40,297.046750449846,1.40919132171367,2216681.90506142,2125.86904564935
2026-07-27 17:20:41,296.974013086808,1.47044715818908,2210310.6432164,2124.6754036227
2026-07-27 17:20:42,296.900833805215,1.53185830368147,2203942.97875447,2123.46892539708
2026-07-27 17:20:43,296.827208831882,1.59342577921415,2197578.95054465,2122.24947667683
2026-07-27 17:20:44,296.753134355394,1.6551506149048,2191218.59756057,2121.01692149418
2026-07-27 17:20:45,296.678606439807,1.7170337129074,2184861.97293004,2119.77111926524
2026-07-27 17:20:46,296.603621357224,1.7790763791092,2178509.08942431,2118.51193609512
2026-07-27 17:20:47,296.528175090187,1.84127952995625,2172160.00084862,2117.23922784247
2026-07-27 17:20:48,296.452263660316,1.90364421725796,2165814.74815131,2115.95285128947
2026-07-27 17:20:49,296.375883049235,1.96617150301461,2159473.37229784,2114.65266144358
2026-07-27 17:20:50,296.299029192985,2.02886245122889,2153135.91510608,2113.33851133821
2026-07-27 17:20:51,296.221697985902,2.09171813494382,2146802.41853558,2112.01025215547
2026-07-27 17:20:52,296.143885277075,2.15473963136661,2140472.92518376,2110.6677330965
2026-07-27 17:20:53,296.065586787961,2.21792788835396,2134147.49161338,2109.310798564
2026-07-27 17:20:54,295.986798446155,2.28128426901912,2127826.13394712,2107.93929952655
2026-07-27 17:20:55,295.90751588097,2.34480973137828,2121508.90989417,2106.55307632097
2026-07-27 17:20:56,295.827734761426,2.40850537908926,2115195.86364292,2105.15197015816
2026-07-27 17:20:57,295.747450708114,2.47237231899362,2108887.04012609,2103.73582011011
2026-07-27 17:20:58,295.666659294728,2.53641166449839,2102582.484686,2102.3044631517
2026-07-27 17:20:59,295.585356047266,2.60062453515101,2096282.24311908,2100.85773412297
2026-07-27 17:21:00,295.503536357523,2.66501191350737,2089986.37563225,2099.39546276221
2026-07-27 17:21:01,295.421195824065,2.72957521332682,2083694.90139955,2097.91748534526
2026-07-27 17:21:02,295.338329739521,2.79431542817242,2077407.88171196,2096.42362715857
2026-07-27 17:21:03,295.254933433286,2.85923370160771,2071125.36424698,2094.91371419442
2026-07-27 17:21:04,295.171002182472,2.9243311803013,2064847.39743551,2093.38757009785
2026-07-27 17:21:05,295.086531212236,2.98960901549886,2058574.03031685,2091.84501616605
2026-07-27 17:21:06,295.001515697276,3.05506836652586,2052305.31220272,2090.28587138784
2026-07-27 17:21:07,294.915950757689,3.12071039474529,2046041.29325621,2088.7099522895
2026-07-27 17:21:08,294.829831376922,3.18653612396087,2039782.03771884,2087.11707010644
2026-07-27 17:21:09,294.743152738282,3.25254701727501,2033527.56917893,2085.50704231828
2026-07-27 17:21:10,294.655909715445,3.31874410709015,2027277.95318931,2083.87967515558
2026-07-27 17:21:11,294.568097213357,3.38512857838059,2021033.24182805,2082.23477528133
2026-07-27 17:21:12,294.479710078665,3.45170161680365,2014793.48813922,2080.5721467055
2026-07-27 17:21:13,294.390743103289,3.51846441591138,2008558.74545222,2078.89159089446
2026-07-27 17:21:14,294.301191020922,3.5854181721469,2002329.06784851,2077.19290663717
2026-07-27 17:21:15,294.211048422487,3.65256393684257,1996104.52383183,2075.47588711493
2026-07-27 17:21:16,294.120310095398,3.71990321469946,1989885.14097039,2073.74033158804
2026-07-27 17:21:17,294.028970512117,3.78743706527341,1983670.98907483,2071.98602774627
2026-07-27 17:21:18,293.937024171752,3.85516670432134,1977462.12447402,2070.21276347118
2026-07-27 17:21:19,293.844465510306,3.92309334726375,1971258.60452146,2068.4203237275
2026-07-27 17:21:20,293.751288904201,3.99121821658097,1965060.48691212,2066.60849067007
2026-07-27 17:21:21,293.657488666724,4.05954253661606,1958867.83015196,2064.77704350597
2026-07-27 17:21:22,293.563059048479,4.12806753550773,1952680.69337495,2062.92575849484
2026-07-27 17:21:23,293.46799415159,4.19679428927505,1946499.15031395,2061.0544059521
2026-07-27 17:21:24,293.372288267845,4.26572434135944,1940323.23370107,2059.1627619801
2026-07-27 17:21:25,293.275935370942,4.3348587764908,1934153.01844506,2057.25059081792
2026-07-27 17:21:26,293.178929451433,4.40419883277659,1927988.56658975,2055.31765645461
2026-07-27 17:21:27,293.081264434139,4.47374575247118,1921829.94073725,2053.36371974618
2026-07-27 17:21:28,292.982934177136,4.54350078137233,1915677.2040948,2051.38853836376
2026-07-27 17:21:29,292.883932468637,4.61346516419986,1909530.42087199,2049.3918666679
2026-07-27 17:21:30,292.784252945191,4.68363999013374,1903389.66973448,2047.37345282657
2026-07-27 17:21:31,292.6838894256,4.75402682850711,1897254.98830587,2045.33305048812
2026-07-27 17:21:32,292.582835404979,4.82462677026972,1891126.4569102,2043.27040105659
2026-07-27 17:21:33,292.481084392128,4.89544106836471,1885004.14254985,2041.18524547791
2026-07-27 17:21:34,292.378629822697,4.96647097468178,1878888.1131644,2039.07732118441
2026-07-27 17:21:35,292.275465060462,5.03771774383112,1872778.43729148,2036.9463621212
2026-07-27 17:21:36,292.171583393711,5.10918262741857,1866675.18454373,2034.79209860072
2026-07-27 17:21:37,292.066977954261,5.18086671433347,1860578.439123,2032.61425442124
2026-07-27 17:21:38,291.961642047839,5.25277158768831,1854488.24407797,2030.41255852132
2026-07-27 17:21:39,291.855568653047,5.32489833365111,1848404.68545657,2028.18672726425
2026-07-27 17:21:40,291.748750756434,5.39724820548977,1842327.83584282,2025.93647624915
2026-07-27 17:21:41,291.641181264163,5.4698224503769,1836257.76906842,2023.66151717317
2026-07-27 17:21:42,291.532853005531,5.54262231784381,1830194.55948449,2021.3615579362
2026-07-27 17:21:43,291.423758728198,5.61564905147348,1824138.28263578,2019.03630245145
2026-07-27 17:21:44,291.313891100742,5.68890389554573,1818089.01468708,2016.6854507162
2026-07-27 17:21:45,291.203242627413,5.76238791710876,1812046.84698308,2014.30869574041
2026-07-27 17:21:46,291.091805975644,5.83610269548802,1806011.82947996,2011.90573524336
2026-07-27 17:21:47,290.97957348507,5.91004929417709,1799984.05512637,2009.47625407458
2026-07-27 17:21:48,290.866537491171,5.98422893955383,1793963.60405605,2007.01993576148
2026-07-27 17:21:49,290.752690245462,6.0586428556219,1787950.55716229,2004.53645963631
2026-07-27 17:21:50,290.638023913234,6.13329226065531,1781944.99634532,2002.0255007336
2026-07-27 17:21:51,290.522530572654,6.20817836669226,1775947.00452498,1999.48672973586
2026-07-27 17:21:52,290.406202134743,6.28330220246508,1769956.67967665,1996.91981004993
2026-07-27 17:21:53,290.289030661493,6.35866532306352,1763974.07837149,1994.32440931496
2026-07-27 17:21:54,290.171007884637,6.43426874250002,1757999.3007215,1991.70018194669
2026-07-27 17:21:55,290.052125526345,6.51011364597412,1752032.43358418,1989.04678072712
2026-07-27 17:21:56,289.932375216473,6.5862012081772,1746073.56502243,1986.36385378617
2026-07-27 17:21:57,289.811748493606,6.66253259720323,1740122.78396389,1983.65104461724
2026-07-27 17:21:58,289.690236801544,6.7391089678572,1734180.18068816,1980.90799192535
2026-07-27 17:21:59,289.567831491626,6.81593146861414,1728245.84624933,1978.13432968939
2026-07-27 17:22:00,289.44452374115,6.89300104674139,1722319.88737006,1975.32968412826
2026-07-27 17:22:01,289.32030486475,6.97031919799691,1716402.36891938,1972.49368516358
2026-07-27 17:22:02,289.195165847457,7.0478868489502,1710493.39966729,1969.62594918174
2026-07-27 17:22:03,289.069097653437,7.12570509647813,1704593.0754116,1966.72609038507
2026-07-27 17:22:04,288.94209114916,7.20377502608487,1698701.49291672,1963.79371793933
2026-07-27 17:22:05,288.814137099967,7.2820977048398,1692818.75040309,1960.82843582186
2026-07-27 17:22:06,288.685226172312,7.36067418844101,1686944.94696969,1957.82984288127
2026-07-27 17:22:07,288.555348855433,7.4395053188147,1681080.19755006,1954.79752986871
2026-07-27 17:22:08,288.424495760245,7.51859250209526,1675224.57515276,1951.73109064475
2026-07-27 17:22:09,288.292657170928,7.59793654845044,1669378.19697347,1948.63010531775
2026-07-27 17:22:10,288.159823341518,7.67753843941205,1663541.16728657,1945.49415134779
2026-07-27 17:22:11,288.025984422064,7.75739913917534,1657713.59144293,1942.32280075378
2026-07-27 17:22:12,287.891130455535,7.83751958765275,1651895.57632278,1939.11561997208
2026-07-27 17:22:13,287.755251378793,7.91790070434574,1646087.22999554,1935.87216986836
2026-07-27 17:22:14,287.61833695127,7.99854318615127,1640288.67614094,1932.59200297173
2026-07-27 17:22:15,287.480377034946,8.0794483055533,1634499.99677312,1929.27467420615
2026-07-27 17:22:16,287.341361169848,8.16061670783103,1628721.31850332,1925.91972457205
2026-07-27 17:22:17,287.20127885874,8.24204921701675,1622952.75456473,1922.52669204026
2026-07-27 17:22:18,287.060119491424,8.3237466234266,1617194.42002207,1919.09510862574
2026-07-27 17:22:19,286.917872347614,8.40570969312294,1611446.43103349,1915.62450047414
2026-07-27 17:22:20,286.774526593684,8.48793915934243,1605708.90538571,1912.11438771159
2026-07-27 17:22:21,286.630071283799,8.57043572691181,1599981.9621136,1908.56428446448
2026-07-27 17:22:22,286.484495292321,8.65319985477743,1594265.73638575,1904.97369615427
2026-07-27 17:22:23,286.33778757469,8.73623259741195,1588560.32149775,1901.34212981413
2026-07-27 17:22:24,286.189936776132,8.81953435032289,1582865.85527734,1897.66907857271
2026-07-27 17:22:25,286.040931489751,8.90310567506766,1577182.46305263,1893.95403183748
2026-07-27 17:22:26,285.890760193507,8.98694709965497,1571510.27137209,1890.19647278223
2026-07-27 17:22:27,285.739411247311,9.0710591093964,1565849.408543,1886.3958782077
2026-07-27 17:22:28,285.586872894166,9.15544215128056,1560200.00425019,1882.55171856444
2026-07-27 17:22:29,285.433133198659,9.24009640734984,1554562.20449729,1878.66345540294
2026-07-27 17:22:30,285.278180285252,9.3250226709454,1548936.11334876,1874.73055113218
2026-07-27 17:22:31,285.122001980326,9.41022103758593,1543321.87985285,1870.75245432472
2026-07-27 17:22:32,284.964586049825,9.49569176955889,1537719.64040046,1866.72860942197
2026-07-27 17:22:33,284.805920140142,9.58143508183461,1532129.53289722,1862.65845429639
2026-07-27 17:22:34,284.64599177663,9.66745113594783,1526551.69706425,1858.54142016824
2026-07-27 17:22:35,284.48478836391,9.75374004056287,1520986.27429777,1854.37693159698
2026-07-27 17:22:36,284.322297185419,9.84030184893104,1515433.40772908,1850.16440644156
2026-07-27 17:22:37,284.158505351814,9.9271363273346,1509893.25682176,1845.90325360074
2026-07-27 17:22:38,283.993400007285,10.0142438699757,1504365.93909032,1841.59288192965
2026-07-27 17:22:39,283.82696801818,10.1016241241759,1498851.61752274,1837.23268675915
2026-07-27 17:22:40,283.659196180741,10.1892768986006,1493350.44255407,1832.82205883852
2026-07-27 17:22:41,283.490071170558,10.2772019418287,1487862.5660936,1828.36038214159
2026-07-27 17:22:42,283.319579540417,10.3653989298304,1482388.1421895,1823.84703375289
2026-07-27 17:22:43,283.147707721631,10.453867469425,1476927.32668729,1819.28138390748
2026-07-27 17:22:44,282.974441980923,10.5426068559153,1471480.29191167,1814.66279396891
2026-07-27 17:22:45,282.799768593788,10.6316170234271,1466047.1684093,1809.99062444571
2026-07-27 17:22:46,282.62367358361,10.7208971177477,1460628.13223618,1805.26422291729
2026-07-27 17:22:47,282.446142896407,10.8104464363545,1455223.34715648,1800.48293206753
2026-07-27 17:22:48,282.267162359085,10.9002642005446,1449832.97851108,1795.64608775178
2026-07-27 17:22:49,282.086717678068,10.9903495413818,1444457.19392528,1790.75301891384
2026-07-27 17:22:50,281.904794440925,11.0807015029934,1439096.16296545,1785.80304764575
2026-07-27 17:22:51,281.721378116673,11.1713190370502,1433750.05732157,1780.79548918427
2026-07-27 17:22:52,281.536454025553,11.2622007555062,1428419.0650886,1775.72965029136
2026-07-27 17:22:53,281.35000746746,11.3533459175259,1423103.33293813,1770.60483598377
2026-07-27 17:22:54,281.162023528386,11.444752936409,1417803.05334981,1765.42033939228
2026-07-27 17:22:55,280.972487213313,11.5364203730298,1412518.40622585,1760.17544865382
2026-07-27 17:22:56,280.781383413602,11.6283466794074,1407249.57377486,1754.86944520102
2026-07-27 17:22:57,280.588696909016,11.7205302018672,1401996.74016677,1749.50160384962
2026-07-27 17:22:58,280.394412368389,11.8129691699685,1396760.09199879,1744.07119280717
2026-07-27 17:22:59,280.198514331428,11.9056614379359,1391539.83260745,1738.57747242234
2026-07-27 17:23:00,280.00098729384,11.9986055254826,1386336.12350307,1733.01970069966
2026-07-27 17:23:01,279.80181558101,12.0917990465538,1381149.17248313,1727.39712510266
2026-07-27 17:23:02,279.600983436991,12.1852397459233,1375979.17511603,1721.70898818678
2026-07-27 17:23:03,279.398475005022,12.278925245148,1370826.32888436,1715.95452633119
2026-07-27 17:23:04,279.194274329093,12.3728530271367,1365690.83385367,1710.13296978212
2026-07-27 17:23:05,278.988365356809,12.4670204390167,1360572.89232489,1704.24354278944
2026-07-27 17:23:06,278.78073193469,12.5614244136344,1355472.72361502,1698.28546276144
2026-07-27 17:23:07,278.571357841829,12.6560625560987,1350390.50539167,1692.25794425838
2026-07-27 17:23:08,278.360226743551,12.750931509407,1345326.46156798,1686.16019323546
2026-07-27 17:23:09,278.147322229295,12.846028029081,1340280.80408929,1679.99141114998
2026-07-27 17:23:10,277.932627806908,12.941348721321,1335253.74689642,1673.75079414153
2026-07-27 17:23:11,277.716126906017,13.0368900258334,1330245.50663268,1667.4375331543
2026-07-27 17:23:12,277.497802881802,13.1326482185247,1325256.30229283,1661.05081412914
2026-07-27 17:23:13,277.277639018945,13.2286194048963,1320286.35536033,1654.58981818063
2026-07-27 17:23:14,277.055618546062,13.3247992317221,1315335.90435643,1648.05372138601
2026-07-27 17:23:15,276.831724600976,13.4211840255306,1310405.14626604,1641.44169669788
2026-07-27 17:23:16,276.605940290661,13.5177690689428,1305494.32481755,1634.75291147851
2026-07-27 17:23:17,276.378248661084,13.6145497498557,1300603.6711766,1627.98652960129
2026-07-27 17:23:18,276.148632710908,13.7115212586723,1295733.41930631,1621.14171119542
2026-07-27 17:23:19,275.917075396483,13.8086785908899,1290883.80561163,1614.21761290883
2026-07-27 17:23:20,275.683559637474,13.9060165408329,1286055.06903048,1607.21338817409
2026-07-27 17:23:21,275.448068351011,14.0035293962151,1281247.46578511,1600.12818764403
2026-07-27 17:23:22,275.21058434726,14.1012121351957,1276461.21038197,1592.96115896165
2026-07-27 17:23:23,274.971090497931,14.1990586178624,1271696.56431551,1585.71144773264
2026-07-27 17:23:24,274.729569636681,14.2970627903825,1266953.77653631,1578.37819748744
2026-07-27 17:23:25,274.486004592973,14.3952183687279,1262233.09880942,1570.96055009898
2026-07-27 17:23:26,274.240378199139,14.4935188370298,1257534.78555624,1563.45764614025
2026-07-27 17:23:27,273.992673297015,14.5919574494958,1252859.09353168,1555.86862524277
2026-07-27 17:23:28,273.742872746964,14.6905272169335,1248206.28223381,1548.19262649988
2026-07-27 17:23:29,273.490959487256,14.7892205910737,1243576.62838981,1540.42878977466
2026-07-27 17:23:30,273.236916339136,14.8880307166533,1238970.36723946,1532.57625258826
2026-07-27 17:23:31,272.98072631676,14.9869495406525,1234387.78075451,1524.63415571561
2026-07-27 17:23:32,272.722372437654,15.0859690693409,1229829.13850761,1516.60164028339
2026-07-27 17:23:33,272.461837783639,15.1850810352367,1225294.71305066,1508.47784910655
2026-07-27 17:23:34,272.199105507863,15.2842769080599,1220784.7791768,1500.26192712508
2026-07-27 17:23:35,271.934158847195,15.3835478791297,1216299.61440163,1491.95302195766
2026-07-27 17:23:36,271.666981207524,15.4828845314791,1211839.51345291,1483.55028610387
2026-07-27 17:23:37,271.397555876686,15.5822781506846,1207404.72944646,1475.05287086362
2026-07-27 17:23:38,271.125866479173,15.6817187439189,1202995.562346,1466.45993670776
2026-07-27 17:23:39,270.851896693673,15.7811963606976,1198612.29951678,1457.77064739695
2026-07-27 17:23:40,270.575630341983,15.880700741401,1194255.23126924,1448.98417227234
2026-07-27 17:23:41,270.297051397394,15.9802213301146,1189924.65007071,1440.09968678589
2026-07-27 17:23:42,270.016144000635,16.0797472589636,1185620.85101249,1431.11637321893
2026-07-27 17:23:43,269.732892574374,16.1792670050716,1181344.14624363,1422.03342390479
2026-07-27 17:23:44,269.4472814328,16.2787697569391,1177094.80630906,1412.85003174988
2026-07-27 17:23:45,269.159295398279,16.3782433513051,1172873.14833558,1403.56540604746
2026-07-27 17:23:46,268.868919415757,16.4776756491446,1168679.47678462,1394.17876320658
2026-07-27 17:23:47,268.576138670519,16.5770541761612,1164514.09869408,1384.68933006359
2026-07-27 17:23:48,268.280938602933,16.6763661226548,1160377.32348412,1375.0963446372
2026-07-27 17:23:49,267.983304921553,16.7755983485974,1156269.46255895,1365.39905684664
2026-07-27 17:23:50,267.683223624778,16.8747373655108,1152190.82987549,1355.59672946693
2026-07-27 17:23:51,267.380681148981,16.9737689898879,1148141.7558402,1345.68864256658
2026-07-27 17:23:52,267.075663849471,17.0726797589484,1144122.529532,1335.67407969486
2026-07-27 17:23:53,266.76815882118,17.1714547890597,1140133.48582109,1325.55235067568
2026-07-27 17:23:54,266.458153382479,17.2700792068605,1136174.94679918,1315.32277795054
2026-07-27 17:23:55,266.145635232511,17.3685377738549,1132247.23696581,1304.98470127213
2026-07-27 17:23:56,265.830592462675,17.4668149033272,1128350.68241169,1294.53747843209
2026-07-27 17:23:57,265.513013583415,17.5648946413188,1124485.61144545,1283.98048642458
2026-07-27 17:23:58,265.192887707914,17.6627603089284,1120652.36838465,1273.31312713744
2026-07-27 17:23:59,264.870203902002,17.7603959733317,1116851.25611414,1262.53480909427
2026-07-27 17:24:00,264.544952209289,17.8577842275065,1113082.62265431,1251.64497727
2026-07-27 17:24:01,264.217123003092,17.9549076776678,1109346.80292377,1240.64309496005
2026-07-27 17:24:02,263.886707181629,18.0517485559601,1105644.1338136,1229.52864979781
2026-07-27 17:24:03,263.553696180948,18.1482887393671,1101974.95339429,1218.30115455771
2026-07-27 17:24:04,263.218082003387,18.2445097377888,1098339.60131749,1206.96014841567
2026-07-27 17:24:05,262.879857237675,18.3403927002768,1094738.4185359,1195.50519796918
2026-07-27 17:24:06,262.53901529577,18.4359180294659,1091171.7615758,1183.935904744
2026-07-27 17:24:07,262.195549589682,18.5310669235194,1087639.945243,1172.25188101417
2026-07-27 17:24:08,261.849454812547,18.6258190775701,1084143.32813353,1160.45278847761
2026-07-27 17:24:09,261.500726136366,18.7201542069934,1080682.25588896,1148.53831476031
2026-07-27 17:24:10,261.149359432731,18.814051685958,1077257.07472195,1136.50818042087
2026-07-27 17:24:11,260.795351303781,18.9074905395314,1073868.13175092,1124.36214030703
2026-07-27 17:24:12,260.438699106791,19.0004494481148,1070515.77489444,1112.0999847214
2026-07-27 17:24:13,260.079401227782,19.0929063645597,1067200.36657727,1099.72154823241
2026-07-27 17:24:14,259.717456098433,19.1848400984657,1063922.22731788,1087.22667992103
2026-07-27 17:24:15,259.352863730413,19.2762279448336,1060681.72053311,1074.61529082077
2026-07-27 17:24:16,258.985624735045,19.3670472817443,1057479.1955226,1061.88732429436
2026-07-27 17:24:17,258.615740605963,19.4572751683384,1054315.00200708,1049.04276508766
2026-07-27 17:24:18,258.243213729318,19.5468883741516,1051189.48926089,1036.08164003306
2026-07-27 17:24:19,257.868047425313,19.6358633633443,1048103.00684203,1023.00401971878
2026-07-27 17:24:20,257.490245957737,19.724176325474,1045055.90371917,1009.81001915848
2026-07-27 17:24:21,257.109814875185,19.8118027626099,1042048.54256202,996.499808861839
2026-07-27 17:24:22,256.726759808941,19.8987191417343,1039081.24358385,983.07357746309
2026-07-27 17:24:23,256.341088317389,19.9849004573377,1036154.36808252,969.5315899086
2026-07-27 17:24:24,255.952808710521,20.0703218643717,1033268.2628382,955.874150950205
2026-07-27 17:24:25,255.561930356722,20.154958304717,1030423.27322004,942.101615076348
2026-07-27 17:24:26,255.168463725095,20.238784495771,1027619.74388078,928.214388157459
2026-07-27 17:24:27,254.772420390164,20.3217749666884,1024858.01787226,914.212927890575
2026-07-27 17:24:28,254.373813421346,20.4039036418745,1022138.4506862,900.09775648853
2026-07-27 17:24:29,253.972655980804,20.4851455311031,1019461.35499224,885.869416278406
2026-07-27 17:24:30,253.568963454034,20.5654742520831,1016827.08266323,871.528537794219
2026-07-27 17:24:31,253.162752085742,20.6448636909404,1014235.97039113,857.075796601693
2026-07-27 17:24:32,252.754039318458,20.723287637166,1011688.35219101,842.511924287609
2026-07-27 17:24:33,252.34284383708,20.8007197721971,1009184.56021464,827.837710088035
2026-07-27 17:24:34,251.929185570116,20.877133706416,1006724.92401038,813.054001113874
2026-07-27 17:24:35,251.513086116688,20.952502573116,1004309.78390482,798.161716278781
2026-07-27 17:24:36,251.094567139038,21.0268007364317,1001939.43712736,783.16179464641
2026-07-27 17:24:37,250.6736527937,21.1000012875168,999614.218109164,768.055273872104
2026-07-27 17:24:38,250.250368153274,21.1720777359034,997334.445046024,752.843239493157
2026-07-27 17:24:39,249.824739597371,21.2430036314051,995100.432528406,737.52683760036
2026-07-27 17:24:40,249.396794829015,21.3127525805018,992912.491583193,722.107275434569
2026-07-27 17:24:41,248.966562889166,21.3812982644239,990770.929673623,706.585821903007
2026-07-27 17:24:42,248.534074152393,21.4486144743204,988676.050183266,690.963807462867
2026-07-27 17:24:43,248.099360819857,21.5146746946605,986628.165808268,675.242640161515
2026-07-27 17:24:44,247.662455023217,21.5794538549324,984627.545262035,659.423743940642
2026-07-27 17:24:45,247.223391651698,21.6429257784226,982674.492456106,643.508650530079
2026-07-27 17:24:46,246.782206482867,21.7050649213,980769.293514842,627.498938609637
2026-07-27 17:24:47,246.338936634679,21.7658459815531,978912.229485593,611.396248412658
2026-07-27 17:24:48,245.893620585656,21.8252439058528,977103.576765559,595.202282272256
2026-07-27 17:24:49,245.446298143594,21.8832339393103,975343.606234506,578.918803465395
2026-07-27 17:24:50,244.997010991932,21.9397912057909,973632.596474716,562.547653924829
2026-07-27 17:24:51,244.545800550059,21.9948924617666,971970.781822731,546.090684081183
2026-07-27 17:24:52,244.092711130225,22.0485135478871,970358.429504815,529.549855886875
2026-07-27 17:24:53,243.637787827534,22.1006311293336,968795.788016199,512.927173602914
2026-07-27 17:24:54,243.181077014008,22.151222305732,967283.099510991,496.224699696642
2026-07-27 17:24:55,242.722626347805,22.200264618817,965820.600222974,479.444554869403
2026-07-27 17:24:56,242.262484725008,22.24773610242,964408.519630016,462.58891618044
2026-07-27 17:24:57,241.80070228363,22.2936152910377,963047.080842223,445.660016858613
2026-07-27 17:24:58,241.337330960078,22.3378808365563,961736.512441354,428.660164222439
2026-07-27 17:24:59,240.872422092914,22.3805132236546,960476.998884895,411.591660688006
2026-07-27 17:25:00,240.406029950343,22.4214922544504,959268.754811303,394.456919126485
2026-07-27 17:25:01,239.938209340176,22.4607987695497,958111.975195445,377.258384042504
2026-07-27 17:25:02,239.469016160339,22.4984142539792,957006.847508366,359.998549207445
2026-07-27 17:25:03,238.998507377653,22.5343208540199,955953.551807566,342.679956516133
2026-07-27 17:25:04,238.526740977075,22.568501411957,954952.260293589,325.305193854334
2026-07-27 17:25:05,238.053776595921,22.6009390630598,954003.149464506,307.87691543775
2026-07-27 17:25:06,237.579672868988,22.631618926155,953106.351927088,290.397754135363
2026-07-27 17:25:07,237.104491277438,22.6605256363883,952262.028038112,272.870447328006
2026-07-27 17:25:08,236.628293533158,22.6876450196815,951470.318096673,255.297750483632
2026-07-27 17:25:09,236.15114216382,22.7129637067349,950731.35395518,237.682455813586
2026-07-27 17:25:10,235.673100481831,22.7364691431966,950045.259172083,220.027390682829
2026-07-27 17:25:11,235.194232519907,22.758149618039,949412.148619424,202.335414909989
2026-07-27 17:25:12,234.714603710116,22.7779938663768,948832.14019661,184.609442432876
2026-07-27 17:25:13,234.234277996075,22.7959927052484,948305.308562779,166.852345995382
2026-07-27 17:25:14,233.753322002021,22.8121366297148,947831.754028447,149.067093248921
2026-07-27 17:25:15,233.271802186963,22.8264174333441,947411.556641884,131.256652778219
2026-07-27 17:25:16,232.78978547419,22.838827825445,947044.787394536,113.424014103293
2026-07-27 17:25:17,232.307339212473,22.8493614332264,946731.508411085,95.572185750987
2026-07-27 17:25:18,231.824531101974,22.8580128212203,946471.772618059,77.7041921625745
2026-07-27 17:25:19,231.341429160385,22.8647774875806,946265.624037703,59.8230719111726
2026-07-27 17:25:20,230.858102413095,22.8696514969649,946113.108349787,41.9318995619215
2026-07-27 17:25:21,230.374617780876,22.8726330222768,946014.229313583,24.0336832991818
2026-07-27 17:25:22,229.89104460444,22.8737200343468,945969.014351328,6.13151208251288
2026-07-27 17:25:23,229.407451548222,22.8729118449807,945977.47086019,-11.7715462380993
2026-07-27 17:25:24,228.923907272533,22.8702087353878,946039.59677224,-29.6724236459491
2026-07-27 17:25:25,228.440480409532,22.8656119390533,946155.381030614,-47.5680534419311
2026-07-27 17:25:26,227.95723948538,22.8591236493396,946324.803331694,-65.4553734835507
2026-07-27 17:25:27,227.474253678944,22.8507466498159,946547.844538122,-83.331302232501
2026-07-27 17:25:28,226.991589521665,22.8404857687229,946824.445306721,-101.19284673187
2026-07-27 17:25:29,226.509315686027,22.8283456830836,947154.568235786,-119.036947614253
2026-07-27 17:25:30,226.027499724236,22.814332365277,947538.156662192,-136.860585853697
2026-07-27 17:25:31,225.546208777268,22.7984527247392,947975.144616326,-154.660760385085
2026-07-27 17:25:32,225.065509558442,22.7807145808056,948465.457356431,-172.434489320171
2026-07-27 17:25:33,224.585468278353,22.7611266600022,949009.011177833,-190.178813057525
2026-07-27 17:25:34,224.106150598494,22.7396985801924,949605.713566302,-207.890796452401
2026-07-27 17:25:35,223.627622429065,22.7164405014694,950255.472853442,-225.56750375771
2026-07-27 17:25:36,223.149946456829,22.6913644642905,950958.159606879,-243.206111264004
2026-07-27 17:25:37,222.673187241726,22.6644823286292,951713.665141522,-260.803743511709
2026-07-27 17:25:38,222.197407715329,22.6358071333469,952521.86227655,-278.357586912586
2026-07-27 17:25:39,221.722670026633,22.6053527205106,953382.615633905,-295.864863061218
2026-07-27 17:25:40,221.249035475352,22.5731337239608,954295.781509266,-313.322831481015
2026-07-27 17:25:41,220.776564475701,22.5391655458282,955261.208066915,-330.728791372605
2026-07-27 17:25:42,220.305317398771,22.5034640243172,956278.744455441,-348.08005525932
2026-07-27 17:25:43,219.835350975949,22.466046665923,957348.204620425,-365.374064554825
2026-07-27 17:25:44,219.366723603886,22.4269307293484,958469.422190615,-382.608220396355
2026-07-27 17:25:45,218.899491738437,22.3861344712818,959642.213903307,-399.779999551249
2026-07-27 17:25:46,218.433710762282,22.3436767997013,960866.389053339,-416.886927138328
2026-07-27 17:25:47,217.96943495529,22.2995772478764,962141.749662426,-433.926578050231
2026-07-27 17:25:48,217.506717441564,22.2538559559875,963468.090413745,-450.896579092594
2026-07-27 17:25:49,217.045610186436,22.2065336365441,964845.199050526,-467.794609513061
2026-07-27 17:25:50,216.586164885385,22.1576312667897,966272.864839917,-484.618373334004
2026-07-27 17:25:51,216.128429232318,22.1071712056133,967750.844950055,-501.365717690397
2026-07-27 17:25:52,215.672452469263,22.0551754398615,969278.915568323,-518.034457717681
2026-07-27 17:25:53,215.218281629608,22.0016667192592,970856.837786452,-534.622495721871
2026-07-27 17:25:54,214.765962485685,21.9466682274734,972484.366653672,-551.127791513296
2026-07-27 17:25:55,214.315539509707,21.8902035613035,974161.2511451,-567.548363929478
2026-07-27 17:25:56,213.867055865101,21.8322967013145,975887.234385223,-583.882291373446
2026-07-27 17:25:57,213.420554342498,21.7729717258825,977662.061633969,-600.127682836026
2026-07-27 17:25:58,212.976073558142,21.7122538206359,979485.44913199,-616.282796849709
2026-07-27 17:25:59,212.533653641778,21.6501676861988,981357.131515902,-632.345863945928
2026-07-27 17:26:00,212.093332409692,21.5867385647627,983276.830212464,-648.315206452048
2026-07-27 17:26:01,211.655146347986,21.5219919397108,985244.261858858,-664.189207881556
2026-07-27 17:26:02,211.219130586656,21.4559535150527,987259.138296437,-679.966313853194
2026-07-27 17:26:03,210.785318906926,21.3886491868188,989321.166819447,-695.645031949399
2026-07-27 17:26:04,210.353744690697,21.3201047888944,991430.05744523,-711.223902531217
2026-07-27 17:26:05,209.924437102781,21.2503469901801,993585.494453926,-726.701616428834
2026-07-27 17:26:06,209.497426849269,21.179401873113,995787.179865422,-742.07683739961
2026-07-27 17:26:07,209.072742318229,21.1072958508025,998034.804445994,-757.348321164898
2026-07-27 17:26:08,208.650410584433,21.0340553989003,1000328.05544028,-772.514884364853
2026-07-27 17:26:09,208.230457407703,20.9597070345179,1002666.61667318,-787.575404547241
2026-07-27 17:26:10,207.812907221938,20.8842772977916,1005050.16858271,-802.52882041215
2026-07-27 17:26:11,207.397783173439,20.807792723363,1007478.38858998,-817.374130528903
2026-07-27 17:26:12,206.985108087298,20.7302796208094,1009950.95764359,-832.110363941008
2026-07-27 17:26:13,206.574900617365,20.6517648590152,1012467.53449238,-846.736696646224
2026-07-27 17:26:14,206.167181066151,20.5722746296502,1015027.79491439,-861.252274999376
2026-07-27 17:26:15,205.761967511365,20.4918352456956,1017631.40563414,-875.65633299034
2026-07-27 17:26:16,205.359276834877,20.4104729087915,1020278.03133804,-889.948160809247
2026-07-27 17:26:17,204.959124692672,20.3282137003552,1022967.33453142,-904.127105510878
2026-07-27 17:26:18,204.561525565945,20.2450835574525,1025698.97591311,-918.192569218163
2026-07-27 17:26:19,204.16649373539,20.1611080828451,1028472.62030329,-932.143979828217
2026-07-27 17:26:20,203.774039432543,20.0763132337793,1031287.91334006,-945.980905405166
2026-07-27 17:26:21,203.384174674301,19.9907242417764,1034144.51702406,-959.702879891749
2026-07-27 17:26:22,202.996909388404,19.9043663146428,1037042.08607731,-973.309518381924
2026-07-27 17:26:23,202.612252449333,19.817264435365,1039980.27429987,-986.800485865234
2026-07-27 17:26:24,202.230211652831,19.7294433570929,1042958.73443818,-1000.17549762484
2026-07-27 17:26:25,201.850793771225,19.6409275849529,1045977.11851921,-1013.43431723223
2026-07-27 17:26:26,201.474004563572,19.5517413663965,1049035.07791713,-1026.57675586731
2026-07-27 17:26:27,201.099849765414,19.461908530954,1052132.26867561,-1039.60264304215
2026-07-27 17:26:28,200.728331264435,19.3714530763993,1055268.33092525,-1052.51193784639
2026-07-27 17:26:29,200.359452882844,19.2803982614368,1058442.92013988,-1065.3045596004
2026-07-27 17:26:30,199.993216591605,19.1887671937151,1061655.68658972,-1077.98049811346
2026-07-27 17:26:31,199.629623451193,19.0965826767384,1064906.28046668,-1090.53978572878
2026-07-27 17:26:32,199.268673665554,19.003867197648,1068194.35216235,-1102.98249531849
2026-07-27 17:26:33,198.910366606778,18.9106429201758,1071519.55238495,-1115.308739129
2026-07-27 17:26:34,198.554701770657,18.8169315546603,1074881.53674283,-1127.51864098466
2026-07-27 17:26:35,198.20167500748,18.7227548582778,1078279.94757065,-1139.61244376226
2026-07-27 17:26:36,197.851284271339,18.6281338615836,1081714.44174965,-1151.59034417899
2026-07-27 17:26:37,197.503525797652,18.5330893826106,1085184.67212148,-1163.4526019434
2026-07-27 17:26:38,197.158395141577,18.4376418855992,1088690.29252633,-1175.19950951123
2026-07-27 17:26:39,196.815887125765,18.3418114869057,1092230.95755113,-1186.83139310291
2026-07-27 17:26:40,196.475995935289,18.2456179430943,1095806.322949,-1198.34860954556
2026-07-27 17:26:41,196.138716031672,18.1490805480575,1099416.04951605,-1209.75152019024
2026-07-27 17:26:42,195.804038434338,18.0522185563516,1103059.78716116,-1221.04059475904
2026-07-27 17:26:43,195.47195639885,17.9550505345477,1106737.19931351,-1232.21625146128
2026-07-27 17:26:44,195.14246163916,17.8575947972642,1110447.9465916,-1243.27896266757
2026-07-27 17:26:45,194.81554535208,17.7598692908598,1114191.6912166,-1254.22922566167
2026-07-27 17:26:46,194.491198164126,17.661891601076,1117968.09678184,-1265.06756365922
2026-07-27 17:26:47,194.169410223368,17.5636789457352,1121776.82860758,-1275.7945228023
2026-07-27 17:26:48,193.85017116911,17.4652481804735,1125617.55360526,-1286.41067254742
2026-07-27 17:26:49,193.533471110032,17.3666157104945,1129489.94386506,-1296.91657845592
2026-07-27 17:26:50,193.219296930541,17.2677978384713,1133393.66301453,-1307.3129028373
2026-07-27 17:26:51,192.907637851255,17.168810245425,1137328.38682082,-1317.60025201021
2026-07-27 17:26:52,192.598481794077,17.0696683383029,1141293.78962456,-1327.77927551778
2026-07-27 17:26:53,192.291816258411,16.9703871700512,1145289.54761521,-1337.85064165259
2026-07-27 17:26:54,191.987628393813,16.8709814371654,1149315.33907347,-1347.81503506138
2026-07-27 17:26:55,191.685905005731,16.7714654834857,1153370.84437221,-1357.67315618093
2026-07-27 17:26:56,191.386633462576,16.671853234983,1157455.74883566,-1367.42569658365
2026-07-27 17:26:57,191.089798104683,16.5721584810827,1161569.73129559,-1377.07343463837
2026-07-27 17:26:58,190.795385686265,16.4723944564484,1165712.48150264,-1386.61708941471
2026-07-27 17:26:59,190.503381800873,16.3725741256329,1169883.68859554,-1396.05741609054
2026-07-27 17:27:00,190.213771764196,16.2727101182601,1174083.04394797,-1405.39518189706
2026-07-27 17:27:01,189.92654063272,16.1728147324939,1178310.24121517,-1414.63116524884
2026-07-27 17:27:02,189.641673256554,16.0728999364893,1182564.97647202,-1423.76615399032
2026-07-27 17:27:03,189.359154247269,15.9729773756756,1186846.94810703,-1432.80094589047
2026-07-27 17:27:04,189.078968922671,15.8730583210998,1191155.85927693,-1441.7363237074
2026-07-27 17:27:05,188.801099729249,15.7731538906017,1195491.40852137,-1450.57314800448
2026-07-27 17:27:06,188.525531619252,15.6732747269717,1199853.30392624,-1459.31221669823
2026-07-27 17:27:07,188.252248496441,15.5734312213721,1204241.25367495,-1467.95435744474
2026-07-27 17:27:08,187.981234100292,15.4736334639372,1208654.96840027,-1476.50040424342
2026-07-27 17:27:09,187.712472059935,15.3738912462408,1213094.16130079,-1484.95119574676
2026-07-27 17:27:10,187.445945862467,15.2742140684391,1217558.54805138,-1493.30757578331
2026-07-27 17:27:11,187.181639762223,15.1746111021486,1222047.84872113,-1501.57036998161
2026-07-27 17:27:12,186.919535303606,15.0750913593477,1226561.78034535,-1509.74047383999
2026-07-27 17:27:13,186.659616553246,14.9756634495356,1231100.06815726,-1517.81871941078
2026-07-27 17:27:14,186.401866633281,14.8763357513251,1235662.43806118,-1525.80596327932
2026-07-27 17:27:15,186.146268581315,14.7771163761697,1240248.61850071,-1533.70306440269
2026-07-27 17:27:16,185.89280540071,14.6780131716859,1244858.34054143,-1541.51088260561
2026-07-27 17:27:17,185.641460027214,14.5790337284136,1249491.33779331,-1549.230279186
2026-07-27 17:27:18,185.392215364203,14.4801853837636,1254147.34646252,-1556.86211580817
2026-07-27 17:27:19,185.145055136523,14.3814751994186,1258826.10667166,-1564.40723323068
2026-07-27 17:27:20,184.899960494034,14.2829100792106,1263527.35707487,-1571.86653494013
2026-07-27 17:27:21,184.656915123179,14.1844966028199,1268250.84301467,-1579.24086065706
2026-07-27 17:27:22,184.415901855724,14.0862411462377,1272996.31102692,-1586.53107001212
2026-07-27 17:27:23,184.176903517397,13.9881498577173,1277763.51021308,-1593.73802135523
2026-07-27 17:27:24,183.939902951243,13.8902286622319,1282552.19225741,-1600.86257100911
2026-07-27 17:27:25,183.704883003655,13.7924832669058,1287362.11139412,-1607.90557344074
2026-07-27 17:27:26,183.471827380853,13.6949191472775,1292193.02532722,-1614.867860509
2026-07-27 17:27:27,183.240717333064,13.5975416256938,1297044.69155574,-1621.75032108034
2026-07-27 17:27:28,183.011536619331,13.5003557644111,1301916.87292066,-1628.55378133395
2026-07-27 17:27:29,182.784268219606,13.4033664457303,1306809.33384865,-1635.27908386725
2026-07-27 17:27:30,182.558895149587,13.30657835776,1311721.84127871,-1641.92706790346
2026-07-27 17:27:31,182.335400484021,13.2099959986996,1316654.16466762,-1648.49856861064
2026-07-27 17:27:32,182.113767341357,13.1136236817207,1321606.07596152,-1654.99441734558
2026-07-27 17:27:33,181.893979719341,13.0174655296718,1326577.35009331,-1661.41542197235
2026-07-27 17:27:34,181.676019249423,12.921525518701,1331567.76293086,-1667.76244281234
2026-07-27 17:27:35,181.459870058099,12.8258074224636,1336577.09438957,-1674.03627851835
2026-07-27 17:27:36,181.24551553957,12.7303148576081,1341605.12628245,-1680.23774175095
2026-07-27 17:27:37,181.032939148861,12.6350512776017,1346651.64284501,-1686.36764044505
2026-07-27 17:27:38,180.822124442889,12.540019976628,1351716.4307353,-1692.42677677531
2026-07-27 17:27:39,180.613055042091,12.4452240940146,1356799.27900195,-1698.41594796455
2026-07-27 17:27:40,180.40571466875,12.3506666180771,1361899.97907908,-1704.33594532778
2026-07-27 17:27:41,180.200087908632,12.2563503892808,1367018.324815,-1710.18753691431
2026-07-27 17:27:42,179.996157091218,12.1622781089009,1372154.11219583,-1715.97153835507
2026-07-27 17:27:43,179.793906999242,12.0684523342344,1377307.13979999,-1721.68870565417
2026-07-27 17:27:44,179.593321712487,11.9748754891316,1382477.20841251,-1727.33980701018
2026-07-27 17:27:45,179.394385430111,11.8815498658101,1387664.12111027,-1732.92560403033
2026-07-27 17:27:46,179.197082442772,11.7884776284633,1392867.68324551,-1738.4468523146
2026-07-27 17:27:47,179.001397147607,11.6956608168643,1398087.70242566,-1743.90430107772
2026-07-27 17:27:48,178.807314808312,11.6031013553056,1403323.98818455,-1749.29867631182
2026-07-27 17:27:49,178.61481851489,11.5108010351334,1408576.35315288,-1754.63074802275
2026-07-27 17:27:50,178.423893747416,11.4187615481653,1413844.61133154,-1759.90122912483
2026-07-27 17:27:51,178.234525342382,11.3269844708996,1419128.57915512,-1765.11084267074
2026-07-27 17:27:52,178.046698240534,11.2354712721875,1424428.07522071,-1770.26030523183
2026-07-27 17:27:53,177.860397504844,11.1442233165652,1429742.92025824,-1775.3503264864
2026-07-27 17:27:54,177.675608303004,11.0532418671415,1435072.93712268,-1780.38160958638
2026-07-27 17:27:55,177.492315933287,10.9625280889426,1440417.95075541,-1785.35485058442
2026-07-27 17:27:56,177.310506534402,10.8720830632436,1445777.78748484,-1790.27072321973
2026-07-27 17:27:57,177.130164155165,10.7819077445103,1451152.27774633,-1795.1299417629
2026-07-27 17:27:58,176.951275181939,10.6920030314341,1456541.25200132,-1799.9331659553
2026-07-27 17:27:59,176.77382537382,10.6023697247888,1461944.54338714,-1804.681064725
2026-07-27 17:28:00,176.597800617991,10.5130085414093,1467361.98702688,-1809.37429994275
2026-07-27 17:28:01,176.423186911994,10.4239201164867,1472793.42003006,-1814.01352680241
2026-07-27 17:28:02,176.249970388341,10.3351050066421,1478238.68144195,-1818.59939330853
2026-07-27 17:28:03,176.078138005251,10.2465637083526,1483697.61123441,-1823.13252588836
2026-07-27 17:28:04,175.907674692077,10.1582965955441,1489170.05430948,-1827.61358897889
2026-07-27 17:28:05,175.738567660906,10.0703040188834,1494655.8544769,-1832.04319496442
2026-07-27 17:28:06,175.57080351842,9.98258624390762,1500154.85840594,-1836.42196458773
2026-07-27 17:28:07,175.404368999107,9.895143469453,1505666.91460729,-1840.75051162143
2026-07-27 17:28:08,175.239250957337,9.80797582969312,1511191.87342461,-1845.0294430512
2026-07-27 17:28:09,175.075436369292,9.72108339636284,1516729.58701094,-1849.25935905614
2026-07-27 17:28:10,174.912913034686,9.63446620153749,1522279.90797445,-1853.4408387949
2026-07-27 17:28:11,174.751666766614,9.54812415758561,1527842.69465207,-1857.57449749555
2026-07-27 17:28:12,174.591685608349,9.46205718147012,1533417.80321607,-1861.66090076511
2026-07-27 17:28:13,174.432957029343,9.37626511605891,1539005.09283901,-1865.7006216717
2026-07-27 17:28:14,174.27546860248,9.29074775130299,1544604.42443746,-1869.69422697148
2026-07-27 17:28:15,174.119208034499,9.20550482706258,1550215.66058891,-1873.64227652565
2026-07-27 17:28:16,173.964163148274,9.12053603437191,1555838.66554763,-1877.5453236868
2026-07-27 17:28:17,173.810321888125,9.0358410173909,1561473.30521252,-1881.40391522377
2026-07-27 17:28:18,173.657672991103,8.9514193995054,1567119.44546431,-1885.2185781564
2026-07-27 17:28:19,173.506203276195,8.8672706871849,1572776.95872825,-1888.98987313587
2026-07-27 17:28:20,173.355901730886,8.78339441826723,1578445.7140985,-1892.71831397825
2026-07-27 17:28:21,173.206756761435,8.69979006542887,1584125.58390428,-1896.40442191589
2026-07-27 17:28:22,173.058756904108,8.61645706302299,1589816.441994,-1900.04871159927
2026-07-27 17:28:23,172.911890807675,8.53339480793916,1595518.16375942,-1903.65169147586
2026-07-27 17:28:24,172.766147238346,8.4506026612727,1601230.6261021,-1907.21386373056
2026-07-27 17:28:25,172.621515733681,8.36807997711497,1606953.70550178,-1910.73571181566
2026-07-27 17:28:26,172.477983960933,8.28582599398853,1612687.28566944,-1914.2177510681
2026-07-27 17:28:27,172.335541698841,8.20384000120577,1618431.24602819,-1917.66045243486
2026-07-27 17:28:28,172.194178158115,8.1221212296547,1624185.4693876,-1921.06429391396
2026-07-27 17:28:29,172.053882674266,8.04066888157203,1629949.83994249,-1924.42974729348
2026-07-27 17:28:30,171.914644690397,7.9594821310662,1635724.24330442,-1927.75727851892
2026-07-27 17:28:31,171.776453760072,7.8785601254611,1641508.56647303,-1931.04734767845
2026-07-27 17:28:32,171.639299546509,7.79790198645073,1647302.69781842,-1934.3004090583
2026-07-27 17:28:33,171.503172466393,7.71750684193962,1653106.52482967,-1937.51689924799
2026-07-27 17:28:34,171.368061106408,7.63737370448389,1658919.94300611,-1940.6972851225
2026-07-27 17:28:35,171.233956107844,7.55750165618938,1664742.842503,-1943.8419917275
2026-07-27 17:28:36,171.100847553606,7.47788972657299,1670575.11703959,-1946.95145090067
2026-07-27 17:28:37,170.968725651511,7.39853692574931,1676416.66155095,-1950.02608860268
2026-07-27 17:28:38,170.837580699831,7.31944224373986,1682267.37229298,-1953.06632559214
2026-07-27 17:28:39,170.707403107587,7.24060465245986,1688127.14674866,-1956.07257709471
2026-07-27 17:28:40,170.578184013405,7.16202313913203,1693995.88116549,-1959.04524168353
2026-07-27 17:28:41,170.449912768207,7.08369657565899,1699873.48042151,-1961.98474677509
2026-07-27 17:28:42,170.322580722739,7.00562391683266,1705759.84319683,-1964.89148021443
2026-07-27 17:28:43,170.196178681515,6.92780406897166,1711654.8718682,-1967.76583637693
2026-07-27 17:28:44,170.070697560365,6.85023592483438,1717558.4699383,-1970.60820430578
2026-07-27 17:28:45,169.946128369981,6.77291836357586,1723470.54208216,-1973.41896804883
2026-07-27 17:28:46,169.822462218452,6.69585025167311,1729390.99411905,-1976.19850665438
2026-07-27 17:28:47,169.699690310358,6.61903044365563,1735319.73299717,-1978.94719422847
2026-07-27 17:28:48,169.577804555094,6.54245781783538,1741256.66404338,-1981.66538933821
2026-07-27 17:28:49,169.456795130225,6.4661311373325,1747201.70184332,-1984.35347770442
2026-07-27 17:28:50,169.33665412897,6.39004925935419,1753154.75397141,-1987.01180833383
2026-07-27 17:28:51,169.217373136097,6.31421099765456,1759115.73173091,-1989.6407360754
2026-07-27 17:28:52,169.098943824916,6.23861515714899,1765084.5474972,-1992.24061117919
2026-07-27 17:28:53,168.981357961397,6.16326053480602,1771061.11468081,-1994.81177926513
2026-07-27 17:28:54,168.864607396623,6.08814591982566,1777045.34774561,-1997.35458149278
2026-07-27 17:28:55,168.748684670333,6.01327013143543,1783037.15919428,-1999.8693443273
2026-07-27 17:28:56,168.633580623337,5.93863187269492,1789036.47136943,-2002.35642025616
2026-07-27 17:28:57,168.519287973058,5.86422995040663,1795043.19879549,-2004.81612685557
2026-07-27 17:28:58,168.405798920275,5.79006312920071,1801057.25992945,-2007.24878767934
2026-07-27 17:28:59,168.293105764396,5.71613016968218,1807078.57412441,-2009.6547217893
2026-07-27 17:29:00,168.181200873199,5.64242982704437,1813107.0617685,-2012.03424430361
2026-07-27 17:29:01,168.070076709648,5.56896085328452,1819142.64412864,-2014.38766598394
2026-07-27 17:29:02,167.959726396668,5.49572203473671,1825185.24025421,-2016.7152839204
2026-07-27 17:29:03,167.850141396211,5.42271204077981,1831234.77956003,-2019.01742005762
2026-07-27 17:29:04,167.741314997928,5.34992965197047,1837291.18293004,-2021.29436332289
2026-07-27 17:29:05,167.633239983014,5.27737360834829,1843354.37530466,-2023.54640847781
2026-07-27 17:29:06,167.525909224802,5.20504264894015,1849424.28243027,-2025.77384617032
2026-07-27 17:29:07,167.41931565924,5.13293551020887,1855500.83100908,-2027.97696345526
2026-07-27 17:29:08,167.313452311069,5.06105092822295,1861583.9485349,-2030.15604340182
2026-07-27 17:29:09,167.208312278668,4.98938763804155,1867673.56336254,-2032.31136537757
2026-07-27 17:29:10,167.103889301219,4.91794441363433,1873769.60129461,-2034.44319596968
2026-07-27 17:29:11,167.000175498186,4.84671991095281,1879871.99907084,-2036.55182537766
2026-07-27 17:29:12,166.897164755389,4.77571290349316,1885980.68418058,-2038.63751293553
2026-07-27 17:29:13,166.794850477831,4.70492212686487,1892095.58819338,-2040.70052336022
2026-07-27 17:29:14,166.693226127613,4.6343463163167,1898216.64356293,-2042.74111810458
2026-07-27 17:29:15,166.592285249539,4.56398420888394,1904343.78345426,-2044.75955498292
2026-07-27 17:29:16,166.492021456317,4.49383454265901,1910476.94181957,-2046.75608844038
2026-07-27 17:29:17,166.39242898274,4.42389609764971,1916616.04979849,-2048.73096091442
2026-07-27 17:29:18,166.293500477133,4.35416753473767,1922761.04995329,-2050.68443745641
2026-07-27 17:29:19,166.195230309584,4.28464763724733,1928911.87496505,-2052.61675390347
2026-07-27 17:29:20,166.097612373485,4.21533515116654,1935068.4617273,-2054.52815140809
2026-07-27 17:29:21,166.000640626225,4.14622882471462,1941230.74787142,-2056.41886797681
2026-07-27 17:29:22,165.904309082448,4.07732740809003,1947398.67179899,-2058.28913860438
2026-07-27 17:29:23,165.80861183743,4.00862965548539,1953572.17250938,-2060.13919494483
2026-07-27 17:29:24,165.713543039187,3.94013432324188,1959751.18977355,-2061.96926577165
2026-07-27 17:29:25,165.619097443451,3.87184021273689,1965935.66023166,-2063.77956857978
2026-07-27 17:29:26,165.525268254509,3.80374600482271,1972125.53248525,-2065.57034242611
2026-07-27 17:29:27,165.432050349743,3.7358505073021,1978320.74457597,-2067.34179891444
2026-07-27 17:29:28,165.339438140829,3.66815249140337,1984521.23886231,-2069.09415478792
2026-07-27 17:29:29,165.247426084291,3.60065073098299,1990726.95846525,-2070.82762417325
2026-07-27 17:29:30,165.156008713302,3.53334400521302,1996937.84702598,-2072.54241813121
2026-07-27 17:29:31,165.065180608956,3.46623109652575,2003153.84890019,-2074.23874511601
2026-07-27 17:29:32,164.974936943015,3.39931083420722,2009374.90508249,-2075.91680297393
2026-07-27 17:29:33,164.885271366542,3.33258192588164,2015600.96897268,-2077.57681022436
2026-07-27 17:29:34,164.796179163092,3.2660432092969,2021831.98284926,-2079.21895936979
2026-07-27 17:29:35,164.707655157325,3.19969348585176,2028067.89341459,-2080.84344793909
2026-07-27 17:29:36,164.619694215719,3.13353156057798,2034308.64806985,-2082.45047107772
2026-07-27 17:29:37,164.532291270499,3.06755624423401,2040554.19471992,-2084.04022122284
2026-07-27 17:29:38,164.445441305972,3.00176635235323,2046804.48186501,-2085.61288832993
2026-07-27 17:29:39,164.35913987513,2.93616074825476,2053059.45447288,-2087.16865245446
2026-07-27 17:29:40,164.273381041383,2.8707381726113,2059319.07033055,-2088.70771346006
2026-07-27 17:29:41,164.188160461799,2.80549749878614,2065583.27557153,-2090.23024653792
2026-07-27 17:29:42,164.103473338421,2.74043756361508,2071852.02088089,-2091.7364318321
2026-07-27 17:29:43,164.019314922226,2.67555720914297,2078125.25750259,-2093.22644717499
2026-07-27 17:29:44,163.93568050695,2.61085528221351,2084402.93728017,-2094.70046819821
2026-07-27 17:29:45,163.852565450979,2.54633063644482,2090685.012464,-2096.15866804561
2026-07-27 17:29:46,163.769965150053,2.48198213003232,2096971.43592513,-2097.60121778389
2026-07-27 17:29:47,163.687875562358,2.41780867109955,2103262.1566792,-2099.02827907734
2026-07-27 17:29:48,163.606291177989,2.35380904297437,2109557.13711908,-2100.44003264196
2026-07-27 17:29:49,163.525208049503,2.28998216494369,2115856.32731544,-2101.83663579759
2026-07-27 17:29:50,163.444621775074,2.22632691909011,2122159.68206643,-2103.21825078074
2026-07-27 17:29:51,163.364527990315,2.16284219257186,2128467.15673744,-2104.58503785887
2026-07-27 17:29:52,163.284922391146,2.09952687971188,2134778.70705104,-2105.93715503574
2026-07-27 17:29:53,163.205800708455,2.03637987987151,2141094.2892969,-2107.27475842292
2026-07-27 17:29:54,163.127159215455,1.9734001426254,2147413.85576623,-2108.59799534117
2026-07-27 17:29:55,163.048992753217,1.91058649248333,2153737.37244627,-2109.90703128596
2026-07-27 17:29:56,162.971297684298,1.84793789102307,2160064.79257205,-2111.2020096056
2026-07-27 17:29:57,162.894069924909,1.78545326256189,2166396.07419608,-2112.48307842433
2026-07-27 17:29:58,162.817305425124,1.72313153673039,2172731.17589866,-2113.75038408886
2026-07-27 17:29:59,162.741000191303,1.66097165055685,2179070.05657186,-2115.00407088574
2026-07-27 17:30:00,162.665150261308,1.59897254630046,2185412.67563738,-2116.24428139469
2026-07-27 17:30:01,162.589751718836,1.53713317281244,2191758.99290393,-2117.47115631476
2026-07-27 17:30:02,162.514801172784,1.47545252964278,2198108.96399011,-2118.68482813634
2026-07-27 17:30:03,162.440293823657,1.41392948962474,2204462.55869942,-2119.88544678868
2026-07-27 17:30:04,162.366226362841,1.35256306478578,2210819.73349131,-2121.07314119542
2026-07-27 17:30:05,162.292595029627,1.29135222840162,2217180.44988297,-2122.24804509102
2026-07-27 17:30:06,162.219396114569,1.23029596113451,2223544.66967481,-2123.41029035153
2026-07-27 17:30:07,162.146625941807,1.16939324944744,2229912.35511127,-2124.56000724503
2026-07-27 17:30:08,162.074280869994,1.10864308573125,2236283.46886366,-2125.69732443586
2026-07-27 17:30:09,162.00235777393,1.04804451379698,2242657.96920702,-2126.82236278219
2026-07-27 17:30:10,161.930852149714,0.98759645026223,2249035.82892105,-2127.93525984178
2026-07-27 17:30:11,161.85976094157,0.927297950885124,2255417.00711531,-2129.03613332328
2026-07-27 17:30:12,161.789080663887,0.867148033857428,2261801.46790011,-2130.12510541651
2026-07-27 17:30:13,161.718807862081,0.807145723172062,2268189.17580202,-2131.20229683552
2026-07-27 17:30:14,161.648939122511,0.747290049600009,2274580.09565464,-2132.26782670773
2026-07-27 17:30:15,161.579471060456,0.687580049574683,2280974.19271266,-2133.32181274282
2026-07-27 17:30:16,161.510400335116,0.628014766666639,2287371.43248813,-2134.36437105805
2026-07-27 17:30:17,161.441724091004,0.568593294497453,2293771.77608893,-2135.39561065778
2026-07-27 17:30:18,161.373438131284,0.509314599491797,2300175.19942547,-2136.41565638597
2026-07-27 17:30:19,161.305539675967,0.450177788351129,2306581.66423502,-2137.42461427446
2026-07-27 17:30:20,161.238025508447,0.391181928508305,2312991.13750914,-2138.42259487307
2026-07-27 17:30:21,161.170892457704,0.33232609484507,2319403.58643358,-2139.40970719527
2026-07-27 17:30:22,161.104137373879,0.273609367325647,2325818.97864087,-2140.38605903634
2026-07-27 17:30:23,161.037757149337,0.215030833084894,2332237.28197585,-2141.35175672638
2026-07-27 17:30:24,160.971749150336,0.156589629404639,2338658.45973329,-2142.30689986384
2026-07-27 17:30:25,160.906109425565,0.0982847656798927,2345082.49033691,-2143.25160327065
2026-07-27 17:30:26,160.840835411206,0.0401153920569992,2351509.33765187,-2144.18596384438
