Time_UTC,Azimuth_deg,Elevation_deg,Range_m,Doppler_Hz
2026-07-27 15:04:10,323.988869328492,0.0336231494878998,2347244.00719134,2022.91687684936
2026-07-27 15:04:11,324.074828132292,0.0882423736173959,2341181.74633095,2021.49056974731
2026-07-27 15:04:12,324.161215276408,0.142964851565468,2335123.78155343,2020.05072414392
2026-07-27 15:04:13,324.248033962144,0.197791068398212,2329070.15352426,2018.59721461255
2026-07-27 15:04:14,324.335287415553,0.252721508531331,2323020.9033878,2017.12991447253
2026-07-27 15:04:15,324.422978888575,0.307756655098753,2316976.07283151,2015.64869569322
2026-07-27 15:04:16,324.511111458201,0.362896913580568,2310935.71244704,2014.15343505619
2026-07-27 15:04:17,324.599688853351,0.418142929185436,2304899.84693687,2012.64398893562
2026-07-27 15:04:18,324.688714208279,0.473495106539521,2298868.52779685,2011.12023125326
2026-07-27 15:04:19,324.778190892325,0.528953929803799,2292841.79817329,2009.58202821879
2026-07-27 15:04:20,324.868122304654,0.584519882840725,2286819.70162716,2008.02924455001
2026-07-27 15:04:21,324.958511879065,0.640193451177439,2280802.28191733,2006.4617433363
2026-07-27 15:04:22,325.049363071115,0.695975116849877,2274789.58355453,2004.8793864154
2026-07-27 15:04:23,325.140679375406,0.751865364622306,2268781.65112322,2003.28203383304
2026-07-27 15:04:24,325.232464090125,0.807864595260324,2262778.53857769,2001.66955104718
2026-07-27 15:04:25,325.324721207364,0.863973452982576,2256780.27411017,2000.04178165953
2026-07-27 15:04:26,325.417454092198,0.920192338792669,2250786.91238528,1998.39858785759
2026-07-27 15:04:27,325.510666357292,0.976521732355146,2244798.49995863,1996.7398236006
2026-07-27 15:04:28,325.604361652767,1.03296211467718,2238815.08358511,1995.06534107136
2026-07-27 15:04:29,325.698543652338,1.08951396278427,2232836.71077886,1993.37499108628
2026-07-27 15:04:30,325.793216071331,1.14617775594037,2226863.42914686,1991.66862252902
2026-07-27 15:04:31,325.888382419124,1.2029538874199,2220895.29565985,1989.9460899364
2026-07-27 15:04:32,325.984046931803,1.25984299554089,2214932.34182701,1988.20722484888
2026-07-27 15:04:33,326.080213190104,1.31684547262791,2208974.6253708,1986.45187826742
2026-07-27 15:04:34,326.176885034095,1.3739617894974,2203022.19604192,1984.67989251225
2026-07-27 15:04:35,326.274066344617,1.43119241819486,2197075.10375965,1982.89110796967
2026-07-27 15:04:36,326.371761025513,1.48853782472275,2191133.39936137,1981.08536358503
2026-07-27 15:04:37,326.469973025227,1.54599847702946,2185197.13376323,1979.26249622338
2026-07-27 15:04:38,326.568706321787,1.60357483919262,2179266.3585566,1977.42234110276
2026-07-27 15:04:39,326.66796468512,1.66126729069469,2173341.13428489,1975.56473913365
2026-07-27 15:04:40,326.76775264563,1.71907645480309,2167421.49669334,1973.68950696281
2026-07-27 15:04:41,326.868074046972,1.77700270695118,2161507.50727152,1971.79648171393
2026-07-27 15:04:42,326.968933008251,1.8350465015174,2155599.21961708,1969.88549122297
2026-07-27 15:04:43,327.070333684601,1.89320829014895,2149696.68783679,1967.9563614322
2026-07-27 15:04:44,327.172280265395,1.95148852076487,2143799.96663728,1966.00891642685
2026-07-27 15:04:45,327.274776982273,2.00988764030283,2137909.11103656,1964.04297819233
2026-07-27 15:04:46,327.377827844657,2.06840600771603,2132024.18510245,1962.05837480201
2026-07-27 15:04:47,327.481437655281,2.12704422553116,2126145.22858322,1960.05490885199
2026-07-27 15:04:48,327.58561050341,2.18580264693669,2120272.30652319,1958.03240427441
2026-07-27 15:04:49,327.69035076505,2.24468170323519,2114405.47625783,1955.99067526203
2026-07-27 15:04:50,327.795662853836,2.30368182144848,2108544.79570903,1953.92953397286
2026-07-27 15:04:51,327.901551220614,2.36280342423571,2102690.32338034,1951.84879054729
2026-07-27 15:04:52,328.008020358348,2.42204693075038,2096842.11825917,1949.74825292302
2026-07-27 15:04:53,328.115074532809,2.48141267293779,2091000.24803783,1947.62773529532
2026-07-27 15:04:54,328.222718832626,2.54090122293558,2085164.75687111,1945.48702517707
2026-07-27 15:04:55,328.330957606114,2.60051290345597,2079335.71359587,1943.32593235483
2026-07-27 15:04:56,328.439795499705,2.66024811345832,2073513.17960844,1941.14425637506
2026-07-27 15:04:57,328.549237199586,2.72010724629086,2067697.21692593,1938.94179460044
2026-07-27 15:04:58,328.659287430487,2.78009068918082,2061887.88822006,1936.7183422435
2026-07-27 15:04:59,328.769950963234,2.84019882534363,2056085.25659747,1934.47369212231
2026-07-27 15:05:00,328.881232602538,2.90043202982605,2050289.38598625,1932.20763502612
2026-07-27 15:05:01,328.993136921142,2.96079058961206,2044500.34877426,1929.91996808036
2026-07-27 15:05:02,329.10566935769,3.0212750319889,2038718.1942926,1927.6104601221
2026-07-27 15:05:03,329.218834568864,3.08188563051103,2032942.99623006,1925.27890364335
2026-07-27 15:05:04,329.332637526963,3.14262273391129,2027174.82101068,1922.92508017746
2026-07-27 15:05:05,329.447083246391,3.20348668361833,2021413.73570734,1920.54876890777
2026-07-27 15:05:06,329.562176783129,3.26447781325653,2015659.80807018,1918.14974667107
2026-07-27 15:05:07,329.677923236934,3.32559644865992,2009913.1065059,1915.72778786264
2026-07-27 15:05:08,329.794327463056,3.38684282551399,2004173.70777066,1913.28267361106
2026-07-27 15:05:09,329.911395214822,3.44821741586168,1998441.66634841,1910.81415542179
2026-07-27 15:05:10,330.029131438005,3.50972043868869,1992717.06033839,1908.32200938537
2026-07-27 15:05:11,330.147541400336,3.57135218398857,1986999.96100855,1905.80600027041
2026-07-27 15:05:12,330.266630418779,3.63311293386742,1981290.44018877,1903.26589017307
2026-07-27 15:05:13,330.386403849942,3.69500295940596,1975588.57053997,1900.70143880708
2026-07-27 15:05:14,330.506867098385,3.75702252277189,1969894.42533553,1898.11240323304
2026-07-27 15:05:15,330.628025609321,3.8191718745607,1964208.07868287,1895.49853806784
2026-07-27 15:05:16,330.749884575749,3.88145117370222,1958529.61279437,1892.85960486945
2026-07-27 15:05:17,330.872450130646,3.9438608122715,1952859.08834678,1890.19533388789
2026-07-27 15:05:18,330.995727557669,4.00640092643384,1947196.5890874,1887.50548143094
2026-07-27 15:05:19,331.119722482011,4.06907172130084,1941542.19213457,1884.7897916538
2026-07-27 15:05:20,331.244440574636,4.13187339029114,1935895.97532394,1882.04800605994
2026-07-27 15:05:21,331.369887556508,4.19480611499518,1930258.01719444,1879.27986331565
2026-07-27 15:05:22,331.496069186033,4.25787006178183,1924628.3972649,1876.48509965779
2026-07-27 15:05:23,331.622990963215,4.32106530459155,1919007.20286352,1873.6634584623
2026-07-27 15:05:24,331.750659363519,4.38439214548843,1913394.50058901,1870.81465028865
2026-07-27 15:05:25,331.879079977858,4.44785062915072,1907790.3795032,1867.93841304503
2026-07-27 15:05:26,332.008258754343,4.51144086702691,1902194.92221676,1865.03447182333
2026-07-27 15:05:27,332.138201687398,4.57516295505398,1896608.21219553,1862.1025489181
2026-07-27 15:05:28,332.268914813437,4.63901697227528,1891030.33384931,1859.14236396154
2026-07-27 15:05:29,332.400404225872,4.70300298468323,1885461.37216375,1856.15363344459
2026-07-27 15:05:30,332.53267605613,4.7671210388191,1879901.4132268,1853.13607127485
2026-07-27 15:05:31,332.665736157873,4.83137108430068,1874350.55087689,1850.08939912486
2026-07-27 15:05:32,332.799591414032,4.89575329597946,1868808.85884066,1847.01330368938
2026-07-27 15:05:33,332.934247772195,4.96026758725463,1863276.43277814,1843.90750086452
2026-07-27 15:05:34,333.069711557026,5.02491393447815,1857753.36217147,1840.77169285037
2026-07-27 15:05:35,333.20598913778,5.08969229459292,1852239.73742199,1837.60557902442
2026-07-27 15:05:36,333.343086933134,5.15460260498662,1846735.64982493,1834.40885573815
2026-07-27 15:05:37,333.481011406386,5.21964478233797,1841241.19162916,1831.18121648501
2026-07-27 15:05:38,333.619768731345,5.284818643292,1835756.46266565,1827.92236290189
2026-07-27 15:05:39,333.759366146847,5.35012422286911,1830281.54351831,1824.63196008008
2026-07-27 15:05:40,333.899809918331,5.41556129292154,1824816.53603692,1821.30970376113
2026-07-27 15:05:41,334.041106703951,5.48112968468789,1819361.53610651,1817.9552753081
2026-07-27 15:05:42,334.183263202763,5.54682920433973,1813916.64072746,1814.56835326196
2026-07-27 15:05:43,334.326286166665,5.61265963587127,1808481.94773181,1811.14861296414
2026-07-27 15:05:44,334.470182389953,5.67862073749334,1803057.55603848,1807.6957268669
2026-07-27 15:05:45,334.614958363859,5.74471216415837,1797643.57194547,1804.20937604413
2026-07-27 15:05:46,334.760621685417,5.81093378200722,1792240.08333429,1800.68920324767
2026-07-27 15:05:47,334.907178937699,5.87728519285774,1786847.1986022,1797.13488348816
2026-07-27 15:05:48,335.054637107262,5.94376605128375,1781465.02059775,1793.5460768218
2026-07-27 15:05:49,335.203003223558,6.01037598345296,1776093.65323735,1789.92244036188
2026-07-27 15:05:50,335.352284365442,6.07711458738487,1770733.2014351,1786.26362803105
2026-07-27 15:05:51,335.502487656252,6.14398143168271,1765383.77115551,1782.56929073513
2026-07-27 15:05:52,335.653620264507,6.21097605432833,1760045.46945878,1778.83907630354
2026-07-27 15:05:53,335.805689034817,6.27809788513513,1754718.41059491,1775.07264194684
2026-07-27 15:05:54,335.958701968108,6.34534655628273,1749402.69131595,1771.26960436222
2026-07-27 15:05:55,336.11266600097,6.41272143333014,1744098.42806637,1767.4296145196
2026-07-27 15:05:56,336.267588485909,6.48022192677333,1738805.73216142,1763.55230779638
2026-07-27 15:05:57,336.423476813117,6.54784741203301,1733524.71609627,1759.63731672965
2026-07-27 15:05:58,336.580338427893,6.61559723205258,1728255.4932869,1755.6842704098
2026-07-27 15:05:59,336.738180810544,6.68347069200198,1722998.17842689,1751.69279513789
2026-07-27 15:06:00,336.897011099149,6.75146698392427,1717752.89323084,1747.66252727691
2026-07-27 15:06:01,337.056837637421,6.81958549433545,1712519.7426589,1743.59306056946
2026-07-27 15:06:02,337.21766764886,6.88782533920855,1707298.85074866,1739.48402525816
2026-07-27 15:06:03,337.379508788289,6.95618567256268,1702090.33671072,1735.33503528096
2026-07-27 15:06:04,337.542368746634,7.02466560824177,1696894.32091611,1731.14570176941
2026-07-27 15:06:05,337.706255262995,7.09326421971479,1691710.92484912,1726.91563256641
2026-07-27 15:06:06,337.871176110177,7.16198053744484,1686540.27124316,1722.64443275524
2026-07-27 15:06:07,338.037139102462,7.23081354925281,1681382.48398813,1718.33170437893
2026-07-27 15:06:08,338.204151687546,7.29976212366238,1676237.69377678,1713.97706049758
2026-07-27 15:06:09,338.372222561054,7.36882530910017,1671106.01572482,1709.58006956016
2026-07-27 15:06:10,338.54135925271,7.43800188389645,1665987.58289906,1705.14033855482
2026-07-27 15:06:11,338.711569720005,7.50729065216903,1660882.52413366,1700.65745811475
2026-07-27 15:06:12,338.882861967734,7.57669037215963,1655790.96932498,1696.13101562706
2026-07-27 15:06:13,339.055244028371,7.64619975162161,1650713.04970195,1691.56059590716
2026-07-27 15:06:14,339.22872396586,7.71581744768865,1645648.8977633,1686.94578107192
2026-07-27 15:06:15,339.403309461105,7.78554199358383,1640598.65250528,1682.28616497422
2026-07-27 15:06:16,339.579009484649,7.85537208992895,1635562.43826334,1677.58129497301
2026-07-27 15:06:17,339.755831779939,7.92530616299311,1630540.39664843,1672.8307595187
2026-07-27 15:06:18,339.933784538707,7.99534265827469,1625532.66517551,1668.034129892
2026-07-27 15:06:19,340.112875974477,8.06547996390772,1620539.38274685,1663.19097501862
2026-07-27 15:06:20,340.293114340744,8.13571641332826,1615560.68938556,1658.30086085964
2026-07-27 15:06:21,340.474507902513,8.20605027906853,1610596.72660011,1653.36335140005
2026-07-27 15:06:22,340.657064958577,8.27647977569183,1605647.63709711,1648.37800788295
2026-07-27 15:06:23,340.840793386312,8.34700298599419,1600713.5698595,1643.3444048919
2026-07-27 15:06:24,341.025702402422,8.41761814248935,1595794.660387,1638.26206822079
2026-07-27 15:06:25,341.211799931563,8.48832320264724,1590891.06034451,1633.13056769794
2026-07-27 15:06:26,341.39909434534,8.55911612896935,1586002.91785498,1627.94945589729
2026-07-27 15:06:27,341.587594045635,8.62999482055468,1581130.3822201,1622.71828283826
2026-07-27 15:06:28,341.777307438049,8.70095710710926,1576273.60425117,1617.43659691342
2026-07-27 15:06:29,341.968242945104,8.77200075079329,1571432.7360574,1612.10394446511
2026-07-27 15:06:30,342.160408543241,8.84312337635598,1566607.93569429,1606.71988632812
2026-07-27 15:06:31,342.353813588524,8.91432274141095,1561799.34875918,1601.28393268318
2026-07-27 15:06:32,342.548466077724,8.98559632637336,1557007.13613146,1595.79564076903
2026-07-27 15:06:33,342.744374464059,9.05694160677899,1552231.45538665,1590.25455021564
2026-07-27 15:06:34,342.94154721164,9.12835598305771,1547472.46548461,1584.66019886834
2026-07-27 15:06:35,343.139992778761,9.19983677858838,1542730.32681207,1579.01212346292
2026-07-27 15:06:36,343.339719625572,9.27138123940961,1538005.20111405,1573.30985936449
2026-07-27 15:06:37,343.540735732603,9.3429864674964,1533297.25578549,1567.55295798161
2026-07-27 15:06:38,343.743050499122,9.41464967896201,1528606.64682163,1561.74091825313
2026-07-27 15:06:39,343.946671897134,9.48636781285806,1523933.54445601,1555.87328938481
2026-07-27 15:06:40,344.151608354587,9.55813778944405,1519278.11606585,1549.94960295969
2026-07-27 15:06:41,344.357868289582,9.62995644457764,1514640.53040641,1543.96938975659
2026-07-27 15:06:42,344.565460108103,9.70182052839626,1510020.95760737,1537.93217986838
2026-07-27 15:06:43,344.774392186689,9.77372670211512,1505419.56928885,1531.83750337132
2026-07-27 15:06:44,344.98467289247,9.84567153924225,1500836.53839302,1525.68488962357
2026-07-27 15:06:45,345.196310062969,9.91765146164111,1496272.0431428,1519.47388636637
2026-07-27 15:06:46,345.409312996453,9.98966298097012,1491726.25165529,1513.20398689546
2026-07-27 15:06:47,345.623689477108,10.0617023337187,1487199.34499912,1506.87473896539
2026-07-27 15:06:48,345.839447744871,10.1337657216239,1482691.50183705,1500.48567276627
2026-07-27 15:06:49,346.056596009771,10.205849251613,1478202.90215449,1494.03631875473
2026-07-27 15:06:50,346.275142429496,10.2779489317374,1473733.72742388,1487.52620851277
2026-07-27 15:06:51,346.49509512926,10.3500606720795,1469284.16045814,1480.95487405382
2026-07-27 15:06:52,346.716461662119,10.422180225572,1464854.38895072,1474.32186789105
2026-07-27 15:06:53,346.939251076116,10.4943034128569,1460444.59158958,1467.62668652007
2026-07-27 15:06:54,347.16347081998,10.5664257810127,1456054.95893199,1460.8688850184
2026-07-27 15:06:55,347.389128795928,10.6385428298406,1451685.67939986,1454.04800116245
2026-07-27 15:06:56,347.616232849336,10.7106499542362,1447336.94274082,1447.16357435913
2026-07-27 15:06:57,347.844790743298,10.7827424398842,1443008.94020154,1440.21514663005
2026-07-27 15:06:58,348.074810183662,10.8548154655556,1438701.86430283,1433.20226176235
2026-07-27 15:06:59,348.306298792584,10.9268640997965,1434415.9089541,1426.12446636867
2026-07-27 15:07:00,348.539263570446,10.9988832495332,1430151.27240591,1418.98133016459
2026-07-27 15:07:01,348.773713051312,11.0708678613549,1425908.14526156,1411.77236507009
2026-07-27 15:07:02,349.009654061024,11.1428126153748,1421686.72852309,1404.49714701514
2026-07-27 15:07:03,349.247093876009,11.2147121286232,1417487.22145252,1397.15523497791
2026-07-27 15:07:04,349.486039664019,11.2865609017237,1413309.82465584,1389.7461920629
2026-07-27 15:07:05,349.726498489787,11.3583533181615,1409154.74004711,1382.2695853484
2026-07-27 15:07:06,349.968477317344,11.4300836440133,1405022.17078814,1374.72498588483
2026-07-27 15:07:07,350.211982426377,11.501745980881,1400912.323908,1367.1119909751
2026-07-27 15:07:08,350.457021651376,11.5733344448509,1396825.39997864,1359.4301391398
2026-07-27 15:07:09,350.703601031379,11.6448428946925,1392761.60862955,1351.67903747527
2026-07-27 15:07:10,350.95172703427,11.7162651139623,1388721.15802438,1343.8582773242
2026-07-27 15:07:11,351.201405985194,11.787594761499,1384704.25763604,1335.96745599175
2026-07-27 15:07:12,351.452644066958,11.8588253729375,1380711.11809514,1328.006176882
2026-07-27 15:07:13,351.705447324152,11.9299503597367,1376741.95118227,1319.97404940563
2026-07-27 15:07:14,351.959821058018,12.0009629693589,1372796.97197533,1311.87071236987
2026-07-27 15:07:15,352.215772140229,12.0718564376451,1368876.39033668,1303.69574505938
2026-07-27 15:07:16,352.473305552819,12.1426237582814,1364980.42366219,1295.44880038763
2026-07-27 15:07:17,352.732426676628,12.2132578363885,1361109.28828726,1287.12951704414
2026-07-27 15:07:18,352.993140723014,12.2837514505114,1357263.201554,1278.73754144658
2026-07-27 15:07:19,353.255452699212,12.3540972487776,1353442.38197388,1270.27252913147
2026-07-27 15:07:20,353.519367444077,12.4242877533101,1349647.04894313,1261.73414354735
2026-07-27 15:07:21,353.784889575104,12.4943153552195,1345877.42297385,1253.12205815175
2026-07-27 15:07:22,354.052022926812,12.5641722894946,1342133.72699625,1244.43597849255
2026-07-27 15:07:23,354.320772893285,12.6338507487443,1338416.18023869,1235.67555091907
2026-07-27 15:07:24,354.591142873585,12.703342708274,1334725.0075684,1226.84050129304
2026-07-27 15:07:25,354.863136638398,12.7726400444557,1331060.43311593,1217.93054286296
2026-07-27 15:07:26,355.136757713669,12.8417345040003,1327422.68190129,1208.94540038708
2026-07-27 15:07:27,355.412009393256,12.9106177064092,1323811.97968537,1199.88480979468
2026-07-27 15:07:28,355.688894728807,12.9792811422016,1320228.55304863,1190.74851863997
2026-07-27 15:07:29,355.967415894484,13.0477161544642,1316672.63033519,1181.53631135315
2026-07-27 15:07:30,356.247576641158,13.1159140209488,1313144.43738702,1172.24791248158
2026-07-27 15:07:31,356.529378621924,13.1838658297485,1309644.20399879,1162.8831317532
2026-07-27 15:07:32,356.812823818984,13.2515625650168,1306172.1594635,1153.44176852532
2026-07-27 15:07:33,357.097913933283,13.3189950865896,1302728.53364128,1143.92363596213
2026-07-27 15:07:34,357.384650368971,13.3861541302573,1299313.55695712,1134.32856175706
2026-07-27 15:07:35,357.673034245782,13.4530303102638,1295927.4602903,1124.65638778956
2026-07-27 15:07:36,357.963066357258,13.5196141189003,1292570.47501673,1114.9069718829
2026-07-27 15:07:37,358.254746566229,13.5858959201418,1289242.83335262,1105.08021213384
2026-07-27 15:07:38,358.548076299104,13.6518659889285,1285944.76641783,1095.1759473013
2026-07-27 15:07:39,358.843054764411,13.7175144532365,1282676.50717927,1085.19410805734
2026-07-27 15:07:40,359.139681464036,13.7828313374768,1279438.28831459,1075.13461679902
2026-07-27 15:07:41,359.437955552427,13.8478065536905,1276230.34270415,1064.99741336135
2026-07-27 15:07:42,359.737875841393,13.912429903044,1273052.90341067,1054.78245492626
2026-07-27 15:07:43,0.0394407690477221,13.9766910793409,1269906.20356525,1044.48971743589
2026-07-27 15:07:44,0.342647772951017,14.0405796722626,1266790.47627439,1034.11922105135
2026-07-27 15:07:45,0.647495844489036,14.1040851647981,1263705.95481554,1023.67092696709
2026-07-27 15:07:46,0.953981662023021,14.1671969419426,1260652.8722892,1013.14489387427
2026-07-27 15:07:47,1.26210215872059,14.2299042912942,1257631.46167365,1002.54117430382
2026-07-27 15:07:48,1.57185386905924,14.292196405839,1254641.9557788,991.859841133012
2026-07-27 15:07:49,1.88323292610133,14.3540623884199,1251684.58712579,981.100987850995
2026-07-27 15:07:50,2.19623505163244,14.4154912531409,1248759.58798027,970.264729017189
2026-07-27 15:07:51,2.51085554751638,14.4764719312169,1245867.19017964,959.351200793888
2026-07-27 15:07:52,2.82708863529903,14.5369932885936,1243007.62441492,948.36058808004
2026-07-27 15:07:53,3.14493008090412,14.5970440700722,1240181.12298446,937.293017104213
2026-07-27 15:07:54,3.46437322862268,14.6566129914203,1237387.91556933,926.148717953038
2026-07-27 15:07:55,3.78541164782752,14.7156886863482,1234628.23187162,914.927916329538
2026-07-27 15:07:56,4.10803844757215,14.7742597252052,1231902.30086946,903.630861706915
2026-07-27 15:07:57,4.43224628699952,14.8323146190813,1229210.35076901,892.257827002094
2026-07-27 15:07:58,4.75802735567116,14.8898418252233,1226552.6089018,880.809109491175
2026-07-27 15:07:59,5.08537270482083,14.9468297790071,1223929.30041078,869.285058575196
2026-07-27 15:08:00,5.41427493085709,15.0032667895148,1221340.65320859,857.685964829132
2026-07-27 15:08:01,5.74472412081346,15.0591412070716,1218786.89043885,846.012227810691
2026-07-27 15:08:02,6.07671056738523,15.1144413227757,1216268.23527562,834.264243916562
2026-07-27 15:08:03,6.41022405711631,15.1691553990994,1213784.90969399,822.442435819525
2026-07-27 15:08:04,6.74525389383151,15.2232716765848,1211337.13434934,810.547251639761
2026-07-27 15:08:05,7.08178887250173,15.2767783794788,1208925.12851165,798.57916606792
2026-07-27 15:08:06,7.41981661138614,15.3296637637956,1206549.10810492,786.538708406806
2026-07-27 15:08:07,7.75932625932265,15.381915956602,1204209.2931129,774.426349363309
2026-07-27 15:08:08,8.10030441747791,15.4335232107065,1201905.89635394,762.242671697467
2026-07-27 15:08:09,8.44273784577656,15.4844737462238,1199639.13080854,749.98825706581
2026-07-27 15:08:10,8.7866127937305,15.5347558003624,1197409.2075998,737.663714145678
2026-07-27 15:08:11,9.13191499888157,15.5843576306881,1195216.33606791,725.269678652261
2026-07-27 15:08:12,9.47862966293675,15.6332675254679,1193060.72353574,712.806814439292
2026-07-27 15:08:13,9.82674147195385,15.6814738081374,1190942.57533988,700.275812662024
2026-07-27 15:08:14,10.1762338982593,15.7289649055455,1188862.09207849,687.677421393774
2026-07-27 15:08:15,10.527091961388,15.7757291183723,1186819.47988234,675.012328792342
2026-07-27 15:08:16,10.8792980759951,15.8217549801258,1184814.93494848,662.281338776186
2026-07-27 15:08:17,11.2328348346115,15.8670310312317,1182848.65367409,649.485253368553
2026-07-27 15:08:18,11.5876842880572,15.9115458868513,1180920.82993405,636.624903140725
2026-07-27 15:08:19,11.9438279777127,15.955288240553,1179031.65516969,623.701145821589
2026-07-27 15:08:20,12.3012469112632,15.9982468759695,1177181.31813497,610.714867374965
2026-07-27 15:08:21,12.659920881948,16.0404107475107,1175370.0016911,597.667011061926
2026-07-27 15:08:22,13.0198312487352,16.0817686902722,1173597.89549169,584.558458676952
2026-07-27 15:08:23,13.3809567632148,16.1223098731065,1171865.17680885,571.390208753755
2026-07-27 15:08:24,13.7432763632763,16.1620235100552,1170172.02317423,558.163257244456
2026-07-27 15:08:25,14.1067684713403,16.2008989445869,1168518.60902255,544.878627507385
2026-07-27 15:08:26,14.4714110039579,16.2389256544346,1166905.10574425,531.537369795857
2026-07-27 15:08:27,14.8371813756059,16.276093262827,1165331.68146705,518.140561149934
2026-07-27 15:08:28,15.2040565024247,16.3123915426084,1163798.50113988,504.689305082513
2026-07-27 15:08:29,15.5720121125323,16.3478105220385,1162305.72234361,491.184761428664
2026-07-27 15:08:30,15.941025527034,16.3823401179667,1160853.51096353,477.628026171267
2026-07-27 15:08:31,16.3110715101384,16.4159706977355,1159442.01781691,464.020310473781
2026-07-27 15:08:32,16.6821250426038,16.4486927224751,1158071.3939155,450.362821018042
2026-07-27 15:08:33,17.0541606424757,16.4804968431143,1156741.78667664,436.656789171511
2026-07-27 15:08:34,17.4271523702699,16.5113739099892,1155453.33977084,422.903470732437
2026-07-27 15:08:35,17.8010738234168,16.541314982109,1154206.19298237,409.104146079605
2026-07-27 15:08:36,18.1758974887625,16.5703114388691,1153000.4778252,395.260148272156
2026-07-27 15:08:37,18.5515974805539,16.5983545569771,1151836.33531047,381.372743820473
2026-07-27 15:08:38,18.928145425666,16.625436165256,1150713.88903927,367.443311607046
2026-07-27 15:08:39,19.3055132263692,16.6515482217501,1149633.26297256,353.473222615878
2026-07-27 15:08:40,19.683672378322,16.6766829291285,1148594.57687142,339.463869503883
2026-07-27 15:08:41,20.0625940091884,16.7008327370151,1147597.94642213,325.416664811134
2026-07-27 15:08:42,20.4422488440605,16.7239903552784,1146643.48290514,311.333042322327
2026-07-27 15:08:43,20.8226065801268,16.7461488812977,1145731.28819269,297.214484475154
2026-07-27 15:08:44,21.2036386006571,16.7673013062242,1144861.47518127,283.062403059877
2026-07-27 15:08:45,21.5853139031881,16.7874412722119,1144034.13695351,268.878317825664
2026-07-27 15:08:46,21.9676018451645,16.8065625774811,1143249.36726155,254.663735840301
2026-07-27 15:08:47,22.3504714616642,16.8246593110448,1142507.2551862,240.420181351784
2026-07-27 15:08:48,22.7338915103108,16.8417258509688,1141807.88538384,226.149193644437
2026-07-27 15:08:49,23.1178304439421,16.8577568778369,1141151.33770543,211.852328104242
2026-07-27 15:08:50,23.5022564625781,16.8727473726512,1140537.68744218,197.531153797142
2026-07-27 15:08:51,23.8871368380663,16.8866927714866,1139966.99919766,183.18728326025
2026-07-27 15:08:52,24.2724406159466,16.8995883895182,1139439.35041769,168.822252665729
2026-07-27 15:08:53,24.658134614828,16.9114302884215,1138954.79629644,154.437698837067
2026-07-27 15:08:54,25.0441861066336,16.9222147110135,1138513.39286779,140.035240456392
2026-07-27 15:08:55,25.4305621930221,16.9319382199166,1138115.19148611,125.616505483727
2026-07-27 15:08:56,25.8172297893731,16.940597710202,1137760.23841967,111.183131770729
2026-07-27 15:08:57,26.2041556657407,16.9481904042292,1137448.57515576,96.7367650128983
2026-07-27 15:08:58,26.5913057943781,16.954714020798,1137180.23164865,82.2790877754583
2026-07-27 15:08:59,26.9786479998406,16.9601661331569,1136955.25234807,67.8117010846227
2026-07-27 15:09:00,27.3661480376634,16.9645451298389,1136773.65741895,53.3362991778099
2026-07-27 15:09:01,27.7537722252219,16.9678495827722,1136635.46834623,38.8545520218559
2026-07-27 15:09:02,28.1414868213537,16.9700784036015,1136540.70165788,24.3681328406476
2026-07-27 15:09:03,28.5292580382785,16.9712308446879,1136489.36891857,9.87871738359771
2026-07-27 15:09:04,28.9170520477193,16.9713065050224,1136481.4765141,-4.61201644687221
2026-07-27 15:09:05,29.3048350218758,16.970305322137,1136517.02599076,-19.1023906532859
2026-07-27 15:09:06,29.6925724939806,16.9682277587615,1136596.00651886,-33.5906984632446
2026-07-27 15:09:07,30.0802319281941,16.9650740866936,1136718.42380421,-48.0753201479169
2026-07-27 15:09:08,30.4677789267735,16.960845449644,1136884.25714805,-62.5545525447767
2026-07-27 15:09:09,30.8551797766695,16.9555431599019,1137093.48781853,-77.0267237354308
2026-07-27 15:09:10,31.2424008556808,16.9491688659402,1137346.09224192,-91.4901665014917
2026-07-27 15:09:11,31.6294086206644,16.9417245594746,1137642.041666,-105.943217940027
2026-07-27 15:09:12,32.0161696586223,16.9332125637104,1137981.30257323,-120.384221912253
2026-07-27 15:09:13,32.4026500585143,16.9236357326587,1138363.82853695,-134.811500739135
2026-07-27 15:09:14,32.788817905194,16.9129966754483,1138789.59154782,-149.223468304056
2026-07-27 15:09:15,33.1746396051807,16.9012989022306,1139258.53552866,-163.618463788157
2026-07-27 15:09:16,33.560082349249,16.8885460620294,1139770.60708371,-177.994863332824
2026-07-27 15:09:17,33.9451135430763,16.8747421215798,1140325.74814892,-192.351054357047
2026-07-27 15:09:18,34.3297007887287,16.8598913711088,1140923.89563585,-206.685434897277
2026-07-27 15:09:19,34.7138119349626,16.843998409634,1141564.98189784,-220.996416003419
2026-07-27 15:09:20,35.0974150683823,16.8270681493423,1142248.93441239,-235.282421446147
2026-07-27 15:09:21,35.4804779463281,16.8091060168457,1142975.6674219,-249.541861943022
2026-07-27 15:09:22,35.8629703751448,16.7901171132719,1143745.11602682,-263.77324393552
2026-07-27 15:09:23,36.2448606767094,16.7701074595833,1144557.18525205,-277.975008268007
2026-07-27 15:09:24,36.6261180748369,16.7490831566774,1145411.78410525,-292.145639344147
2026-07-27 15:09:25,37.0067121154049,16.7270505908657,1146308.81702387,-306.283638661693
2026-07-27 15:09:26,37.3866126645963,16.7040164295933,1147248.18386156,-320.387524950425
2026-07-27 15:09:27,37.7657899562425,16.6799876061861,1148229.78031822,-334.455836341962
2026-07-27 15:09:28,38.1442140064858,16.6549715452969,1149253.48845324,-348.487103592255
2026-07-27 15:09:29,38.5218568941949,16.6289752714561,1150319.21317788,-362.479955063369
2026-07-27 15:09:30,38.8986893932175,16.6020067175573,1151426.82819059,-376.432961921432
2026-07-27 15:09:31,39.2746832378228,16.5740738449442,1152576.21195635,-390.344742358749
2026-07-27 15:09:32,39.6498105699006,16.5451848517883,1153767.23891433,-404.213936329694
2026-07-27 15:09:33,40.0240439427752,16.5153481723907,1154999.77927626,-418.039205699524
2026-07-27 15:09:34,40.3973563469967,16.4845724597089,1156273.69951635,-431.819235606119
2026-07-27 15:09:35,40.7697206752898,16.452866816289,1157588.85249985,-445.552709635872
2026-07-27 15:09:36,41.1411118533505,16.4202398689651,1158945.11581916,-459.238408738161
2026-07-27 15:09:37,41.5115036737989,16.3867011290425,1160342.33486449,-472.875064460755
2026-07-27 15:09:38,41.8808709191822,16.3522600757695,1161780.36075216,-486.461457448059
2026-07-27 15:09:39,42.2491888487449,16.3169263721572,1163259.0410909,-499.996393677741
2026-07-27 15:09:40,42.6164331885116,16.2807098648602,1164778.21973292,-513.478704041248
2026-07-27 15:09:41,42.9825801651861,16.2436205644324,1166337.73734874,-526.90724594367
2026-07-27 15:09:42,43.3476064803478,16.2056686492859,1167937.4310044,-540.280902211571
2026-07-27 15:09:43,43.7114888468515,16.1668646886123,1169577.12442986,-553.59855932121
2026-07-27 15:09:44,44.0742059569669,16.1272186860696,1171256.66835555,-566.859199584194
2026-07-27 15:09:45,44.435735524859,16.086741495889,1172975.8801771,-580.061762772535
2026-07-27 15:09:46,44.7960562706202,16.0454438643301,1174734.58433858,-593.205239003291
2026-07-27 15:09:47,45.1551474251567,16.0033366637675,1176532.60215535,-606.288645492897
2026-07-27 15:09:48,45.5129887386803,15.9604308800952,1178369.75209417,-619.311027019263
2026-07-27 15:09:49,45.8695604830854,15.9167376028209,1180245.84994255,-632.271456095694
2026-07-27 15:09:50,46.2248429840943,15.8722682713909,1182160.69789286,-645.169010760082
2026-07-27 15:09:51,46.5788184865303,15.8270336767191,1184114.12746421,-658.002862722202
2026-07-27 15:09:52,46.9314683583918,15.7810454313276,1186105.93572053,-670.772145387194
2026-07-27 15:09:53,47.2827749664649,15.734314976315,1188135.9279057,-683.476042297595
2026-07-27 15:09:54,47.6327211986297,15.6868538221833,1190203.90680577,-696.113764658269
2026-07-27 15:09:55,47.9812904674129,15.6386735413523,1192309.67283041,-708.684551437885
2026-07-27 15:09:56,48.3284667233153,15.5897857541041,1194453.02438791,-721.187669951721
2026-07-27 15:09:57,48.6742344213208,15.5402021348043,1196633.7573742,-733.622414383113
2026-07-27 15:09:58,49.0185781363124,15.4899346394854,1198851.65484004,-745.988087194103
2026-07-27 15:09:59,49.3614842239656,15.4389945109485,1201106.5308385,-758.284078575839
2026-07-27 15:10:00,49.7029382902232,15.3873937634706,1203398.16447601,-770.509745517818
2026-07-27 15:10:01,50.0429268816371,15.3351441806094,1205726.3440201,-782.664492510648
2026-07-27 15:10:02,50.3814370590704,15.2822575582213,1208090.85594318,-794.747751119421
2026-07-27 15:10:03,50.7184564035801,15.2287456918011,1210491.48527763,-806.758980243484
2026-07-27 15:10:04,51.0539729940688,15.1746203819075,1212928.01516411,-818.697665003701
2026-07-27 15:10:05,51.3879750304494,15.1198936690516,1215400.2159793,-830.56329854757
2026-07-27 15:10:06,51.7204523856287,15.0645768229026,1217907.89098127,-842.355456839327
2026-07-27 15:10:07,52.0513942506368,15.0086818515283,1220450.8077294,-854.073685048245
2026-07-27 15:10:08,52.3807907040653,14.9522204820483,1223028.74404939,-865.717573221578
2026-07-27 15:10:09,52.7086323067145,14.8952044149682,1225641.47634564,-877.286736615337
2026-07-27 15:10:10,53.0349101124493,14.8376453060293,1228288.78025836,-888.78081622282
2026-07-27 15:10:11,53.359615640168,14.7795547758716,1230970.43004992,-900.199477377278
2026-07-27 15:10:12,53.6827405304915,14.7209446490522,1233686.187304,-911.542392843187
2026-07-27 15:10:13,54.0042779623519,14.661825932443,1236435.84828943,-922.809312131847
2026-07-27 15:10:14,54.324220496252,14.6022103411103,1239219.17289728,-933.99995592764
2026-07-27 15:10:15,54.6425615065234,14.5421092730929,1242035.93209586,-945.1140860886
2026-07-27 15:10:16,54.959294816013,14.4815340596657,1244885.89618427,-956.151487711186
2026-07-27 15:10:17,55.2744146856986,14.4204959628695,1247768.83477422,-967.111968596025
2026-07-27 15:10:18,55.5879158169592,14.3590061649019,1250684.5171645,-977.995359301658
2026-07-27 15:10:19,55.8997933327665,14.2970757753952,1253632.71187396,-988.801512110305
2026-07-27 15:10:20,56.2100424607591,14.2347160717153,1256613.17497799,-999.53028528865
2026-07-27 15:10:21,56.518659805586,14.1719374808257,1259625.6988487,-1010.18160627475
2026-07-27 15:10:22,56.8256414093497,14.1087511056959,1262670.03889092,-1020.75537521043
2026-07-27 15:10:23,57.1309840397274,14.0451677003407,1265745.96252345,-1031.25152887915
2026-07-27 15:10:24,57.4346848515755,13.9811979246397,1268853.23689813,-1041.67002391593
2026-07-27 15:10:25,57.7367413951824,13.9168523331928,1271991.62935722,-1052.01083704956
2026-07-27 15:10:26,58.03715158761,13.8521413860904,1275160.90682896,-1062.27396372268
2026-07-27 15:10:27,58.3359134354947,13.7870756873293,1278360.82396309,-1072.45940391465
2026-07-27 15:10:28,58.6330261720128,13.721664972946,1281591.17301897,-1082.56721981824
2026-07-27 15:10:29,58.928488516756,13.6559196317892,1284851.70880581,-1092.59744749773
2026-07-27 15:10:30,59.2222998246613,13.589849687255,1288142.19879096,-1102.55015518129
2026-07-27 15:10:31,59.5144597935634,13.5234650491797,1291462.41065355,-1112.42542826252
2026-07-27 15:10:32,59.8049684556001,13.4567755074697,1294812.11256,-1122.22336895297
2026-07-27 15:10:33,60.0938261624224,13.3897907404126,1298191.07270677,-1131.94409540158
2026-07-27 15:10:34,60.3810335864448,13.3225203041392,1301599.05981548,-1141.58774173716
2026-07-27 15:10:35,60.6665914575943,13.2549738851459,1305035.83019561,-1151.15444432917
2026-07-27 15:10:36,60.9505015691187,13.1871602925353,1308501.17918994,-1160.64439415211
2026-07-27 15:10:37,61.2327652429116,13.119088968894,1311994.86407421,-1170.05775684944
2026-07-27 15:10:38,61.5133843437864,13.0507689800827,1315516.65552668,-1179.39472549667
2026-07-27 15:10:39,61.7923610150508,12.9822092673897,1319066.32478234,-1188.65550681254
2026-07-27 15:10:40,62.0696976746462,12.913418643646,1322643.64383043,-1197.84032091392
2026-07-27 15:10:41,62.3453970045019,12.8444057969856,1326248.38521969,-1206.94940070398
2026-07-27 15:10:42,62.6194617207236,12.7751795352565,1329880.3091747,-1215.98297959679
2026-07-27 15:10:43,62.8918954640286,12.7057477903346,1333539.2160425,-1224.94133919466
2026-07-27 15:10:44,63.1627014402186,12.6361191162569,1337224.86749582,-1233.8247364006
2026-07-27 15:10:45,63.4318833160279,12.5663016858146,1340937.0392786,-1242.63345152713
2026-07-27 15:10:46,63.6994449902105,12.4963035444452,1344675.50789894,-1251.36777578911
2026-07-27 15:10:47,63.9653905808755,12.4261326069685,1348440.05082892,-1260.02801084021
2026-07-27 15:10:48,64.2297244218348,12.3557966608569,1352230.44635837,-1268.61446839789
2026-07-27 15:10:49,64.4924510574002,12.2853033611,1356046.47390503,-1277.12747003038
2026-07-27 15:10:50,64.7535750346513,12.214660484231,1359887.90017388,-1285.56733561612
2026-07-27 15:10:51,65.0131016840491,12.1438749367533,1363754.53331753,-1293.93442669196
2026-07-27 15:10:52,65.2710359362666,12.0729542345132,1367646.1423232,-1302.22908077238
2026-07-27 15:10:53,65.527383097203,12.0019055219887,1371562.51046663,-1310.45165438995
2026-07-27 15:10:54,65.7821486518709,11.9307358127948,1375503.42228155,-1318.60251215224
2026-07-27 15:10:55,66.0353382519044,11.8594519962583,1379468.66324894,-1326.68202609706
2026-07-27 15:10:56,66.286957714721,11.7880608316711,1383458.02017136,-1334.6905756372
2026-07-27 15:10:57,66.537012840742,11.7165691999999,1387471.26703608,-1342.62853703482
2026-07-27 15:10:58,66.7855100973977,11.6449831238695,1391508.22029446,-1350.49632291677
2026-07-27 15:10:59,67.0324555792628,11.5733092331288,1395568.656438,-1358.29432230615
2026-07-27 15:11:00,67.2778556946453,11.5015537894304,1399652.36690153,-1366.02294018248
2026-07-27 15:11:01,67.521716982043,11.4297229354436,1403759.14413023,-1373.68258698035
2026-07-27 15:11:02,67.764046113531,11.3578226850412,1407888.7822109,-1381.27367875335
2026-07-27 15:11:03,68.0048498782349,11.2858589388683,1412041.07605041,-1388.79663627561
2026-07-27 15:11:04,68.2441350424301,11.2138377106723,1416215.80825495,-1396.25187645259
2026-07-27 15:11:05,68.481908919258,11.1417641814963,1420412.80424245,-1403.63984721353
2026-07-27 15:11:06,68.7181784873057,11.0696441335791,1424631.8489796,-1410.96097380097
2026-07-27 15:11:07,68.9529509781599,10.9974829887227,1428872.74288839,-1418.21569453435
2026-07-27 15:11:08,69.1862337165531,10.9252860594089,1433135.28735552,-1425.40445116047
2026-07-27 15:11:09,69.4180341223231,10.8530585371525,1437419.28550008,-1432.52768904441
2026-07-27 15:11:10,69.6483597002713,10.7808055072097,1441724.54138486,-1439.58585649221
2026-07-27 15:11:11,69.8772180424198,10.7085319374348,1446050.86076155,-1446.57940494259
2026-07-27 15:11:12,70.1046166944025,10.6362429221213,1450398.03642762,-1453.50878044198
2026-07-27 15:11:13,70.3305636400152,10.5639427460055,1454765.90480943,-1460.37445522048
2026-07-27 15:11:14,70.5550665676338,10.4916362848078,1459154.26160346,-1467.1768799525
2026-07-27 15:11:15,70.7781333554759,10.4193280751455,1463562.91787789,-1473.91651529274
2026-07-27 15:11:16,70.999771940264,10.34702254899,1467991.68605465,-1480.59382359677
2026-07-27 15:11:17,71.2199903174801,10.2747240351829,1472440.37990393,-1487.20926881035
2026-07-27 15:11:18,71.4387965375288,10.2024367559726,1476908.81484842,-1493.76331637115
2026-07-27 15:11:19,71.6561986013225,10.1301650658215,1481396.79315619,-1500.25642572911
2026-07-27 15:11:20,71.8722048520674,10.0579125331834,1485904.16126454,-1506.6890785258
2026-07-27 15:11:21,72.0868233782334,9.98568331159904,1490430.72450168,-1513.06173601378
2026-07-27 15:11:22,72.300062406548,9.91348123086787,1494976.30369879,-1519.37486713255
2026-07-27 15:11:23,72.5119301994609,9.84131002702605,1499540.72099055,-1525.62894124436
2026-07-27 15:11:24,72.7224350525569,9.76917333814973,1504123.80017259,-1531.82442809946
2026-07-27 15:11:25,72.931585289913,9.69707471487941,1508725.36612395,-1537.96179745429
2026-07-27 15:11:26,73.1393892630395,9.62501761090256,1513345.24550502,-1544.04151918639
2026-07-27 15:11:27,73.3458552698168,9.553005616593,1517983.25173512,-1550.06405671221
2026-07-27 15:11:28,73.5509918570453,9.48104156648654,1522639.24278412,-1556.02989172747
2026-07-27 15:11:29,73.7548073601929,9.40912887285806,1527313.0351431,-1561.93948689335
2026-07-27 15:11:30,73.957310202776,9.33727064521641,1532004.46070822,-1567.79331032473
2026-07-27 15:11:31,74.158508825231,9.26546990340102,1536713.35314722,-1573.59182962789
2026-07-27 15:11:32,74.3584116714607,9.1937295895701,1541439.54720573,-1579.33551132556
2026-07-27 15:11:33,74.5570271984385,9.12205256013607,1546182.87932611,-1585.02482118713
2026-07-27 15:11:34,74.7543638057013,9.05044181209731,1550943.172625,-1590.66021823521
2026-07-27 15:11:35,74.9504300713894,8.97889961134438,1555720.29514763,-1596.24217689844
2026-07-27 15:11:36,75.1452343955904,8.90742879751238,1560514.07298227,-1601.77115365948
2026-07-27 15:11:37,75.3387852357151,8.83603192060171,1565324.34782843,-1607.24760908489
2026-07-27 15:11:38,75.5310910459125,8.76471145201602,1570150.96305452,-1612.6720023318
2026-07-27 15:11:39,75.7221602720252,8.69346979357588,1574993.7631764,-1618.04479084023
2026-07-27 15:11:40,75.9120013502535,8.62230927375456,1579852.59419797,-1623.36643035463
2026-07-27 15:11:41,76.1006226699102,8.55123236266732,1584727.28888187,-1628.63737004613
2026-07-27 15:11:42,76.288032727556,8.48024082656778,1589617.72504687,-1633.85807176466
2026-07-27 15:11:43,76.4742398815326,8.40933699837357,1594523.73827542,-1639.02898073657
2026-07-27 15:11:44,76.6592525166879,8.3385229359421,1599445.17981683,-1644.15054501702
2026-07-27 15:11:45,76.8430789991953,8.26780062873364,1604381.90249322,-1649.22321059042
2026-07-27 15:11:46,77.025727678107,8.19717200320785,1609333.76040718,-1654.24742128697
2026-07-27 15:11:47,77.2072068787829,8.12663892670636,1614300.60874851,-1659.22361856549
2026-07-27 15:11:48,77.3875249083276,8.0562031987613,1619282.30448787,-1664.15224177429
2026-07-27 15:11:49,77.5666900236363,7.9858667704173,1624278.6908108,-1669.03372349503
2026-07-27 15:11:50,77.7447105298795,7.91563091237804,1629289.65651234,-1673.868506711
2026-07-27 15:11:51,77.9215946315491,7.84549745842315,1634315.04750267,-1678.65701906414
2026-07-27 15:11:52,78.0973505304652,7.77546797954748,1639354.72564837,-1683.39968994805
2026-07-27 15:11:53,78.2719864015544,7.70554398848145,1644408.55431532,-1688.09694626485
2026-07-27 15:11:54,78.4455103877585,7.63572694907176,1649476.39776569,-1692.74921215402
2026-07-27 15:11:55,78.6179306016717,7.56601826642757,1654558.12194708,-1697.35690920084
2026-07-27 15:11:56,78.7892551161474,7.49641949843602,1659653.57901361,-1701.92045252826
2026-07-27 15:11:57,78.9594919961487,7.42693154837605,1664762.66673624,-1706.44026564728
2026-07-27 15:11:58,79.1286492463026,7.35755587128083,1669885.24000648,-1710.91675815052
2026-07-27 15:11:59,79.2967348438195,7.28829367679501,1675021.16936586,-1715.35034044446
2026-07-27 15:12:00,79.4637567317647,7.21914612189513,1680170.3269638,-1719.74142021051
2026-07-27 15:12:01,79.629722815608,7.15011432239838,1685332.58577099,-1724.09040214445
2026-07-27 15:12:02,79.7946409633237,7.08119934317972,1690507.82037825,-1728.39768813408
2026-07-27 15:12:03,79.9585190053927,7.01240220816668,1695695.90631575,-1732.66367709454
2026-07-27 15:12:04,80.1213647385889,6.94372409346897,1700896.70541697,-1736.88876179248
2026-07-27 15:12:05,80.2831859037791,6.87516554231011,1706110.1255696,-1741.07334169191
2026-07-27 15:12:06,80.4439902159843,6.80672764916997,1711336.03084928,-1745.21780351141
2026-07-27 15:12:07,80.6037853456169,6.73841126680564,1716574.30174626,-1749.32253430464
2026-07-27 15:12:08,80.7625789214927,6.67021721225986,1721824.81960864,-1753.38791803847
2026-07-27 15:12:09,80.920378529067,6.60214626339112,1727087.46696818,-1757.41433563111
2026-07-27 15:12:10,81.077191712242,6.53419915649777,1732362.12778759,-1761.40216503683
2026-07-27 15:12:11,81.2330259913019,6.46637678752705,1737648.67176564,-1765.35177832121
2026-07-27 15:12:12,81.3878887874618,6.39867943718588,1742947.01503019,-1769.2635528822
2026-07-27 15:12:13,81.5417875313333,6.33110793007644,1748257.02958203,-1773.13785459736
2026-07-27 15:12:14,81.6947295912472,6.263662863227,1753578.60359889,-1776.97504909128
2026-07-27 15:12:15,81.8467222921239,6.19634479791085,1758911.62652958,-1780.7754989675
2026-07-27 15:12:16,81.9977729134225,6.12915426736376,1764255.9885367,-1784.53956366468
2026-07-27 15:12:17,82.1478886887426,6.06209176709293,1769611.58132154,-1788.26759962009
2026-07-27 15:12:18,82.2970768068746,5.99515776722271,1774978.29719266,-1791.95996011031
2026-07-27 15:12:19,82.4453444413333,5.92835288902278,1780356.01482882,-1795.61699305804
2026-07-27 15:12:20,82.5926986279415,5.86167716862049,1785744.65884001,-1799.23905030613
2026-07-27 15:12:21,82.7391464460883,5.79513117181762,1791144.10980873,-1802.82647352577
2026-07-27 15:12:22,82.8846948995124,5.72871524752908,1796554.26455744,-1806.37960373697
2026-07-27 15:12:23,83.0293509455557,5.66242972157653,1801975.0205748,-1809.89877882904
2026-07-27 15:12:24,83.1731214930201,5.59627488833886,1807406.27674607,-1813.38433366995
2026-07-27 15:12:25,83.3160134060314,5.53025101893903,1812847.93272993,-1816.8366000684
2026-07-27 15:12:26,83.4580335412562,5.46435854007713,1818299.87413126,-1820.25590477539
2026-07-27 15:12:27,83.5991885863458,5.3985973091519,1823762.0327619,-1823.64257751601
2026-07-27 15:12:28,83.7394853022112,5.33296770526563,1829234.29614378,-1826.99693891654
2026-07-27 15:12:29,83.8789303632416,5.2674698996717,1834716.56804072,-1830.31930866286
2026-07-27 15:12:30,84.0175303965439,5.20210404526451,1840208.75279878,-1833.61000336687
2026-07-27 15:12:31,84.1552919809862,5.13687026757036,1845710.75614513,-1836.86933670295
2026-07-27 15:12:32,84.2922216485418,5.07176867362277,1851222.48448293,-1840.09761932232
2026-07-27 15:12:33,84.4283259345262,5.00679952745348,1856743.8299396,-1843.29515721535
2026-07-27 15:12:34,84.5636111750405,4.94196253846623,1862274.7311249,-1846.46225849586
2026-07-27 15:12:35,84.6980838098991,4.87725792956586,1867815.08212003,-1849.5992232344
2026-07-27 15:12:36,84.8317501811939,4.81268572675881,1873364.79301455,-1852.70635026909
2026-07-27 15:12:37,84.9646165837398,4.74824593725882,1878923.77478954,-1855.78393552122
2026-07-27 15:12:38,85.0966892665094,4.68393855042133,1884491.93927301,-1858.83227202756
2026-07-27 15:12:39,85.2279744285371,4.61976353536481,1890069.19938359,-1861.85164992778
2026-07-27 15:12:40,85.3584782240445,4.55572084843346,1895655.4685154,-1864.84235646761
2026-07-27 15:12:41,85.4882068210768,4.4918105967485,1901250.64617631,-1867.80467475635
2026-07-27 15:12:42,85.6171661583601,4.42803235736051,1906854.67787236,-1870.73888908253
2026-07-27 15:12:43,85.7453623086543,4.36438620787622,1912467.46463011,-1873.6452768291
2026-07-27 15:12:44,85.8728012391174,4.300872037602,1918088.92346856,-1876.52411397737
2026-07-27 15:12:45,85.9994888696089,4.23748972254234,1923718.97208796,-1879.3756736929
2026-07-27 15:12:46,86.1254310732343,4.17423912051541,1929357.5293357,-1882.2002264209
2026-07-27 15:12:47,86.2506336785753,4.1111200801204,1935004.51443671,-1884.99803982539
2026-07-27 15:12:48,86.3751025357372,4.04813260052596,1940659.83259815,-1887.76937778583
2026-07-27 15:12:49,86.4988432437572,3.9852761653439,1946323.43509183,-1890.51450475259
2026-07-27 15:12:50,86.6218615615554,3.92255074929141,1951995.22861388,-1893.2336791881
2026-07-27 15:12:51,86.744163133179,3.85995614706085,1957675.13570499,-1895.92715797474
2026-07-27 15:12:52,86.8657535586264,3.79749214181543,1963363.07962698,-1898.59519536205
2026-07-27 15:12:53,86.986638392007,3.73515850154406,1969058.98472344,-1901.23804300554
2026-07-27 15:12:54,87.1068231434426,3.67295498763617,1974762.77566147,-1903.85594991007
2026-07-27 15:12:55,87.2263132776389,3.61088134872459,1980474.37801874,-1906.44916250722
2026-07-27 15:12:56,87.345114292692,3.54893748498563,1986193.70306653,-1909.01792386597
2026-07-27 15:12:57,87.4632314117164,3.48712279745361,1991920.70811728,-1911.56247698919
2026-07-27 15:12:58,87.5806700432212,3.42543716640227,1997655.30592418,-1914.08305984627
2026-07-27 15:12:59,87.6974354756918,3.36388030191695,2003397.42480338,-1916.5799087188
2026-07-27 15:13:00,87.8135329553262,3.30245190242579,2009146.99400045,-1919.0532574555
2026-07-27 15:13:01,87.9289676831223,3.24115165738519,2014903.94346352,-1921.50333741692
2026-07-27 15:13:02,88.0437448192411,3.17997924867942,2020668.20373164,-1923.93037754544
2026-07-27 15:13:03,88.1578695621241,3.118934509114,2026439.69089626,-1926.33460371301
2026-07-27 15:13:04,88.2713468197521,3.05801678329572,2032218.36729404,-1928.71624132149
2026-07-27 15:13:05,88.3841817063942,2.99722588901756,2038004.15033746,-1931.07551146364
2026-07-27 15:13:06,88.4963792109131,2.93656147641437,2043796.97326806,-1933.41263351716
2026-07-27 15:13:07,88.6079442821433,2.87602318855955,2049596.76996703,-1935.72782455127
2026-07-27 15:13:08,88.7188818244183,2.81561065871079,2055403.47523992,-1938.02129931267
2026-07-27 15:13:09,88.8291967047734,2.75532351924306,2061217.02397314,-1940.29327025011
2026-07-27 15:13:10,88.9388938349347,2.69516154696165,2067037.33701549,-1942.54394711118
2026-07-27 15:13:11,89.047977820633,2.63512404507278,2072864.38123621,-1944.77353874713
2026-07-27 15:13:12,89.1564534930891,2.57521078134655,2078698.07847961,-1946.98225039814
2026-07-27 15:13:13,89.2643255549685,2.51542136046774,2084538.36645268,-1949.17028557292
2026-07-27 15:13:14,89.3715986697382,2.45575538238192,2090385.18339502,-1951.33784559766
2026-07-27 15:13:15,89.478277459684,2.39621243803453,2096238.46851371,-1953.48512965298
2026-07-27 15:13:16,89.5843665095406,2.33679212042183,2102098.16090951,-1955.61233472652
2026-07-27 15:13:17,89.6898703625922,2.27749401037482,2107964.20099282,-1957.71965572884
2026-07-27 15:13:18,89.794793623208,2.21831784159988,2113836.51405135,-1959.80728522742
2026-07-27 15:13:19,89.8991405654019,2.15926288247804,2119715.07185931,-1961.87541442936
2026-07-27 15:13:20,90.0029157143335,2.1003288572045,2125599.80097688,-1963.92423172958
2026-07-27 15:13:21,90.1061234618228,2.04151533211012,2131490.6438171,-1965.95392375712
2026-07-27 15:13:22,90.2087681608897,1.98282187036113,2137387.54327875,-1967.96467509975
2026-07-27 15:13:23,90.3108541284672,1.92424803062675,2143290.44289193,-1969.95666837332
2026-07-27 15:13:24,90.412385643503,1.86579336979551,2149199.28655579,-1971.93008418639
2026-07-27 15:13:25,90.5133670500883,1.80745758701641,2155114.0038707,-1973.88510114705
2026-07-27 15:13:26,90.6138023507909,1.74923993319988,2161034.57027275,-1975.8218961554
2026-07-27 15:13:27,90.7136958170511,1.69114010535272,2166960.91605629,-1977.74064391936
2026-07-27 15:13:28,90.8130515817781,1.63315764530266,2172892.98751146,-1979.64151735697
2026-07-27 15:13:29,90.9118737433191,1.57529209382451,2178830.73127552,-1981.5246875072
2026-07-27 15:13:30,91.0101663641663,1.51754298882796,2184774.09452766,-1983.39032354743
2026-07-27 15:13:31,91.1079334718082,1.45990986692506,2190723.02483658,-1985.23859280711
2026-07-27 15:13:32,91.2051790577523,1.40239225902462,2196677.47062614,-1987.06966081298
2026-07-27 15:13:33,91.3019071880787,1.34498984376225,2202637.36518167,-1988.88369135477
2026-07-27 15:13:34,91.3981215728234,1.2877018582331,2208602.68809151,-1990.68084623701
2026-07-27 15:13:35,91.4938262074968,1.23052797511701,2214573.37387485,-1992.46128568818
2026-07-27 15:13:36,91.5890249482832,1.17346772034504,2220549.37261419,-1994.22516813718
2026-07-27 15:13:37,91.6837216176087,1.11652061783547,2226530.6349065,-1995.9726502872
2026-07-27 15:13:38,91.7779200056178,1.05968619061966,2232517.1117523,-1997.70388714092
2026-07-27 15:13:39,91.8716238665249,1.00296395815483,2238508.75484757,-1999.41903199252
2026-07-27 15:13:40,91.9648370372835,0.946353584323348,2244505.50083933,-2001.11823669155
2026-07-27 15:13:41,92.0575629863216,0.889854302007601,2250507.33254076,-2002.80165082945
2026-07-27 15:13:42,92.1498054836952,0.833465770933361,2256514.18775045,-2004.46942294863
2026-07-27 15:13:43,92.2415681565509,0.777187508567891,2262526.01971027,-2006.12169977238
2026-07-27 15:13:44,92.3328546013251,0.721019030379366,2268542.78222403,-2007.75862644566
2026-07-27 15:13:45,92.42366838217,0.664959851778079,2274564.42945624,-2009.38034651324
2026-07-27 15:13:46,92.5140130333926,0.60900948735108,2280590.91601912,-2010.98700197207
2026-07-27 15:13:47,92.6038920566104,0.553167450645823,2286622.19700237,-2012.57873325146
2026-07-27 15:13:48,92.6933090408776,0.497433394947196,2292658.2126577,-2014.15567959949
2026-07-27 15:13:49,92.7822671970529,0.441806554097018,2298698.94921872,-2015.71797777046
2026-07-27 15:13:50,92.8707700516246,0.38628657996298,2304744.34788712,-2017.26576397353
2026-07-27 15:13:51,92.958820988752,0.330872986457491,2310794.36522012,-2018.7991726413
2026-07-27 15:13:52,93.0464233599281,0.275565285347566,2316848.95839796,-2020.31833671875
2026-07-27 15:13:53,93.1335804903192,0.220362989432809,2322908.08488012,-2021.8233877306
2026-07-27 15:13:54,93.2202956733647,0.165265611063459,2328971.70257245,-2023.31445573956
2026-07-27 15:13:55,93.3065722957835,0.110272799938417,2335039.75455146,-2024.7916698509
2026-07-27 15:13:56,93.3924133571315,0.0553837947543692,2341112.22983157,-2026.25515648575
2026-07-27 15:13:57,93.4778221846471,0.000598245259211177,2347189.0723364,-2027.70504192859
2026-07-27 16:40:33,307.685877703712,0.0156012704309682,2349881.50913378,2290.87489653013
2026-07-27 16:40:34,307.667488041812,0.077327221501487,2343013.97531075,2290.78073923387
2026-07-27 16:40:35,307.648971081804,0.139231892273583,2336146.741042,2290.68303042856
2026-07-27 16:40:36,307.630325929505,0.201317056262885,2329279.79302591,2290.58173828854
2026-07-27 16:40:37,307.611551287535,0.263584180510609,2322413.15403724,2290.4768275149
2026-07-27 16:40:38,307.592645973948,0.326034857400368,2315546.83503363,2290.36826330223
2026-07-27 16:40:39,307.573608791257,0.388670698016724,2308680.84702914,2290.25601032826
2026-07-27 16:40:40,307.554438530078,0.451493332836892,2301815.20104922,2290.14003277293
2026-07-27 16:40:41,307.535133961961,0.514504409647536,2294949.90838839,2290.02029425832
2026-07-27 16:40:42,307.515693711692,0.577705484682382,2288084.99244017,2289.89675688609
2026-07-27 16:40:43,307.496116790701,0.641098467537872,2281220.4404578,2289.76938521939
2026-07-27 16:40:44,307.47640179166,0.7046849530204,2274356.27613228,2289.63814024682
2026-07-27 16:40:45,307.456547426894,0.768466668452454,2267492.51102065,2289.50298340743
2026-07-27 16:40:46,307.436552389573,0.832445358495534,2260629.15709878,2289.36387554211
2026-07-27 16:40:47,307.416415360532,0.896622791891446,2253766.22606951,2289.22077693594
2026-07-27 16:40:48,307.396135000411,0.961000755520732,2246903.73003381,2289.07364725143
2026-07-27 16:40:49,307.375709952951,1.02558105684552,2240041.68126073,2288.92244554425
2026-07-27 16:40:50,307.355138707123,1.09036541317041,2233180.10392494,2288.76712925064
2026-07-27 16:40:51,307.334420152559,1.15535590372365,2226318.98632202,2288.60765822486
2026-07-27 16:40:52,307.313552741654,1.22055428833102,2219458.35303238,2288.44398862028
2026-07-27 16:40:53,307.292535048608,1.2859624626925,2212598.216719,2288.27607695953
2026-07-27 16:40:54,307.271365628503,1.35158234423286,2205738.59026631,2288.1038790958
2026-07-27 16:40:55,307.250043020753,1.41741587652926,2198879.4863545,2287.92735022735
2026-07-27 16:40:56,307.228565740343,1.48346502146511,2192020.91831492,2287.74644482476
2026-07-27 16:40:57,307.206932142965,1.54973165168205,2185162.91126442,2287.56111566111
2026-07-27 16:40:58,307.185140997482,1.61621801301049,2178305.45435478,2287.37131787897
2026-07-27 16:40:59,307.16319061833,1.68292602514829,2171448.57314779,2287.17700279418
2026-07-27 16:41:00,307.141079444699,1.7498577488006,2164592.28129224,2286.97812201769
2026-07-27 16:41:01,307.118805894205,1.81701526969929,2157736.59258113,2286.77462639883
2026-07-27 16:41:02,307.096368367087,1.88440070069287,2150881.52077942,2286.56646604413
2026-07-27 16:41:03,307.073765236286,1.95201617678401,2144027.08016941,2286.35359023459
2026-07-27 16:41:04,307.050994708219,2.01986374272806,2137173.29691344,2286.13594644614
2026-07-27 16:41:05,307.028055415752,2.08794582828774,2130320.16115954,2285.91348446721
2026-07-27 16:41:06,307.004945519256,2.15626453026165,2123467.69957059,2285.68615011906
2026-07-27 16:41:07,306.98166330658,2.22482209242763,2116615.92686813,2285.45388942944
2026-07-27 16:41:08,306.958207041415,2.29362078643361,2109764.85792342,2285.21664755948
2026-07-27 16:41:09,306.934574967611,2.3626629139878,2102914.50758479,2284.97436882147
2026-07-27 16:41:10,306.91076529994,2.43195080166024,2096064.89123825,2284.72699660035
2026-07-27 16:41:11,306.88677623135,2.50148680741204,2089216.02420438,2284.47447338943
2026-07-27 16:41:12,306.862605774905,2.57127319517702,2082367.93406524,2284.21673970417
2026-07-27 16:41:13,306.838252386445,2.64131262918025,2075520.61227846,2283.95373829519
2026-07-27 16:41:14,306.813714027301,2.71160743332637,2068674.08685606,2283.68540776225
2026-07-27 16:41:15,306.78898878937,2.78216008529332,2061828.37391132,2283.41168679238
2026-07-27 16:41:16,306.764074737899,2.85297309487942,2054983.48966213,2283.13251307153
2026-07-27 16:41:17,306.738969911429,2.92404900306023,2048139.45057234,2282.84782327002
2026-07-27 16:41:18,306.71367232006,2.99539038308362,2041296.27329558,2282.55755301244
2026-07-27 16:41:19,306.688179786365,3.06699971386232,2034453.98679169,2282.26163580842
2026-07-27 16:41:20,306.66249058938,3.13887989073726,2027612.58365503,2281.96000730662
2026-07-27 16:41:21,306.636602492262,3.21103345771134,2020772.09347724,2281.65259882086
2026-07-27 16:41:22,306.610513393093,3.28346312415177,2013932.53351773,2281.33934163476
2026-07-27 16:41:23,306.584221158713,3.35617163149897,2007093.92150538,2281.02016588249
2026-07-27 16:41:24,306.557723625757,3.42916175802541,2000256.27524287,2280.69500053202
2026-07-27 16:41:25,306.531018599336,3.5024363162267,1993419.61290729,2280.36377336116
2026-07-27 16:41:26,306.504103856172,3.57599815837069,1986583.95258825,2280.02641095456
2026-07-27 16:41:27,306.476976967331,3.64985003806165,1979749.32512679,2279.68283753848
2026-07-27 16:41:28,306.449635980906,3.72399514431669,1972915.72482851,2279.332979378
2026-07-27 16:41:29,306.422078406062,3.79843630889798,1966083.18282947,2278.97675817633
2026-07-27 16:41:30,306.394301885134,3.87317653420613,1959251.71828684,2278.61409540596
2026-07-27 16:41:31,306.366304027101,3.94821886071123,1952421.35072238,2278.24491121269
2026-07-27 16:41:32,306.338082404546,4.02356636973349,1945592.099829,2277.86912436556
2026-07-27 16:41:33,306.309634557841,4.09922218582406,1938763.9853196,2277.48665226378
2026-07-27 16:41:34,306.280957810885,4.17518933371032,1931937.0398128,2277.0974097502
2026-07-27 16:41:35,306.252049980398,4.25147129285965,1925111.25914594,2276.70131356821
2026-07-27 16:41:36,306.222908318439,4.3280711752543,1918286.6762769,2276.29827564635
2026-07-27 16:41:37,306.193530214345,4.4049922734946,1911463.31207927,2275.88820751637
2026-07-27 16:41:38,306.163913016743,4.48223792184004,1904641.18791032,2275.47101916271
2026-07-27 16:41:39,306.134054037115,4.55981150283153,1897820.32509256,2275.04661901188
2026-07-27 16:41:40,306.103950544387,4.63771644131977,1891000.74550993,2274.61491387803
2026-07-27 16:41:41,306.073599585381,4.71595606951504,1884182.48339459,2274.17580782018
2026-07-27 16:41:42,306.042998710811,4.79453418893887,1877365.53652329,2273.72920660142
2026-07-27 16:41:43,306.012144880942,4.87345422574263,1870549.93983878,2273.27501088979
2026-07-27 16:41:44,305.981035198162,4.95271979637948,1863735.71621292,2272.81312076859
2026-07-27 16:41:45,305.949666715648,5.03233456564379,1856922.88890797,2272.34343450825
2026-07-27 16:41:46,305.9180364455,5.11230224927317,1850111.48142807,2271.86584859764
2026-07-27 16:41:47,305.88614135056,5.19262661362763,1843301.5176228,2271.38025764927
2026-07-27 16:41:48,305.853978349075,5.27331147729824,1836493.02162759,2270.88655440355
2026-07-27 16:41:49,305.821544119824,5.35436056467652,1829686.03019991,2270.38462851727
2026-07-27 16:41:50,305.788835860907,5.435778092075,1822880.54367245,2269.87437109168
2026-07-27 16:41:51,305.755850154714,5.5175678944185,1816076.59931789,2269.35566780534
2026-07-27 16:41:52,305.722583720647,5.5997340044747,1809274.22276448,2268.82840341917
2026-07-27 16:41:53,305.689033226,5.68228051418792,1802473.43974872,2268.29246058195
2026-07-27 16:41:54,305.65519528499,5.76521156939363,1795674.27663651,2267.74771980472
2026-07-27 16:41:55,305.621066461083,5.84853137897057,1788876.75975628,2267.19405941709
2026-07-27 16:41:56,305.586643061747,5.93224405419731,1782080.92849123,2266.63135433738
2026-07-27 16:41:57,305.551921929051,6.01635422386191,1775286.785533,2266.05948065195
2026-07-27 16:41:58,305.516899261342,6.10086612442593,1768494.37076776,2265.47830867071
2026-07-27 16:41:59,305.481571392821,6.18578420379577,1761703.71233384,2264.88770745763
2026-07-27 16:42:00,305.445934598484,6.27111297439846,1754914.838663,2264.2875436339
2026-07-27 16:42:01,305.409985093565,6.35685701240173,1748127.77863643,2263.67768133637
2026-07-27 16:42:02,305.373719028266,6.44302095821812,1741342.56163716,2263.05798213064
2026-07-27 16:42:03,305.337132494972,6.52960952180853,1734559.2172283,2262.42830501193
2026-07-27 16:42:04,305.300221312549,6.61662732016325,1727777.78787477,2261.78850512311
2026-07-27 16:42:05,305.262981848449,6.70407951326509,1720998.27958898,2261.13843837798
2026-07-27 16:42:06,305.225409792435,6.79197086026055,1714220.73551652,2260.47795443131
2026-07-27 16:42:07,305.187500966219,6.88030634418217,1707445.18732978,2259.80690124434
2026-07-27 16:42:08,305.149251124924,6.96909102550308,1700671.66677339,2259.1251238802
2026-07-27 16:42:09,305.110655950061,7.0583300343197,1693900.20636892,2258.43246442597
2026-07-27 16:42:10,305.071711051953,7.14802857924416,1687130.83884207,2257.72876192964
2026-07-27 16:42:11,305.032411753189,7.23819177674287,1680363.60999709,2257.01385116782
2026-07-27 16:42:12,304.992753935455,7.32882531707698,1673598.52895724,2256.28756722676
2026-07-27 16:42:13,304.952732771044,7.41993447649955,1666835.64234344,2255.54973846436
2026-07-27 16:42:14,304.912343559953,7.51152477281467,1660074.98516126,2254.80019105571
2026-07-27 16:42:15,304.871581525437,7.60360180869812,1653316.59270258,2254.0387477987
2026-07-27 16:42:16,304.830441805086,7.69617126771363,1646560.50095566,2253.26522799626
2026-07-27 16:42:17,304.78891945466,7.78923891933618,1639806.74635276,2252.47944741056
2026-07-27 16:42:18,304.747009441056,7.88281061776064,1633055.3659756,2251.68121814677
2026-07-27 16:42:19,304.704706424628,7.97689213251161,1626306.40977423,2250.87034743503
2026-07-27 16:42:20,304.662005636479,8.07148984103165,1619559.89113153,2250.04664219382
2026-07-27 16:42:21,304.618901553064,8.16660969109704,1612815.8613374,2249.20990193038
2026-07-27 16:42:22,304.575388780288,8.26225789856996,1606074.35964596,2248.35992334732
2026-07-27 16:42:23,304.531461826281,8.35844077135222,1599335.42605258,2247.49649905855
2026-07-27 16:42:24,304.487115098612,8.45516471048953,1592599.10134077,2246.61941749067
2026-07-27 16:42:25,304.442342909943,8.55243621908998,1585865.4265913,2245.72846282028
2026-07-27 16:42:26,304.397139236157,8.65026171380359,1579134.45624063,2244.82341365457
2026-07-27 16:42:27,304.351498638502,8.74864825747843,1572406.2079304,2243.90404764715
2026-07-27 16:42:28,304.305414882023,8.84760247056523,1565680.73746359,2242.97013434331
2026-07-27 16:42:29,304.258881851862,8.94713125976151,1558958.08878801,2242.02143976913
2026-07-27 16:42:30,304.211893322958,9.04724163937422,1552238.30645673,2241.05772515435
2026-07-27 16:42:31,304.16444295038,9.14794072755311,1545521.43602147,2240.0787467821
2026-07-27 16:42:32,304.116524278832,9.24923575627529,1538807.52350688,2239.08425594007
2026-07-27 16:42:33,304.068130490571,9.3511338787585,1532096.62819073,2238.07399755387
2026-07-27 16:42:34,304.019255355631,9.45364292644005,1525388.77303034,2237.04771476313
2026-07-27 16:42:35,303.969891814038,9.55677028630693,1518684.01866941,2236.00514182698
2026-07-27 16:42:36,303.920032906884,9.66052364486981,1511982.41456339,2234.94600860062
2026-07-27 16:42:37,303.869671548929,9.76491081539159,1505284.01055132,2233.87003927263
2026-07-27 16:42:38,303.818800515142,9.86993972638733,1498588.85775381,2232.77695220709
2026-07-27 16:42:39,303.767412449001,9.97561843720102,1491897.00773181,2231.66645983247
2026-07-27 16:42:40,303.715499848375,10.0819551296453,1485208.51318162,2230.53826845469
2026-07-27 16:42:41,303.663054819384,10.1889579151702,1478523.44007777,2229.39207697422
2026-07-27 16:42:42,303.610070065453,10.2966356374014,1471841.81784352,2228.22758135576
2026-07-27 16:42:43,303.556537392622,10.4049966724498,1465163.71437927,2227.04446751244
2026-07-27 16:42:44,303.502448704552,10.5140497342766,1458489.18589387,2225.84241582137
2026-07-27 16:42:45,303.447795738896,10.6238036725409,1451818.28972939,2224.62109971107
2026-07-27 16:42:46,303.392570078891,10.7342674804944,1445151.08405174,2223.38018560483
2026-07-27 16:42:47,303.33676313609,10.8454502936118,1438487.62811011,2222.11933264027
2026-07-27 16:42:48,303.280365892842,10.9573611795291,1431827.99484981,2220.83819140675
2026-07-27 16:42:49,303.223369932661,11.0700099922577,1425172.22040822,2219.53640828608
2026-07-27 16:42:50,303.16576588518,11.1834061008359,1418520.37986121,2218.21361844948
2026-07-27 16:42:51,303.10754445436,11.2975592409276,1411872.53670384,2216.86945019974
2026-07-27 16:42:52,303.048696158806,11.4124793052009,1405228.75554343,2215.50352366354
2026-07-27 16:42:53,302.989211317314,11.5281763435917,1398589.10227011,2214.1154505046
2026-07-27 16:42:54,302.929080060437,11.6446605715652,1391953.64377149,2212.70483383546
2026-07-27 16:42:55,302.868292306313,11.7619423669485,1385322.44830667,2211.27126784907
2026-07-27 16:42:56,302.806837504691,11.8800320533457,1378695.59778505,2209.81433664224
2026-07-27 16:42:57,302.744705689868,11.9989407964108,1372073.13782565,2208.33361823481
2026-07-27 16:42:58,302.681885877788,12.1186792653919,1365455.15297175,2206.82867785303
2026-07-27 16:42:59,302.618367128878,12.2392585331514,1358841.71636021,2205.29907202599
2026-07-27 16:43:00,302.554138267903,12.3606898470421,1352232.90280583,2203.74434723142
2026-07-27 16:43:01,302.489187891085,12.4829846445367,1345628.78815118,2202.1640396776
2026-07-27 16:43:02,302.423504346472,12.6061545471223,1339029.44980993,2200.55767496822
2026-07-27 16:43:03,302.357075458608,12.7302111282197,1332434.97923911,2198.92476686572
2026-07-27 16:43:04,302.289889626785,12.8551668673888,1325845.43159173,2197.2648210917
2026-07-27 16:43:05,302.221934158786,12.9810337308985,1319260.90128807,2195.5773288504
2026-07-27 16:43:06,302.153196372484,13.1078241240746,1312681.47157787,2193.86177068204
2026-07-27 16:43:07,302.083663303691,13.2355506504677,1306107.22758641,2192.11761509041
2026-07-27 16:43:08,302.013321711772,13.364226129669,1299538.25561418,2190.34431824956
2026-07-27 16:43:09,301.942158062338,13.4938635864998,1292974.64391785,2188.54132369273
2026-07-27 16:43:10,301.870158228728,13.6244760065791,1286416.49512354,2186.70806095136
2026-07-27 16:43:11,301.797308648632,13.7560773541787,1279863.8755175,2184.84394917863
2026-07-27 16:43:12,301.723594576486,13.8886810600994,1273316.89110231,2182.9483908708
2026-07-27 16:43:13,301.64900123433,14.0223010332295,1266775.63699932,2181.02077548637
2026-07-27 16:43:14,301.573513505268,14.1569514100741,1260240.21029116,2179.06047801216
2026-07-27 16:43:15,301.497115932699,14.2926465599621,1253710.70999708,2177.06685865854
2026-07-27 16:43:16,301.419792712843,14.429401097008,1247187.23673376,2175.03926241692
2026-07-27 16:43:17,301.34152766968,14.5672298645965,1240669.89369172,2172.97701865775
2026-07-27 16:43:18,301.262303965809,14.7061476944237,1234158.79807083,2170.8794398538
2026-07-27 16:43:19,301.182105273576,14.8461704667366,1227654.03181555,2168.74582464105
2026-07-27 16:43:20,301.100913976167,14.9873135147052,1221155.71653745,2166.57545208972
2026-07-27 16:43:21,301.018712352075,15.1295926932382,1214663.96361586,2164.36758484011
2026-07-27 16:43:22,300.935482260943,15.273024121858,1208178.88653756,2162.12146765014
2026-07-27 16:43:23,300.851205138775,15.4176241867268,1201700.60105076,2159.83632701267
2026-07-27 16:43:24,300.765861973667,15.5634095388146,1195229.22548592,2157.51137058558
2026-07-27 16:43:25,300.679432999024,15.7103968216742,1188764.89288402,2155.14578601515
2026-07-27 16:43:26,300.591898903943,15.8586038160366,1182307.7010945,2152.73874330427
2026-07-27 16:43:27,300.503238971639,16.0080477257916,1175857.78829448,2150.28938985411
2026-07-27 16:43:28,300.413432299344,16.1587463273986,1169415.28263636,2147.79685289705
2026-07-27 16:43:29,300.322457473642,16.3107176882299,1162980.3149234,2145.2602381586
2026-07-27 16:43:30,300.230292560295,16.4639801736287,1156553.01855461,2142.67862930226
2026-07-27 16:43:31,300.136915077985,16.6185524410478,1150133.53001107,2140.0510873086
2026-07-27 16:43:32,300.042301997041,16.7744534608059,1143721.98823082,2137.37664986484
2026-07-27 16:43:33,299.946429385748,16.9317021923018,1137318.54796595,2134.65433017826
2026-07-27 16:43:34,299.849273689134,17.0903188395788,1130923.32907918,2131.88311856417
2026-07-27 16:43:35,299.750809781086,17.2503229974678,1124536.49217486,2129.0619783704
2026-07-27 16:43:36,299.651012224142,17.4117348827509,1118158.18864015,2126.18984759706
2026-07-27 16:43:37,299.549854936663,17.5745750402496,1111788.5729027,2123.26563758983
2026-07-27 16:43:38,299.447311169113,17.7388643406431,1105427.80275109,2120.28823233468
2026-07-27 16:43:39,299.343353482306,17.9046239831943,1099076.03945288,2117.25648771353
2026-07-27 16:43:40,299.23795339867,18.0718751729155,1092733.46013231,2114.16923038691
2026-07-27 16:43:41,299.131082702807,18.2406404490814,1086400.20781835,2111.02525839911
2026-07-27 16:43:42,299.022711427791,18.4109416958011,1080076.46699632,2107.8233382493
2026-07-27 16:43:43,298.912809159339,18.5828014737714,1073762.41325949,2104.56220550973
2026-07-27 16:43:44,298.801344679358,18.7562426904884,1067458.22607161,2101.24056362759
2026-07-27 16:43:45,298.688285938916,18.9312886051379,1061164.08878983,2097.85708301861
2026-07-27 16:43:46,298.573600030664,19.1079628272036,1054880.18890974,2094.41040021193
2026-07-27 16:43:47,298.457253168865,19.2862893289508,1048606.71781068,2090.89911691755
2026-07-27 16:43:48,298.339210298465,19.4662920648926,1042343.88409728,2087.32179907479
2026-07-27 16:43:49,298.219436464791,19.6479964500179,1036091.86254677,2083.67697599857
2026-07-27 16:43:50,298.097894699871,19.8314271669947,1029850.87046396,2079.96313918792
2026-07-27 16:43:51,297.974547372931,20.0166096226788,1023621.11709266,2076.17874149578
2026-07-27 16:43:52,297.849355815068,20.2035695936132,1017402.81616044,2072.32219599842
2026-07-27 16:43:53,297.722280276105,20.3923332082139,1011196.18660874,2068.39187505751
2026-07-27 16:43:54,297.593279903793,20.5829269722657,1005001.45187285,2064.38610912875
2026-07-27 16:43:55,297.462312329775,20.7753773465802,998818.853489776,2060.30318607416
2026-07-27 16:43:56,297.32933507243,20.9697123475159,992648.599992699,2056.14134863856
2026-07-27 16:43:57,297.194303352467,21.1659591668144,986490.943354488,2051.89879532017
2026-07-27 16:43:58,297.057171472217,21.3641457503763,980346.128265766,2047.57367782941
2026-07-27 16:43:59,296.917892426148,21.5643004000922,974214.405034928,2043.16410035774
2026-07-27 16:44:00,296.776417839811,21.7664517680976,968096.029801251,2038.66811818425
2026-07-27 16:44:01,296.632697935759,21.9706288531118,961991.264663149,2034.08373659977
2026-07-27 16:44:02,296.486681116208,22.1768605769395,955900.390091328,2029.40891027713
2026-07-27 16:44:03,296.338315370056,22.3851774753074,949823.655210465,2024.64153897511
2026-07-27 16:44:04,296.18754602542,22.5956091345631,943761.353343619,2019.77947076238
2026-07-27 16:44:05,296.034317167163,22.8081858931892,937713.771615359,2014.82049775562
2026-07-27 16:44:06,295.87857119984,23.022938402701,931681.203880657,2009.76235538283
2026-07-27 16:44:07,295.720248798097,23.2398976156155,925663.95094741,2004.60272118097
2026-07-27 16:44:08,295.559288836443,23.4590947779006,919662.320642269,1999.33921325063
2026-07-27 16:44:09,295.395628338656,23.6805614203938,913676.627880658,1993.96938899133
2026-07-27 16:44:10,295.229202013895,23.9043288550641,907707.207813289,1988.49074510437
2026-07-27 16:44:11,295.059943705141,24.1304300671325,901754.36534963,1982.90071030007
2026-07-27 16:44:12,294.887784060184,24.3588968644451,895818.450826225,1977.1966525172
2026-07-27 16:44:13,294.712651953892,24.5897617302605,889899.810167131,1971.37587189054
2026-07-27 16:44:14,294.534474033867,24.8230573450959,883998.797346404,1965.43560052231
2026-07-27 16:44:15,294.353174642425,25.0588165487176,878115.774969166,1959.37300130488
2026-07-27 16:44:16,294.16867573221,25.2970723395854,872251.113858046,1953.18516612246
2026-07-27 16:44:17,293.980896385711,25.5378572930272,866405.206632013,1946.86911704282
2026-07-27 16:44:18,293.78975425655,25.7812056362542,860578.41704618,1940.42179553458
2026-07-27 16:44:19,293.595163189614,26.0271500957179,854771.15584933,1933.8400746958
2026-07-27 16:44:20,293.397034633154,26.2757239287515,848983.830716456,1927.12074881334
2026-07-27 16:44:21,293.195277163504,26.526960367786,843216.859093267,1920.26053433427
2026-07-27 16:44:22,292.989796371882,26.7808925817438,837470.668348258,1913.25606838714
2026-07-27 16:44:23,292.780494751573,27.0375536271521,831745.696086478,1906.10390751081
2026-07-27 16:44:24,292.567271585026,27.296976404577,826042.390264297,1898.80052635074
2026-07-27 16:44:25,292.35002243202,27.5591930155299,820361.222108526,1891.34231993735
2026-07-27 16:44:26,292.128640537403,27.8242370219589,814702.636420756,1883.72558880978
2026-07-27 16:44:27,291.903014406918,28.0921399403937,809067.126343216,1875.94655804705
2026-07-27 16:44:28,291.67302918727,28.3629334415519,803455.184392828,1868.00136314685
2026-07-27 16:44:29,291.438566154722,28.6366487415775,797867.31445021,1859.8860520166
2026-07-27 16:44:30,291.199502558852,28.9133164956027,792304.032633894,1851.59658446529
2026-07-27 16:44:31,290.955711472935,29.1929667366033,786765.867122362,1843.1288311606
2026-07-27 16:44:32,290.707061247354,29.4756281316926,781253.371089411,1834.47857788619
2026-07-27 16:44:33,290.453416870607,29.7613304421135,775767.073403982,1825.64150624041
2026-07-27 16:44:34,290.194637516332,30.0501006217527,770307.552893984,1816.61322099449
2026-07-27 16:44:35,289.930577870909,30.3419652136882,764875.389626628,1807.38923167613
2026-07-27 16:44:36,289.661087591732,30.6369496269818,759471.177094737,1797.96495706223
2026-07-27 16:44:37,289.386011091107,30.9350780006644,754095.522703101,1788.33572514058
2026-07-27 16:44:38,289.105187356822,31.2363730752901,748749.047953364,1778.49677370483
2026-07-27 16:44:39,288.818449361835,31.5408553360039,743432.401077295,1768.44325721251
2026-07-27 16:44:40,288.525625345786,31.8485456838201,738146.2082853,1758.17022253103
2026-07-27 16:44:41,288.226536360889,32.1594610756462,732891.147235191,1747.67264710464
2026-07-27 16:44:42,287.920997534683,32.4736171207967,727667.898820451,1736.94541622562
2026-07-27 16:44:43,287.608817462384,32.7910272260679,722477.159246973,1725.98333038538
2026-07-27 16:44:44,287.289797974003,33.1117023902483,717319.640469691,1714.78110764891
2026-07-27 16:44:45,286.96373387358,33.4356509938936,712196.070488252,1703.33338590887
2026-07-27 16:44:46,286.630412710408,33.7628785986446,707107.193287035,1691.63472577525
2026-07-27 16:44:47,286.289614143606,34.0933868910515,702053.781540648,1679.67962252473
2026-07-27 16:44:48,285.941111099276,34.4271766387114,697036.588139228,1667.46247524124
2026-07-27 16:44:49,285.584667382619,34.7642426613282,692056.419175404,1654.97764233149
2026-07-27 16:44:50,285.220038818055,35.1045767054887,687114.085817284,1642.21941257181
2026-07-27 16:44:51,284.8469726192,35.4481663977155,682210.416131146,1629.18201814942
2026-07-27 16:44:52,284.465207101552,35.7949948914597,677346.255884764,1615.85964118478
2026-07-27 16:44:53,284.074471415869,36.1450405888831,672522.468015275,1602.24641953778
2026-07-27 16:44:54,283.674484947432,36.4982758679729,667739.945235679,1588.33646588081
2026-07-27 16:44:55,283.264958273606,36.8546702762916,662999.562281119,1574.12382994397
2026-07-27 16:44:56,282.845591032135,37.2141848848254,658302.247177339,1559.60257399066
2026-07-27 16:44:57,282.416072886152,37.576775353805,653648.934233956,1544.76673829634
2026-07-27 16:44:58,281.976082956923,37.9423906907557,649040.575322804,1529.61036136925
2026-07-27 16:44:59,281.525289570175,38.3109727713881,644478.140395104,1514.12749155001
2026-07-27 16:45:00,281.063350015683,38.6824559133965,639962.617031713,1498.31219803739
2026-07-27 16:45:01,280.589910333818,39.0567663662374,635495.010753231,1482.15858419658
2026-07-27 16:45:02,280.104604873727,39.4338208480186,631076.356058061,1465.66081528486
2026-07-27 16:45:03,279.607057083408,39.8135299813398,626707.670224084,1448.81307372044
2026-07-27 16:45:04,279.096877923046,40.1957918035848,622390.022704319,1431.60966338369
2026-07-27 16:45:05,278.573666738792,40.5804951935366,618124.488061368,1414.04496648784
2026-07-27 16:45:06,278.03701096755,40.9675182703436,613912.157734748,1396.11347636194
2026-07-27 16:45:07,277.48648614299,41.3567278252424,609754.139386486,1377.80981538993
2026-07-27 16:45:08,276.921655945899,41.7479787042876,605651.556558226,1359.12875424197
2026-07-27 16:45:09,276.342072221509,42.1411120469841,601605.559750655,1340.06525216629
2026-07-27 16:45:10,275.747275735096,42.5359591275422,597617.280072357,1320.61440104498
2026-07-27 16:45:11,275.136795651788,42.9323340298989,593687.897202831,1300.77156231227
2026-07-27 16:45:12,274.510150523308,43.3300374286585,589818.592920067,1280.53231424203
2026-07-27 16:45:13,273.866848710394,43.7288548149568,586010.561884151,1259.89249560926
2026-07-27 16:45:14,273.206389033938,44.128555819549,582265.010948135,1238.8482304339
2026-07-27 16:45:15,272.528261648225,44.528893594207,578583.157884027,1217.39595382547
2026-07-27 16:45:16,271.831949028089,44.9296041063804,574966.230926331,1195.53243924608
2026-07-27 16:45:17,271.116927246214,45.3304043344781,571415.477938553,1173.25484962822
2026-07-27 16:45:18,270.382667195286,45.7309964975566,567932.122684101,1150.56066885508
2026-07-27 16:45:19,269.628636496966,46.1310601870717,564517.427995777,1127.4478746557
2026-07-27 16:45:20,268.854301274129,46.5302566883619,561172.651262251,1103.91487133815
2026-07-27 16:45:21,268.059128380374,46.9282272340581,557899.054166768,1079.96054343028
2026-07-27 16:45:22,267.242587902861,47.3245926295587,554697.900682814,1055.58428361057
2026-07-27 16:45:23,266.404156000639,47.7189528116549,551570.45611725,1030.78602323908
2026-07-27 16:45:24,265.543318375728,48.1108853131857,548517.995068599,1005.56628946422
2026-07-27 16:45:25,264.659572702402,48.4999503031574,545541.759293542,979.926116238229
2026-07-27 16:45:26,263.752434219627,48.8856826370573,542643.017067827,953.867247979479
2026-07-27 16:45:27,262.821439030746,49.2675971878737,539823.020138867,927.392049102982
2026-07-27 16:45:28,261.866149141555,49.645187688891,537083.01238899,900.503559696116
2026-07-27 16:45:29,260.886157650127,50.0179271720448,534424.227262693,873.205518359923
2026-07-27 16:45:30,259.88109439047,50.3852684471652,531847.886160236,845.502386528372
2026-07-27 16:45:31,258.850632596304,50.7466434993849,529355.205468582,817.399404058039
2026-07-27 16:45:32,257.794492838558,51.1014700450023,526947.356090948,788.902466089717
2026-07-27 16:45:33,256.712453462709,51.4491443631014,524625.518765138,760.018351246022
2026-07-27 16:45:34,255.604355319475,51.7890483618362,522390.843075404,730.754595005435
2026-07-27 16:45:35,254.470109673897,52.1205498938214,520244.454943477,701.119535582939
2026-07-27 16:45:36,253.309705743162,52.4430048078546,518187.454052219,671.122321885203
2026-07-27 16:45:37,252.123218232268,52.7557592875901,516220.911325061,640.772916754444
2026-07-27 16:45:38,250.910814929881,53.0581524265181,514345.866817209,610.082099934402
2026-07-27 16:45:39,249.672765137842,53.3495178302336,512563.335318064,579.061504687673
2026-07-27 16:45:40,248.409442204738,53.6291924180241,510874.270154218,547.723445940664
2026-07-27 16:45:41,247.121336667093,53.8965115335007,509279.612055312,516.08115766881
2026-07-27 16:45:42,245.809057674375,54.1508183918793,507780.252316841,484.148612553343
2026-07-27 16:45:43,244.473338976431,54.3914666919406,506377.039335983,451.940544309105
2026-07-27 16:45:44,243.115042724507,54.617824938049,505070.776082297,419.472423352203
2026-07-27 16:45:45,241.735161997366,54.8292808363632,503862.218236762,386.760429483881
2026-07-27 16:45:46,240.334823530893,55.0252445746555,502752.079357202,353.821466410804
2026-07-27 16:45:47,238.915280424869,55.2051588397212,501740.998736053,320.672937353253
2026-07-27 16:45:48,237.477919671977,55.3684953174605,500829.58532377,287.332986624774
2026-07-27 16:45:49,236.024251268217,55.5147647320154,500018.385159093,253.820266947122
2026-07-27 16:45:50,234.555903620557,55.6435198554459,499307.887730998,220.153939971665
2026-07-27 16:45:51,233.074615208673,55.7543597506142,498698.52423453,186.353622988327
2026-07-27 16:45:52,231.582224449127,55.8469335902673,498190.666604223,152.439336333
2026-07-27 16:45:53,230.08065756062,55.9209442102333,497784.626043903,118.431444101598
2026-07-27 16:45:54,228.57191720044,55.9761498862972,497480.658775938,84.3506482854899
2026-07-27 16:45:55,227.058058099905,56.0123716507281,497278.939438473,50.2177187429901
2026-07-27 16:45:56,225.541184235856,56.0294879832952,497179.59923248,16.0537398800013
2026-07-27 16:45:57,224.023422652437,56.0274409044694,497182.699708875,-18.1201585323864
2026-07-27 16:45:58,222.506907803833,56.0062354094,497288.238958159,-52.2828170308786
2026-07-27 16:45:59,220.993763657233,55.9659394131629,497496.151626439,-86.413110551906
2026-07-27 16:46:00,219.486085977647,55.9066829930289,497806.309286924,-120.490013300075
2026-07-27 16:46:01,217.985927818478,55.8286560837922,498218.525816243,-154.492609936563
2026-07-27 16:46:02,216.495272589983,55.7321103588614,498732.537036976,-188.40037570648
2026-07-27 16:46:03,215.016035202921,55.6173507192613,499348.033407025,-222.192910930883
2026-07-27 16:46:04,213.550037857003,55.4847361873288,500064.639481762,-255.850219462009
2026-07-27 16:46:05,212.099001021849,55.3346753446035,500881.92046403,-289.352709868638
2026-07-27 16:46:06,210.664533456266,55.1676224083592,501799.383459792,-322.681251800675
2026-07-27 16:46:07,209.248124422312,54.9840729789427,502816.479065042,-355.817224239003
2026-07-27 16:46:08,207.851140487172,54.7845589057865,503932.606866354,-388.742511196779
2026-07-27 16:46:09,206.474810045325,54.5696466041647,505147.100797269,-421.439764796951
2026-07-27 16:46:10,205.120238596968,54.339927968939,506459.256035079,-453.892114180506
2026-07-27 16:46:11,203.788396863554,54.0960187507856,507868.314061272,-486.083422462673
2026-07-27 16:46:12,202.480124945454,53.8385532269133,509373.469075899,-517.9982643504
2026-07-27 16:46:13,201.196135092076,53.5681797940543,510973.870072119,-549.621953208691
2026-07-27 16:46:14,199.937015774853,53.2855567023178,512668.623232994,-580.940563440437
2026-07-27 16:46:15,198.703236618891,52.9913480660381,514456.794073281,-611.940952081306
2026-07-27 16:46:16,197.495157406744,52.6862196326489,516337.412716971,-642.61071609565
2026-07-27 16:46:17,196.313022871275,52.370837121889,518309.464970763,-672.938423456891
2026-07-27 16:46:18,195.156987376248,52.0458602646517,520371.911913452,-702.91329092182
2026-07-27 16:46:19,194.027110571438,51.7119417920888,522523.680764114,-732.525405907248
2026-07-27 16:46:20,192.923367868117,51.3697243892585,524763.670182024,-761.765670528239
2026-07-27 16:46:21,191.845658056965,51.0198383963019,527090.752832829,-790.625796484643
2026-07-27 16:46:22,190.793810763099,50.662899840986,529503.777700881,-819.098297558922
2026-07-27 16:46:23,189.767596495135,50.2995084952194,532001.574170087,-847.176427366911
2026-07-27 16:46:24,188.766722620754,49.9302474216981,534582.947608541,-874.854372761925
2026-07-27 16:46:25,187.79085685775,49.5556802914321,537246.69207204,-902.126923411314
2026-07-27 16:46:26,186.839622359677,49.1763514812638,539991.585425526,-928.989664099303
2026-07-27 16:46:27,185.912606560229,48.7927850763696,542816.393422877,-955.438900026053
2026-07-27 16:46:28,185.009366707061,48.4054843565961,545719.871765482,-981.47163421491
2026-07-27 16:46:29,184.129435007053,48.0149314499142,548700.768182519,-1007.08554288816
2026-07-27 16:46:30,183.272323259343,47.6215871502583,551757.824417399,-1032.27895118401
2026-07-27 16:46:31,182.437529836841,47.2258908255067,554889.778566254,-1057.05075521845
2026-07-27 16:46:32,181.624533165496,46.8282607443353,558095.364999618,-1081.40059144549
2026-07-27 16:46:33,180.832810754646,46.4290938923515,561373.319152042,-1105.32851414431
2026-07-27 16:46:34,180.061831951739,46.0287665416156,564722.377005302,-1128.8351629121
2026-07-27 16:46:35,179.311063316798,45.6276345546686,568141.277230071,-1151.92168442635
2026-07-27 16:46:36,178.579971093812,45.2260338349836,571628.762627379,-1174.58970283007
2026-07-27 16:46:37,177.868023286286,44.8242808234727,575183.581579204,-1196.84129221775
2026-07-27 16:46:38,177.174693991072,44.4226731147512,578804.488752693,-1218.67890085602
2026-07-27 16:46:39,176.499455500038,44.0214898167429,582490.248382138,-1240.10550375314
2026-07-27 16:46:40,175.841793891252,43.6209924821356,586239.632556914,-1261.12430449586
2026-07-27 16:46:41,175.201200730485,43.221425553075,590051.423997143,-1281.73888793557
2026-07-27 16:46:42,174.577176393185,42.8230170528849,593924.416662123,-1301.95314910607
2026-07-27 16:46:43,173.969230936867,42.4259792471802,597857.416627802,-1321.77126619131
2026-07-27 16:46:44,173.376884718222,42.0305093128894,601849.242838843,-1341.1976760788
2026-07-27 16:46:45,172.799668904775,41.6367899883496,605898.727963687,-1360.23705063428
2026-07-27 16:46:46,172.237128031466,41.244990388225,610004.717391051,-1378.89423248496
2026-07-27 16:46:47,171.688811809963,40.8552660678295,614166.075989314,-1397.1743735084
2026-07-27 16:46:48,171.154288062672,40.4677605124639,618381.679696064,-1415.08267249553
2026-07-27 16:46:49,170.633134343567,40.082605208416,622650.421769014,-1432.62451574887
2026-07-27 16:46:50,170.124940115219,39.6999203822362,626971.21184389,-1449.80541766588
2026-07-27 16:46:51,169.62930675949,39.3198155995741,631342.976216304,-1466.63100196763
2026-07-27 16:46:52,169.145847460327,38.942390329944,635764.65825323,-1483.10698555991
2026-07-27 16:46:53,168.674189099215,38.5677347076359,640235.216171922,-1499.23912479777
2026-07-27 16:46:54,168.213964386637,38.1959292922946,644753.632557331,-1515.03334446675
2026-07-27 16:46:55,167.764823200482,37.8270467274531,649318.900862482,-1530.4955082657
2026-07-27 16:46:56,167.326424731902,37.4611514834824,653930.034492301,-1545.63154851187
2026-07-27 16:46:57,166.898439160965,37.0983005225666,658586.064637856,-1560.44741798697
2026-07-27 16:46:58,166.480547428142,36.7385437499502,663286.040373876,-1574.94907820225
2026-07-27 16:46:59,166.072440943208,36.3819244500297,668029.028663524,-1589.14248917843
2026-07-27 16:47:00,165.673823133145,36.0284799258626,672814.111274833,-1603.03356652265
2026-07-27 16:47:01,165.284402131441,35.6782410140102,677640.396745712,-1616.62830066278
2026-07-27 16:47:02,164.903901002014,35.331233774216,682507.002500117,-1629.93255652133
2026-07-27 16:47:03,164.532050481213,34.9874789811406,687413.066460168,-1642.9521934377
2026-07-27 16:47:04,164.168590419082,34.6469926760278,692357.744090423,-1655.6930266134
2026-07-27 16:47:05,163.81326952109,34.3097864959576,697340.208170559,-1668.1608202405
2026-07-27 16:47:06,163.465845025081,33.9758679721966,702359.648753607,-1680.36128253725
2026-07-27 16:47:07,163.126082498259,33.6452408312975,707415.272825832,-1692.30005921054
2026-07-27 16:47:08,162.79375708711,33.3179054998757,712506.300485225,-1703.98270194046
2026-07-27 16:47:09,162.468646910168,32.9938584110119,717631.97966054,-1715.41477619608
2026-07-27 16:47:10,162.150542365076,32.6730936825,722791.56354614,-1726.60168828398
2026-07-27 16:47:11,161.839239484282,32.3556023939717,727984.325183769,-1737.54879526774
2026-07-27 16:47:12,161.534541251538,32.0413730407401,733209.553578803,-1748.26137428184
2026-07-27 16:47:13,161.236257395708,31.7303917390762,738466.553455422,-1758.74461956384
2026-07-27 16:47:14,160.94420412657,31.4226424250516,743754.644907913,-1769.00364065686
2026-07-27 16:47:15,160.658205370676,31.1181072693557,749073.159020233,-1779.04343595638
2026-07-27 16:47:16,160.378086718114,30.8167658872536,754421.454497502,-1788.86899047498
2026-07-27 16:47:17,160.103683936797,30.5185969419576,759798.892135161,-1798.48512581416
2026-07-27 16:47:18,159.83483697025,30.2235773421019,765204.851160254,-1807.8965982252
2026-07-27 16:47:19,159.571391125807,29.9316826071174,770638.72507596,-1817.10807427642
2026-07-27 16:47:20,159.313196935177,29.6428870149207,776099.921105056,-1826.12412941116
2026-07-27 16:47:21,159.060109919795,29.3571637108788,781587.860192479,-1834.94924867512
2026-07-27 16:47:22,158.81199044582,29.0744848375386,787101.97646868,-1843.58782597321
2026-07-27 16:47:23,158.568704845457,28.7948218738491,792641.712344059,-1852.0441432708
2026-07-27 16:47:24,158.330119915468,28.5181447731593,798206.537443587,-1860.32245772285
2026-07-27 16:47:25,158.09611080988,28.2444235138034,803795.91941196,-1868.42687078356
2026-07-27 16:47:26,157.866555461273,27.9736272075598,809409.34303164,-1876.3614174141
2026-07-27 16:47:27,157.641335822327,27.7057244370106,815046.304915078,-1884.13004396465
2026-07-27 16:47:28,157.420337679476,27.440683319204,820706.313505335,-1891.73660977219
2026-07-27 16:47:29,157.203450538828,27.1784715873799,826388.888592569,-1899.1848875778
2026-07-27 16:47:30,156.990568734196,26.9190568910564,832093.55585152,-1906.4785452743
2026-07-27 16:47:31,156.781586269935,26.6624058994529,837819.867788063,-1913.62122537265
2026-07-27 16:47:32,156.576404244128,26.4084857985792,843567.371732794,-1920.61642824411
2026-07-27 16:47:33,156.374925683461,26.1572633798594,849335.630779128,-1927.46759233955
2026-07-27 16:47:34,156.177056693521,25.9087053372078,855124.218099376,-1934.1780754874
2026-07-27 16:47:35,155.982706357099,25.6627783057363,860932.716851167,-1940.75115621276
2026-07-27 16:47:36,155.791786584615,25.4194489023836,866760.719972165,-1947.19003560149
2026-07-27 16:47:37,155.604212073151,25.1786837707461,872607.829797777,-1953.4978378438
2026-07-27 16:47:38,155.419901305896,24.9404498434007,878473.652188866,-1959.67759529186
2026-07-27 16:47:39,155.23877185722,24.704713447141,884357.81928699,-1965.73231812661
2026-07-27 16:47:40,155.060747264326,24.4714417306955,890259.954782191,-1971.66489237547
2026-07-27 16:47:41,154.885752254111,24.2406017531802,896179.69680945,-1977.47815104046
2026-07-27 16:47:42,154.713713874604,24.0121607528299,902116.691756379,-1983.17485743698
2026-07-27 16:47:43,154.544561353423,23.786086159952,908070.594314358,-1988.75770747966
2026-07-27 16:47:44,154.378226082541,23.562345626027,914041.067064302,-1994.22933029436
2026-07-27 16:47:45,154.214642574264,23.3409072612628,920027.774309902,-1999.59227502759
2026-07-27 16:47:46,154.053744072582,23.1217387569481,926030.406228479,-2004.849073375
2026-07-27 16:47:47,153.8954690191,22.9048087514385,932048.642065343,-2010.00214839285
2026-07-27 16:47:48,153.739756590565,22.6900859346352,938082.174536549,-2015.05387833498
2026-07-27 16:47:49,153.586547765812,22.4775392983321,944130.703233713,-2020.00658190282
2026-07-27 16:47:50,153.435785230549,22.2671381363555,950193.93475924,-2024.86252015756
2026-07-27 16:47:51,153.287413359564,22.0588520672479,956271.582189466,-2029.62389725106
2026-07-27 16:47:52,153.141379120425,21.8526512397337,962363.359029091,-2034.29284895063
2026-07-27 16:47:53,152.997627990184,21.6485054993668,968469.004056102,-2038.87149812799
2026-07-27 16:47:54,152.856110020567,21.4463856774984,974588.243160349,-2043.36187357088
2026-07-27 16:47:55,152.716775666681,21.2462627306324,980720.814787184,-2047.76596697569
2026-07-27 16:47:56,152.579576793047,21.0481079699497,986866.463163661,-2052.08571988329
2026-07-27 16:47:57,152.444466624382,20.8518930629599,993024.93821959,-2056.32302498394
2026-07-27 16:47:58,152.311399672984,20.6575900307379,999195.995635233,-2060.47972769659
2026-07-27 16:47:59,152.180331739162,20.4651712604244,1005379.39638906,-2064.55762678466
2026-07-27 16:48:00,152.051220772629,20.2746097003098,1011574.90027676,-2068.55846405186
2026-07-27 16:48:01,151.924023054208,20.0858780555448,1017782.2921336,-2072.48397359004
2026-07-27 16:48:02,151.798698880445,19.898950007143,1024001.34197512,-2076.3358099287
2026-07-27 16:48:03,151.675208683177,19.7137993968363,1030231.8313884,-2080.11559819019
2026-07-27 16:48:04,151.553513980261,19.5304004333652,1036473.54671191,-2083.82492259655
2026-07-27 16:48:05,151.433577307295,19.3487276875218,1042726.27906458,-2087.46532790243
2026-07-27 16:48:06,151.315362213855,19.1687560960093,1048989.82406435,-2091.03832007734
2026-07-27 16:48:07,151.198834114571,18.9904611520058,1055263.97489907,-2094.54535660435
2026-07-27 16:48:08,151.083956647067,18.8138181221304,1061548.54987669,-2097.98789129219
2026-07-27 16:48:09,150.970697088447,18.638803223213,1067843.35070461,-2101.3673090041
2026-07-27 16:48:10,150.859022671968,18.4653928270947,1074148.19030529,-2104.6849711413
2026-07-27 16:48:11,150.748901501636,18.2935636649665,1080462.88544351,-2107.94220502385
2026-07-27 16:48:12,150.640302490157,18.1232928160313,1086787.2569396,-2111.1403052157
2026-07-27 16:48:13,150.533195360567,17.9545577081766,1093121.1294433,-2114.28053409897
2026-07-27 16:48:14,150.427550604768,17.78733611715,1099464.33125276,-2117.36412284021
2026-07-27 16:48:15,150.323340324503,17.6216063438348,1105816.68723834,-2120.39226240791
2026-07-27 16:48:16,150.220534782348,17.4573464726873,1112178.04721586,-2123.36614358718
2026-07-27 16:48:17,150.119107511419,17.2945354786721,1118548.24315635,-2126.2868988609
2026-07-27 16:48:18,150.019031884636,17.1331524869316,1124927.11735085,-2129.15564236367
2026-07-27 16:48:19,149.920281929283,16.9731769457454,1131314.51557619,-2131.97346105033
2026-07-27 16:48:20,149.822832312519,16.8145886299306,1137710.28673,-2134.74141528005
2026-07-27 16:48:21,149.726658341713,16.6573676347302,1144114.28283601,-2137.46053938452
2026-07-27 16:48:22,149.631736723631,16.5014945462636,1150526.35173231,-2140.1318338208
2026-07-27 16:48:23,149.538042318596,16.346949731511,1156946.36621017,-2142.75630111257
2026-07-27 16:48:24,149.445553008714,16.1937144002687,1163374.1799377,-2145.33489304421
2026-07-27 16:48:25,149.354246409102,16.0417698867156,1169809.65680073,-2147.86854716305
2026-07-27 16:48:26,149.264100674517,15.8910978249864,1176252.66345173,-2150.35817835804
2026-07-27 16:48:27,149.175094473941,15.7416801443238,1182703.06927168,-2152.80467954541
2026-07-27 16:48:28,149.087206999668,15.5934990676395,1189160.74618411,-2155.20892202528
2026-07-27 16:48:29,149.000418693398,15.4465372705902,1195625.56134593,-2157.57174834497
2026-07-27 16:48:30,148.914708149163,15.3007772041651,1202097.40687706,-2159.89400491576
2026-07-27 16:48:31,148.830056769203,15.1562021095686,1208576.15481199,-2162.17649390088
2026-07-27 16:48:32,148.746445615214,15.0127953302084,1215061.68715842,-2164.42000645558
2026-07-27 16:48:33,148.663856201606,14.8705404821405,1221553.88816287,-2166.62531482669
2026-07-27 16:48:34,148.582270452819,14.7294214450703,1228052.64447494,-2168.79317313588
2026-07-27 16:48:35,148.501670725124,14.5894223630008,1234557.84487357,-2170.92431754625
2026-07-27 16:48:36,148.422039758147,14.4505276355988,1241069.38042348,-2173.01946706195
2026-07-27 16:48:37,148.343361438259,14.3127220802674,1247587.13650613,-2175.07931639618
2026-07-27 16:48:38,148.26561780073,14.1759902756944,1254111.02380216,-2177.104565821
2026-07-27 16:48:39,148.188793477748,14.040317534622,1260640.93187932,-2179.09587759704
2026-07-27 16:48:40,148.112872728879,13.905689250187,1267176.75991082,-2181.05390566231
2026-07-27 16:48:41,148.037840148635,13.7720910510809,1273718.40911513,-2182.97928890878
2026-07-27 16:48:42,147.96368068481,13.6395088005054,1280265.78257193,-2184.87265134069
2026-07-27 16:48:43,147.890379614778,13.5079285938321,1286818.78510084,-2186.73460255104
2026-07-27 16:48:44,147.817923238864,13.3773369033601,1293377.31569211,-2188.56573156157
2026-07-27 16:48:45,147.746296044542,13.2477199602137,1299941.29850102,-2190.36663369069
2026-07-27 16:48:46,147.675484964537,13.1190646811823,1306510.63589699,-2192.137870803
2026-07-27 16:48:47,147.605476513725,12.9913580423151,1313085.23974645,-2193.87999853474
2026-07-27 16:48:48,147.536257497962,12.864587230276,1319665.0235951,-2195.59355988066
2026-07-27 16:48:49,147.467814997567,12.7387396377099,1326249.90268633,-2197.2790855904
2026-07-27 16:48:50,147.400136383734,12.6138028657715,1332839.79360519,-2198.9370942589
2026-07-27 16:48:51,147.333209273542,12.4897647105598,1339434.61477217,-2200.56809299349
2026-07-27 16:48:52,147.267022247511,12.3666133195898,1346034.2777842,-2202.17257125417
2026-07-27 16:48:53,147.201562077249,12.2443365825585,1352638.72002735,-2203.75102577016
2026-07-27 16:48:54,147.136817840722,12.1229230300571,1359247.85612175,-2205.30392407064
2026-07-27 16:48:55,147.072778172027,12.0023612298362,1365861.61012318,-2206.83172926433
2026-07-27 16:48:56,147.009431933011,11.8826399320397,1372479.90753905,-2208.33489423938
2026-07-27 16:48:57,146.946768229052,11.7637480700603,1379102.67507278,-2209.81386173995
2026-07-27 16:48:58,146.884776370785,11.6456747513112,1385729.84093231,-2211.26906489073
2026-07-27 16:48:59,146.823446553915,11.5284094029926,1392361.3263252,-2212.70092163167
2026-07-27 16:49:00,146.762767217287,11.4119411935763,1398997.07815677,-2214.10985735129
2026-07-27 16:49:01,146.702728972644,11.296259889992,1405637.02017032,-2215.49627163063
2026-07-27 16:49:02,146.643321981669,11.1813552805529,1412281.08545165,-2216.86056080045
2026-07-27 16:49:03,146.584536594979,11.0672173155737,1418929.20828717,-2218.20311263639
2026-07-27 16:49:04,146.526363365309,10.9538361061336,1425581.32404292,-2219.52430644226
2026-07-27 16:49:05,146.468793030011,10.8412019205912,1432237.36917773,-2220.82451334689
2026-07-27 16:49:06,146.411816498132,10.7293051780473,1438897.28144372,-2222.10409658963
2026-07-27 16:49:07,146.355425504762,10.6181365894059,1445560.99118646,-2223.36340641227
2026-07-27 16:49:08,146.299610051929,10.5076866001699,1452228.45474937,-2224.60280082029
2026-07-27 16:49:09,146.244362215129,10.3979462153847,1458899.60464815,-2225.82261503683
2026-07-27 16:49:10,146.189673601008,10.2889064458919,1465574.38265943,-2227.02318218654
2026-07-27 16:49:11,146.13553597771,10.1805584426781,1472252.73159232,-2228.20482834645
2026-07-27 16:49:12,146.081941275354,10.0728934965778,1478934.59513244,-2229.36787267383
2026-07-27 16:49:13,146.028881566068,9.96590303105447,1485619.91811874,-2230.51262770928
2026-07-27 16:49:14,145.976349696048,9.85957873901099,1492308.63770828,-2231.63939464316
2026-07-27 16:49:15,145.924336827728,9.75391204650353,1499000.71713342,-2232.74848236943
2026-07-27 16:49:16,145.872836087588,9.64889490403758,1505696.09555811,-2233.84017949093
2026-07-27 16:49:17,145.821840142075,9.54451925805009,1512394.72124105,-2234.91477316234
2026-07-27 16:49:18,145.771341791818,9.44077717913335,1519096.54330605,-2235.97254461008
2026-07-27 16:49:19,145.721333974508,9.33766086025427,1525801.51169782,-2237.01376923514
2026-07-27 16:49:20,145.671809747512,9.23516261224561,1532509.57732,-2238.03871685218
2026-07-27 16:49:21,145.622762898703,9.13327499375388,1539220.68326023,-2239.04764732117
2026-07-27 16:49:22,145.574185570025,9.03199029670074,1545934.79871987,-2240.04082812252
2026-07-27 16:49:23,145.526071786044,8.93130130666849,1552651.86857288,-2241.01850849129
2026-07-27 16:49:24,145.478415111146,8.83120079721638,1559371.84660773,-2241.98093678295
2026-07-27 16:49:25,145.4312092225,8.73168164970793,1566094.68748631,-2242.92835636009
2026-07-27 16:49:26,145.384447914927,8.63273685446547,1572820.34652307,-2243.86100564585
2026-07-27 16:49:27,145.338125083874,8.53435950559749,1579548.77989457,-2244.77911834269
2026-07-27 16:49:28,145.292234748029,8.4365428038671,1586279.9443026,-2245.68292337009
2026-07-27 16:49:29,145.246771596157,8.33928017509415,1593013.78857152,-2246.5726411354
2026-07-27 16:49:30,145.201728708187,8.24256477434536,1599750.28803647,-2247.4484995556
2026-07-27 16:49:31,145.157100981919,8.14639022712789,1606489.3928751,-2248.31071015594
2026-07-27 16:49:32,145.112882848217,8.05075013340536,1613231.06240552,-2249.15948417397
2026-07-27 16:49:33,145.069068826096,7.95563818607319,1619975.25674966,-2249.99502874551
2026-07-27 16:49:34,145.025653538435,7.86104817412484,1626721.9364801,-2250.81754687139
2026-07-27 16:49:35,144.982631695177,7.76697397674197,1633471.06291255,-2251.62723761801
2026-07-27 16:49:36,144.939998653428,7.67340968387441,1640222.58921883,-2252.42429245077
2026-07-27 16:49:37,144.897748207211,7.5803491179203,1646976.49501437,-2253.20891008098
2026-07-27 16:49:38,144.855875885651,7.48778654402255,1653732.73476064,-2253.9812744663
2026-07-27 16:49:39,144.814376759908,7.39571619584689,1660491.27196171,-2254.74156958299
2026-07-27 16:49:40,144.773245982442,7.30413239134417,1667252.07068211,-2255.48997587146
2026-07-27 16:49:41,144.732478790682,7.21302953153571,1674015.09551891,-2256.22667028571
2026-07-27 16:49:42,144.692070492432,7.12240209725304,1680780.31172988,-2256.95182644871
2026-07-27 16:49:43,144.652016489396,7.03224465277406,1687547.68484661,-2257.66561456747
2026-07-27 16:49:44,144.612312782568,6.94255195315154,1694317.17239526,-2258.36819829639
2026-07-27 16:49:45,144.572953850029,6.85331848733594,1701088.75847175,-2259.05974827347
2026-07-27 16:49:46,144.533935849229,6.76453916554308,1707862.40152235,-2259.74042181225
2026-07-27 16:49:47,144.495254474419,6.67620885846892,1714638.06911972,-2260.41037660617
2026-07-27 16:49:48,144.456905493038,6.58832250959061,1721415.72936888,-2261.06976737465
2026-07-27 16:49:49,144.418884731132,6.50087513329073,1728195.3509502,-2261.71874599751
2026-07-27 16:49:50,144.381188100391,6.41386181872296,1734976.90271411,-2262.35746140804
2026-07-27 16:49:51,144.343812090104,6.32727783458151,1741760.34530392,-2262.98605666384
2026-07-27 16:49:52,144.306751688358,6.24111818138263,1748545.66633977,-2263.60468163569
2026-07-27 16:49:53,144.270003519229,6.15537826547657,1755332.82727509,-2264.21347395337
2026-07-27 16:49:54,144.233563745295,6.07005344715064,1762121.79881629,-2264.81257184807
2026-07-27 16:49:55,144.197428590649,5.98513915179067,1768912.55210303,-2265.40211100804
2026-07-27 16:49:56,144.16159433968,5.90063086879634,1775705.05870056,-2265.98222463316
2026-07-27 16:49:57,144.126057336273,5.81652415121514,1782499.29053598,-2266.55304348295
2026-07-27 16:49:58,144.090814488055,5.73281472248368,1789295.21107671,-2267.11469299532
2026-07-27 16:49:59,144.055861243382,5.64949804241815,1796092.81068025,-2267.66730509884
2026-07-27 16:50:00,144.021194617222,5.56656995396804,1802892.05375844,-2268.2110006282
2026-07-27 16:50:01,143.986811186519,5.48402625508495,1809692.91355915,-2268.74590105636
2026-07-27 16:50:02,143.952707569923,5.40186279797179,1816495.36401286,-2269.27212574227
2026-07-27 16:50:03,143.918880444604,5.3200754937821,1823299.37926079,-2269.78979186592
2026-07-27 16:50:04,143.885326538272,5.23866031017894,1830104.93377164,-2270.29901451354
2026-07-27 16:50:05,143.852042631196,5.1576132692652,1836912.00243111,-2270.79990671231
2026-07-27 16:50:06,143.819026037278,5.0769305530323,1843720.55150101,-2271.29257679568
2026-07-27 16:50:07,143.786272649985,4.99660808053265,1850530.57442642,-2271.77713927256
2026-07-27 16:50:08,143.753779890714,4.91664214176028,1857342.03801444,-2272.2536985034
2026-07-27 16:50:09,143.721544726641,4.83702897093672,1864154.91849226,-2272.72235974782
2026-07-27 16:50:10,143.68956417624,4.75776485416467,1870969.19232324,-2273.18322638781
2026-07-27 16:50:11,143.657835301782,4.67884612741927,1877784.83630277,-2273.63640000115
2026-07-27 16:50:12,143.626355212582,4.6002691767297,1884601.82746696,-2274.08198037625
2026-07-27 16:50:13,143.595121532557,4.52203053783783,1891420.13427049,-2274.52006306906
2026-07-27 16:50:14,143.564130496152,4.44412648710017,1898239.75237583,-2274.9507495304
2026-07-27 16:50:15,143.533379822628,4.36655365702318,1905060.65068268,-2275.37413187392
2026-07-27 16:50:16,143.502866783954,4.28930862207536,1911882.80748498,-2275.79030317882
2026-07-27 16:50:17,143.472588696094,4.21238800245463,1918706.20133527,-2276.19935490601
2026-07-27 16:50:18,143.442542919082,4.13578846501658,1925530.81089189,-2276.60137692154
2026-07-27 16:50:19,143.412726843248,4.05950671761587,1932356.61535551,-2276.99645760304
2026-07-27 16:50:20,143.383137904446,3.98353951441764,1939183.59392782,-2277.38468377933
2026-07-27 16:50:21,143.353774037293,3.9078837497816,1946011.71720558,-2277.76613848419
2026-07-27 16:50:22,143.324631813089,3.8325360611808,1952840.98316788,-2278.14091036875
2026-07-27 16:50:23,143.29570924767,3.75749342847985,1959671.36276215,-2278.50907954455
2026-07-27 16:50:24,143.267003915031,3.6827527708515,1966502.83635878,-2278.87072714953
2026-07-27 16:50:25,143.238513433641,3.60831104849335,1973335.38448184,-2279.22593291508
2026-07-27 16:50:26,143.210235447781,3.53416526013218,1980168.98797761,-2279.574775276
2026-07-27 16:50:27,143.182167641488,3.46031244419639,1987003.62784511,-2279.91733132919
2026-07-27 16:50:28,143.154308183232,3.38674977402528,1993839.27626589,-2280.25367471093
2026-07-27 16:50:29,143.126653905659,3.31347416764058,2000675.93302129,-2280.58388441217
2026-07-27 16:50:30,143.099203049588,3.2404828751141,2007513.57058629,-2280.90803152359
2026-07-27 16:50:31,143.071953420095,3.16777308241543,2014352.17102857,-2281.22618819396
2026-07-27 16:50:32,143.044902863614,3.0953420146649,2021191.71632557,-2281.53842533251
2026-07-27 16:50:33,143.018049247339,3.02318692902629,2028032.18897932,-2281.84481273368
2026-07-27 16:50:34,142.991390474848,2.95130511966552,2034873.57149311,-2282.1454190173
2026-07-27 16:50:35,142.964924474085,2.87969391421224,2041715.84665278,-2282.44031170629
2026-07-27 16:50:36,142.938649648437,2.80835076876209,2048558.9882985,-2282.72955517795
2026-07-27 16:50:37,142.912563098173,2.7372728889663,2055402.99783273,-2283.01321885224
2026-07-27 16:50:38,142.886663280403,2.66645779655189,2062247.84955825,-2283.29136497099
2026-07-27 16:50:39,142.860948238794,2.59590295217933,2069093.52694579,-2283.56405677283
2026-07-27 16:50:40,142.835416041922,2.52560584671178,2075940.01380494,-2283.83135649154
2026-07-27 16:50:41,142.810064784081,2.45556400320805,2082787.29404182,-2284.093325364
2026-07-27 16:50:42,142.784892591151,2.38577497612606,2089635.35168571,-2284.35002362509
2026-07-27 16:50:43,142.75989803769,2.31623644121079,2096484.16192575,-2284.60150869031
2026-07-27 16:50:44,142.735078428689,2.24694582698176,2103333.72757523,-2284.84784273209
2026-07-27 16:50:45,142.710432396584,2.17790086965972,2110184.02409448,-2285.08908125288
2026-07-27 16:50:46,142.685958158534,2.10909924139377,2117035.03631134,-2285.32528078846
2026-07-27 16:50:47,142.66165396339,2.04053864377211,2123886.74913432,-2285.55649695212
2026-07-27 16:50:48,142.637518074109,1.97221680495199,2130739.14779609,-2285.78278452287
2026-07-27 16:50:49,142.613548787338,1.90413148310307,2137592.21746219,-2286.00419737669
2026-07-27 16:50:50,142.589744834954,1.83628055148643,2144445.93452955,-2286.22078681505
2026-07-27 16:50:51,142.566103704601,1.7686616404223,2151300.30296814,-2286.43260864662
2026-07-27 16:50:52,142.542624180522,1.70127267805826,2158155.29937424,-2286.63971249054
2026-07-27 16:50:53,142.51930463839,1.63411152766235,2165010.9097218,-2286.8421489874
2026-07-27 16:50:54,142.496143483086,1.56717607966276,2171867.11999018,-2287.0399679637
2026-07-27 16:50:55,142.473139132224,1.50046424822385,2178723.91647507,-2287.2332185121
2026-07-27 16:50:56,142.450290029642,1.43397397353514,2185581.28551277,-2287.42194894885
2026-07-27 16:50:57,142.427594634777,1.36770321954445,2192439.21367462,-2287.60620686903
2026-07-27 16:50:58,142.405051845062,1.30165006380161,2199297.67833633,-2287.7860374702
2026-07-27 16:50:59,142.382659332317,1.23581234191416,2206156.68477707,-2287.96149022335
2026-07-27 16:51:00,142.360416028987,1.17018817744766,2213016.2108371,-2288.13260891788
2026-07-27 16:51:01,142.33832047958,1.10477563217749,2219876.24334981,-2288.29943828971
2026-07-27 16:51:02,142.316371238168,1.03957278689006,2226736.76969051,-2288.46202243773
2026-07-27 16:51:03,142.294566881062,0.974577746673377,2233597.77718561,-2288.62040478067
2026-07-27 16:51:04,142.272906007229,0.909788640056048,2240459.25316467,-2288.77462806764
2026-07-27 16:51:05,142.251387629299,0.845203701557401,2247321.17609138,-2288.9247328955
2026-07-27 16:51:06,142.230009566321,0.780820928927022,2254183.55216806,-2289.07076387054
2026-07-27 16:51:07,142.208770868953,0.716638600150549,2261046.36008332,-2289.2127603202
2026-07-27 16:51:08,142.187670204522,0.652654929736507,2267909.58765584,-2289.35076250423
2026-07-27 16:51:09,142.166706253241,0.58886815133488,2274773.22299305,-2289.48481010147
2026-07-27 16:51:10,142.145877708561,0.525276518631108,2281637.25436377,-2289.61494221657
2026-07-27 16:51:11,142.125183288834,0.461878307041454,2288501.66998052,-2289.74119734646
2026-07-27 16:51:12,142.104621717277,0.398671809568718,2295366.45841778,-2289.86361346345
2026-07-27 16:51:13,142.084192137204,0.335655426021037,2302231.59879791,-2289.98222651467
2026-07-27 16:51:14,142.063892515547,0.272827319217269,2309097.0984363,-2290.09707623917
2026-07-27 16:51:15,142.043722022767,0.210185926267905,2315962.93681851,-2290.20819750515
2026-07-27 16:51:16,142.023679451167,0.147729618743035,2322829.1027569,-2290.3156260906
2026-07-27 16:51:17,142.003763602117,0.0854567851365737,2329695.58534572,-2290.41939727571
2026-07-27 16:51:18,141.983973300613,0.0233658349010883,2336562.37348511,-2290.51954579857
2026-07-27 18:19:06,269.208430687767,0.0256483245245834,2344771.44722095,1180.04380816396
2026-07-27 18:19:07,269.053700148213,0.0571923227060946,2341241.59432665,1174.86831178851
2026-07-27 18:19:08,268.898495779375,0.0886433200007136,2337727.27854677,1169.66818122243
2026-07-27 18:19:09,268.742817565516,0.120000104979932,2334228.58878254,1164.44338096184
2026-07-27 18:19:10,268.586665413786,0.151261592673232,2330745.59921648,1159.19387661548
2026-07-27 18:19:11,268.430039257259,0.182426694338754,2327278.38381513,1153.91963528039
2026-07-27 18:19:12,268.272939057019,0.213494311446299,2323827.01699589,1148.62062546435
2026-07-27 18:19:13,268.115364797055,0.244463342911885,2320391.57282857,1143.29681709787
2026-07-27 18:19:14,267.957316603207,0.275332540286543,2316972.14097091,1137.94818216574
2026-07-27 18:19:15,267.798794295158,0.306101062364867,2313568.76563351,1132.57469263375
2026-07-27 18:19:16,267.639798049528,0.336767650997007,2310181.53631825,1127.17632344069
2026-07-27 18:19:17,267.48032796472,0.367331175413217,2306810.52787118,1121.75305065272
2026-07-27 18:19:18,267.320384163609,0.397790502272996,2303455.81480446,1116.30485186685
2026-07-27 18:19:19,267.159966800754,0.42814448919884,2300117.47200796,1110.8317063234
2026-07-27 18:19:20,266.999076059104,0.458391988465097,2296795.57434703,1105.33359488926
2026-07-27 18:19:21,266.837712267552,0.488531709156462,2293490.21167374,1099.81050086687
2026-07-27 18:19:22,266.675875431816,0.518562768723752,2290201.42875595,1094.2624068576
2026-07-27 18:19:23,266.513565939785,0.548483864791771,2286929.31551877,1088.68929952409
2026-07-27 18:19:24,266.350784094472,0.578293824792125,2283673.94713741,1083.09116649268
2026-07-27 18:19:25,266.187530228764,0.607991471855067,2280435.39866486,1077.46799715044
2026-07-27 18:19:26,266.023804703883,0.637575624939664,2277213.74502219,1071.81978259726
2026-07-27 18:19:27,265.859607916981,0.667045093946128,2274009.06153163,1066.14651581956
2026-07-27 18:19:28,265.694940291964,0.696398687782808,2270821.42304797,1060.44819156033
2026-07-27 18:19:29,265.529802416049,0.725635065136123,2267650.92002641,1054.7248076064
2026-07-27 18:19:30,265.364194525635,0.754753303409096,2264497.59727437,1048.97636018497
2026-07-27 18:19:31,265.198117268996,0.783752053392199,2261361.54499595,1043.20285077062
2026-07-27 18:19:32,265.03157120391,0.812630099594437,2258242.83842876,1037.40428171973
2026-07-27 18:19:33,264.864556917378,0.841386223892895,2255141.55254535,1031.58065724201
2026-07-27 18:19:34,264.697075035054,0.870019199705486,2252057.76268352,1025.73198362229
2026-07-27 18:19:35,264.52912621028,0.898527800042524,2248991.54368925,1019.85826901651
2026-07-27 18:19:36,264.360711271936,0.926910648221342,2245942.98583296,1013.95952522457
2026-07-27 18:19:37,264.191830673833,0.955166788846838,2242912.13395285,1008.03576154404
2026-07-27 18:19:38,264.022485310268,0.98329483813534,2239899.07806003,1002.08699377913
2026-07-27 18:19:39,263.852675976983,1.01129354801469,2236903.89317476,996.113238374557
2026-07-27 18:19:40,263.682403503142,1.03916166816198,2233926.65405534,990.11451386455
2026-07-27 18:19:41,263.511668756673,1.06689794099239,2230967.43573652,984.090840955847
2026-07-27 18:19:42,263.340472637521,1.09450110890114,2228026.31276884,978.042242466067
2026-07-27 18:19:43,263.168816083795,1.12196990846274,2225103.35984074,971.968743416817
2026-07-27 18:19:44,262.996700218783,1.14930292681965,2222198.66691685,965.870372974856
2026-07-27 18:19:45,262.824125759966,1.17649918221327,2219312.27805317,959.747156783661
2026-07-27 18:19:46,262.651093901901,1.20355725644672,2216444.28288133,953.599128422439
2026-07-27 18:19:47,262.477605730388,1.23047587205908,2213594.75573641,947.426321862067
2026-07-27 18:19:48,262.303662368827,1.25725374843206,2210763.77084826,941.228773365525
2026-07-27 18:19:49,262.129264979603,1.28388960109063,2207951.40242318,935.006521531517
2026-07-27 18:19:50,261.95441475898,1.31038214603522,2205157.72419898,928.759607215154
2026-07-27 18:19:51,261.779113102376,1.33672994738948,2202382.82535826,922.488075996778
2026-07-27 18:19:52,261.603360978046,1.36293200168907,2199626.74952928,916.191969051185
2026-07-27 18:19:53,261.427159851895,1.38898687246771,2196889.58518511,909.871336566101
2026-07-27 18:19:54,261.250511080845,1.41489326224987,2194171.40589051,903.526229073599
2026-07-27 18:19:55,261.073416056808,1.4406498728591,2191472.28491183,897.156699406415
2026-07-27 18:19:56,260.89587621565,1.46625540283835,2188792.29549617,890.762802991814
2026-07-27 18:19:57,260.717893026226,1.49170855272409,2186131.51033361,884.344597561792
2026-07-27 18:19:58,260.539468169128,1.51700787122403,2183490.01747898,877.9021461593
2026-07-27 18:19:59,260.360602869994,1.54215234343733,2180867.8595065,871.435506344736
2026-07-27 18:20:00,260.181298884208,1.56714051959508,2178265.12368603,864.944746076768
2026-07-27 18:20:01,260.001557846628,1.59197109162426,2175681.88230685,858.429933271185
2026-07-27 18:20:02,259.821381432008,1.61664275140266,2173118.20736782,851.891138394261
2026-07-27 18:20:03,259.640771357457,1.64115418960154,2170574.17070834,845.328434534385
2026-07-27 18:20:04,259.459729378469,1.66550409816408,2168049.8437649,838.741897313919
2026-07-27 18:20:05,259.278257295015,1.68969116627992,2165545.29799674,832.131605028905
2026-07-27 18:20:06,259.096357122472,1.71371393797713,2163060.61947552,825.497641692474
2026-07-27 18:20:07,258.91403039266,1.73757139689072,2160595.84901268,818.840084680199
2026-07-27 18:20:08,258.731279202213,1.76126208699874,2158151.0722438,812.159023202779
2026-07-27 18:20:09,258.54810551786,1.78478470032609,2155726.35941888,805.454546209756
2026-07-27 18:20:10,258.364511347154,1.80813792779152,2153321.78070181,798.726745238487
2026-07-27 18:20:11,258.180498739402,1.83132046262219,2150937.40583545,791.975714544498
2026-07-27 18:20:12,257.996069787351,1.85433099867293,2148573.30432619,785.201551126314
2026-07-27 18:20:13,257.811226810122,1.87716808478396,2146229.56024123,778.404358197995
2026-07-27 18:20:14,257.62597161732,1.89983070987974,2143906.2128097,771.584231214124
2026-07-27 18:20:15,257.440306610722,1.92231742766646,2141603.3453436,764.741278804078
2026-07-27 18:20:16,257.25423405295,1.94462693800464,2139321.02618159,757.875608891112
2026-07-27 18:20:17,257.067756250256,1.96675794350887,2137059.323278,750.987332211669
2026-07-27 18:20:18,256.880875550849,1.98870914933727,2134818.30423818,744.076562243187
2026-07-27 18:20:19,256.693594344948,2.01047926341027,2132598.03631068,737.143415211826
2026-07-27 18:20:20,256.505915068691,2.03206699545403,2130398.58649847,730.188010223973
2026-07-27 18:20:21,256.317840393287,2.05347091391984,2128220.03596352,723.210473093646
2026-07-27 18:20:22,256.12937244814,2.07469002901991,2126062.42138405,716.210920503092
2026-07-27 18:20:23,255.940513991622,2.09572291446086,2123925.82335494,709.189483873016
2026-07-27 18:20:24,255.75126763107,2.11656829454682,2121810.30730201,702.146293514043
2026-07-27 18:20:25,255.561636015911,2.13722489739733,2119715.93827692,695.081482510136
2026-07-27 18:20:26,255.371621836735,2.15769145697966,2117642.78076917,687.995186731952
2026-07-27 18:20:27,255.181227832008,2.1779667084595,2115590.89918684,680.887544982212
2026-07-27 18:20:28,254.990456984898,2.19804924853127,2113560.37181175,673.758703251343
2026-07-27 18:20:29,254.799311706065,2.21793811773368,2111551.23267577,666.608797102318
2026-07-27 18:20:30,254.607795065054,2.23763192106106,2109563.55940046,659.437978146813
2026-07-27 18:20:31,254.415909969744,2.25712941608086,2107597.41446233,652.246396456481
2026-07-27 18:20:32,254.223659371163,2.27642936603416,2105652.85988738,645.034204944022
2026-07-27 18:20:33,254.031046260858,2.29553054037582,2103729.95721307,637.801559266944
2026-07-27 18:20:34,253.838073676545,2.31443171435819,2101828.76754656,630.548618038187
2026-07-27 18:20:35,253.644744696182,2.33313166927061,2099949.35155587,623.275542589468
2026-07-27 18:20:36,253.451062656956,2.35162904805837,2098091.78378145,615.982502025704
2026-07-27 18:20:37,253.257030287456,2.36992294039689,2096256.09471198,608.669653502013
2026-07-27 18:20:38,253.062651012111,2.38801200052151,2094442.358184,601.337171776346
2026-07-27 18:20:39,252.867928076118,2.40589503991064,2092650.63267605,593.985229400308
2026-07-27 18:20:40,252.67286476931,2.42357087607567,2090880.97631003,586.614001787405
2026-07-27 18:20:41,252.477464422623,2.44103833488906,2089133.44663746,579.223667123684
2026-07-27 18:20:42,252.281730409458,2.45829624964609,2087408.10074847,571.814406390182
2026-07-27 18:20:43,252.085666370363,2.4753433173383,2085705.00942446,564.386408688998
2026-07-27 18:20:44,251.889275303897,2.49217868317728,2084024.1996506,556.939849729161
2026-07-27 18:20:45,251.692560936563,2.50880105884438,2082365.74139681,549.474924192025
2026-07-27 18:20:46,251.495526802683,2.52520931501459,2080729.68931669,541.991823988605
2026-07-27 18:20:47,251.298176478928,2.54140233026164,2079116.09763825,534.490743786171
2026-07-27 18:20:48,251.10051358383,2.55737899305924,2077525.01998414,526.971881029729
2026-07-27 18:20:49,250.902541774886,2.5731382012607,2075956.50943858,519.435435801825
2026-07-27 18:20:50,250.704264985456,2.58867871849068,2074410.63260308,511.881616664415
2026-07-27 18:20:51,250.505686476603,2.60399975715664,2072887.41260673,504.310617433759
2026-07-27 18:20:52,250.306810261957,2.61910009929391,2071386.91510311,496.722651971068
2026-07-27 18:20:53,250.107640153932,2.63397868704027,2069909.1905273,489.117930927843
2026-07-27 18:20:54,249.908180006406,2.64863447209628,2068454.28884042,481.496667638373
2026-07-27 18:20:55,249.708433710053,2.66306641809257,2067022.25931461,473.859077979697
2026-07-27 18:20:56,249.508405192333,2.6772735004555,2065613.15056249,466.205380354468
2026-07-27 18:20:57,249.30809842115,2.69125470595636,2064227.01059747,458.535795812193
2026-07-27 18:20:58,249.107517649043,2.70500888837192,2062863.90087139,450.850554186963
2026-07-27 18:20:59,248.906666413526,2.718535352909,2061523.83950485,443.149868739298
2026-07-27 18:21:00,248.705549042393,2.73183297631539,2060206.88681373,435.433974303512
2026-07-27 18:21:01,248.50416964597,2.74490079762152,2058913.08790458,427.703101769425
2026-07-27 18:21:02,248.302532373013,2.75773786599094,2057642.48748064,419.957484488445
2026-07-27 18:21:03,248.100641405055,2.77034324659058,2056395.12928875,412.197358178286
2026-07-27 18:21:04,247.89850095911,2.78271601639831,2055171.05654051,404.422960910102
2026-07-27 18:21:05,247.696115548808,2.79485512176457,2053970.32569806,396.634539986823
2026-07-27 18:21:06,247.493488933111,2.80675996068791,2052792.95018712,388.832324390864
2026-07-27 18:21:07,247.290625696882,2.81842950456511,2051638.98534628,381.016566091546
2026-07-27 18:21:08,247.087530184434,2.829862890752,2050508.47112702,373.187512146361
2026-07-27 18:21:09,246.88420678349,2.84105926635089,2049401.44721964,365.345412145346
2026-07-27 18:21:10,246.680659905615,2.85201779679135,2048317.95223857,357.490517623796
2026-07-27 18:21:11,246.476894000027,2.86273766048638,2047258.02425296,349.623082462883
2026-07-27 18:21:12,246.272913539946,2.87321805310343,2046221.70038818,341.743362431285
2026-07-27 18:21:13,246.068723308015,2.88345804044507,2045209.03099569,333.851622928857
2026-07-27 18:21:14,245.864327295947,2.89345713610889,2044220.0240801,325.948109299143
2026-07-27 18:21:15,245.659730339468,2.90321443959601,2043254.72826089,318.033090800713
2026-07-27 18:21:16,245.454937032559,2.91272920857092,2042313.17770341,310.106831371241
2026-07-27 18:21:17,245.249951999371,2.92200071767023,2041395.40572478,302.169596975743
2026-07-27 18:21:18,245.044779886877,2.93102825875871,2040501.4447813,294.221655299067
2026-07-27 18:21:19,244.839425375443,2.93981113833325,2039631.32673093,286.263276082711
2026-07-27 18:21:20,244.633893447301,2.94834854064486,2038785.0959674,278.294738448796
2026-07-27 18:21:21,244.428188264861,2.95664009313467,2037962.75521693,270.316300032415
2026-07-27 18:21:22,244.222314865153,2.96468501155902,2037164.34752754,262.328243538468
2026-07-27 18:21:23,244.016278022001,2.97248267497063,2036389.901137,254.330845465155
2026-07-27 18:21:24,243.810082540149,2.98003247617557,2035639.44382682,246.324384138809
2026-07-27 18:21:25,243.60373323911,2.98733382942879,2034913.0021962,238.309139236349
2026-07-27 18:21:26,243.397234970392,2.99438616330757,2034210.60235522,230.285392274252
2026-07-27 18:21:27,243.190592890482,3.00118878711315,2033532.28270531,222.253434191507
2026-07-27 18:21:28,242.98381130363,3.00774145033425,2032878.04046348,214.213532917505
2026-07-27 18:21:29,242.776895413585,3.01404349598667,2032247.91262291,206.165982414132
2026-07-27 18:21:30,242.569850144249,3.02009443018936,2031641.92149895,198.111069608858
2026-07-27 18:21:31,242.362680447054,3.02589377385679,2031060.0889205,190.049082986863
2026-07-27 18:21:32,242.155391287814,3.03144106978378,2030502.43556237,181.980312216605
2026-07-27 18:21:33,241.947987647794,3.03673587806814,2029968.98138983,173.905048058666
2026-07-27 18:21:34,241.740474529336,3.04177777916606,2029459.74537681,165.823582637356
2026-07-27 18:21:35,241.532857252968,3.04656623212726,2028974.75903042,157.736217777013
2026-07-27 18:21:36,241.32514024219,3.05110113426936,2028514.01302722,149.643230299543
2026-07-27 18:21:37,241.117328844083,3.05538198540873,2028077.53692684,141.544924021269
2026-07-27 18:21:38,240.909428122384,3.05940844105832,2027665.34641667,133.441595220836
2026-07-27 18:21:39,240.701443148163,3.06318017944369,2027277.45600338,125.333540931966
2026-07-27 18:21:40,240.493379007444,3.06669689737413,2026913.87941234,117.221059121501
2026-07-27 18:21:41,240.285240800338,3.06995830998875,2026574.62961735,109.104448624472
2026-07-27 18:21:42,240.077033946872,3.07296401781083,2026259.73150497,100.984018021507
2026-07-27 18:21:43,239.868762938269,3.07571405204677,2025969.16995508,92.8600493223164
2026-07-27 18:21:44,239.660433213601,3.07820805296322,2025702.9680854,84.7328524359358
2026-07-27 18:21:45,239.452049909847,3.08044581583811,2025461.135264,76.6027288172831
2026-07-27 18:21:46,239.243618174208,3.08242715750387,2025243.67982441,68.4699805892326
2026-07-27 18:21:47,239.035143152997,3.08415191630123,2025050.60907193,60.3349100805051
2026-07-27 18:21:48,238.826630009075,3.08561994773415,2024881.92970151,52.1978203836504
2026-07-27 18:21:49,238.618083899507,3.08683113183413,2024737.64709902,44.0590146256678
2026-07-27 18:21:50,238.409510322908,3.08778522912788,2024617.77904708,35.9188061925674
2026-07-27 18:21:51,238.200913796312,3.08848243055699,2024522.30340748,27.777479690826
2026-07-27 18:21:52,237.992299819954,3.08892253939445,2024451.23595661,19.6353488265449
2026-07-27 18:21:53,237.783673571457,3.08910551424678,2024404.57872335,11.4927178778866
2026-07-27 18:21:54,237.575040226094,3.08903133602432,2024382.33264748,3.34989111829177
2026-07-27 18:21:55,237.366404969359,3.08870000306593,2024384.49804397,-4.79282682990343
2026-07-27 18:21:56,237.157772973399,3.08811153831631,2024411.07391956,-12.9351317739023
2026-07-27 18:21:57,236.949149757526,3.08726584752221,2024462.07146435,-21.076709189772
2026-07-27 18:21:58,236.740539826339,3.08616325999403,2024537.46260314,-29.2172748724513
2026-07-27 18:21:59,236.531948686106,3.08480372535103,2024637.25641462,-37.3565148631107
2026-07-27 18:22:00,236.323381510127,3.08318734415366,2024761.44864643,-45.4941252786317
2026-07-27 18:22:01,236.114843465205,3.08131424060763,2024910.033825,-53.629802540075
2026-07-27 18:22:02,235.906339715596,3.0791845559926,2025083.00587685,-61.7632433923346
2026-07-27 18:22:03,235.697875414115,3.0767984558933,2025280.35743931,-69.89414510808
2026-07-27 18:22:04,235.489455712651,3.07415612286058,2025502.08055483,-78.0222052695761
2026-07-27 18:22:05,235.281086107206,3.07125762809598,2025748.17888715,-86.1471113448466
2026-07-27 18:22:06,235.072771030592,3.0681034612396,2026018.61727114,-94.2685831817977
2026-07-27 18:22:07,234.864515961955,3.06469373301083,2026313.39762961,-102.386309430666
2026-07-27 18:22:08,234.656326015611,3.06102870786351,2026632.50825318,-110.499990133354
2026-07-27 18:22:09,234.448206300852,3.05710866983718,2026975.93656859,-118.609325853878
2026-07-27 18:22:10,234.240161914198,3.05293392247278,2027343.66914043,-126.71401800086
2026-07-27 18:22:11,234.032197937936,3.04850479052963,2027735.69150238,-134.813768866894
2026-07-27 18:22:12,233.824319802464,3.0438214872853,2028152.00080537,-142.908270678474
2026-07-27 18:22:13,233.616531855,3.03888463410709,2028592.55626703,-150.997249063876
2026-07-27 18:22:14,233.408839494023,3.03369448478415,2029057.35312524,-159.080398291493
2026-07-27 18:22:15,233.201247751377,3.02825144045218,2029546.37353562,-167.157424339338
2026-07-27 18:22:16,232.993761639201,3.02255592330157,2030059.59860471,-175.228034386641
2026-07-27 18:22:17,232.786386160814,3.01660837222117,2030597.00879787,-183.29193651284
2026-07-27 18:22:18,232.579126292562,3.01040924793127,2031158.58344084,-191.34884029887
2026-07-27 18:22:19,232.371987368161,3.00395890133095,2031744.31329356,-199.398445062571
2026-07-27 18:22:20,232.164973603294,2.99725808246625,2032354.15190329,-207.440485038292
2026-07-27 18:22:21,231.958090286426,2.99030718099873,2032988.0881712,-215.474662407834
2026-07-27 18:22:22,231.751342327793,2.98310673044055,2033646.09816628,-223.500691667619
2026-07-27 18:22:23,231.544734610414,2.97565728436708,2034328.15694115,-231.518288955038
2026-07-27 18:22:24,231.338272004434,2.96795941217033,2035034.23892866,-239.527171612405
2026-07-27 18:22:25,231.131959349726,2.96001370404891,2035764.3174539,-247.527058757294
2026-07-27 18:22:26,230.925801471635,2.95182076571357,2036518.36523051,-255.517670815907
2026-07-27 18:22:27,230.719803541837,2.94338109853991,2037296.3658414,-263.498718464613
2026-07-27 18:22:28,230.51396958611,2.93469559179042,2038098.26653688,-271.469948528974
2026-07-27 18:22:29,230.308304729738,2.92576478072379,2038924.04934231,-279.431074969342
2026-07-27 18:22:30,230.102813695076,2.91658934299756,2039773.68346532,-287.381825094283
2026-07-27 18:22:31,229.897501185821,2.90716997130755,2040647.13749074,-295.321927766346
2026-07-27 18:22:32,229.692371875646,2.89750737620356,2041544.37909796,-303.251113785342
2026-07-27 18:22:33,229.487430406868,2.88760228585947,2042465.37507006,-311.169115956802
2026-07-27 18:22:34,229.282681785421,2.87745532330563,2043410.10309536,-319.075656875058
2026-07-27 18:22:35,229.078129840567,2.86706748802753,2044378.50541646,-326.970496580567
2026-07-27 18:22:36,228.873779511535,2.85643943726178,2045370.5579583,-334.853361906722
2026-07-27 18:22:37,228.66963533555,2.84557196234185,2046386.22449576,-342.723993204381
2026-07-27 18:22:38,228.465701814248,2.83446587080316,2047425.46797778,-350.582133082091
2026-07-27 18:22:39,228.261983424577,2.82312198549236,2048488.25060045,-358.427526028035
2026-07-27 18:22:40,228.058484606022,2.81154114572766,2049574.53367992,-366.259918874272
2026-07-27 18:22:41,227.855209774664,2.79972420324158,2050684.27803004,-374.079060367184
2026-07-27 18:22:42,227.652163695284,2.78767191172986,2051817.45462932,-381.884689634764
2026-07-27 18:22:43,227.449349939574,2.77538538617983,2052974.00019681,-389.676584004435
2026-07-27 18:22:44,227.246773211616,2.76286540721204,2054153.88442402,-397.454486944205
2026-07-27 18:22:45,227.044437791255,2.75011288612274,2055357.06501304,-405.218156336561
2026-07-27 18:22:46,226.842347929096,2.73712874798021,2056583.49895941,-412.967352214318
2026-07-27 18:22:47,226.640507834106,2.72391393267665,2057833.14243365,-420.701837206066
2026-07-27 18:22:48,226.438921691704,2.71046939115916,2059105.95113235,-428.421375951747
2026-07-27 18:22:49,226.237594035858,2.69679597772103,2060401.89072898,-436.125723593378
2026-07-27 18:22:50,226.036528186139,2.68289489686075,2061720.89344372,-443.814674287508
2026-07-27 18:22:51,225.835728609645,2.66876702659029,2063062.92375907,-451.487987916842
2026-07-27 18:22:52,225.6351993428,2.65441337091842,2064427.9344595,-459.145439076548
2026-07-27 18:22:53,225.434944385307,2.63983494613492,2065815.87765737,-466.786804864981
2026-07-27 18:22:54,225.234967698417,2.62503278048863,2067226.70480787,-474.4118649585
2026-07-27 18:22:55,225.035273208624,2.61000791417511,2068660.36669462,-482.020401480394
2026-07-27 18:22:56,224.835865205262,2.59476128843302,2070116.82424846,-489.612186706711
2026-07-27 18:22:57,224.636746730229,2.57929418731478,2071596.0053767,-497.187033042308
2026-07-27 18:22:58,224.4379219963,2.56360757435235,2073097.86973205,-504.744717950566
2026-07-27 18:22:59,224.239394779353,2.5477025335014,2074622.36563971,-512.285033882869
2026-07-27 18:23:00,224.041168806088,2.53158016086369,2076169.44065054,-519.80777627434
2026-07-27 18:23:01,223.843247772624,2.5152415619144,2077739.04179692,-527.312742923699
2026-07-27 18:23:02,223.645635331241,2.498687852286,2079331.11549843,-534.799734461151
2026-07-27 18:23:03,223.448335098513,2.48192015695217,2080945.60762604,-542.268554070157
2026-07-27 18:23:04,223.251351048951,2.46493950612237,2082582.47372761,-549.718995311437
2026-07-27 18:23:05,223.054685904585,2.44774725593361,2084241.63763033,-557.150892056733
2026-07-27 18:23:06,222.858343563169,2.43034445330895,2085923.05388495,-564.564043190218
2026-07-27 18:23:07,222.662327475641,2.41273226040779,2087626.66601743,-571.958262936363
2026-07-27 18:23:08,222.466641052443,2.39491184797246,2089352.4169962,-579.33336825858
2026-07-27 18:23:09,222.27128766199,2.3768843949788,2091100.24924966,-586.689178919304
2026-07-27 18:23:10,222.076270632433,2.35865108778389,2092870.10473387,-594.025517430922
2026-07-27 18:23:11,221.881593657769,2.34021301988019,2094661.93484524,-601.342196459858
2026-07-27 18:23:12,221.687259158966,2.3215715984666,2096475.6601449,-608.639069622582
2026-07-27 18:23:13,221.493270748315,2.30272793007057,2098311.23116261,-615.91595513023
2026-07-27 18:23:14,221.299631586109,2.28368323138917,2100168.58771952,-623.172686693291
2026-07-27 18:23:15,221.10634478915,2.26443872542632,2102047.6691882,-630.409100891292
2026-07-27 18:23:16,220.913413427846,2.24499564287016,2103948.4143398,-637.625037244891
2026-07-27 18:23:17,220.720840539222,2.22535521920145,2105870.76161555,-644.820337803846
2026-07-27 18:23:18,220.528629110586,2.20551869646164,2107814.64893386,-651.994847688298
2026-07-27 18:23:19,220.33678250364,2.18548722423567,2109780.0235624,-659.148401958098
2026-07-27 18:23:20,220.145302786127,2.16526225464667,2111766.80266888,-666.280877145634
2026-07-27 18:23:21,219.954193241698,2.14484494533482,2113774.93289072,-673.392113742248
2026-07-27 18:23:22,219.763456681847,2.12423656182036,2115804.35017176,-680.481968321374
2026-07-27 18:23:23,219.573095881722,2.1034383720138,2117854.99026979,-687.550300099773
2026-07-27 18:23:24,219.383113575637,2.08245164934101,2119926.78842975,-694.596971030884
2026-07-27 18:23:25,219.19351245198,2.0612776705418,2122019.67958714,-701.621846016561
2026-07-27 18:23:26,219.00429557336,2.03991762319069,2124133.60766046,-708.624779916949
2026-07-27 18:23:27,218.81546469929,2.01837298335033,2126268.48754298,-715.605669228508
2026-07-27 18:23:28,218.627022817336,1.99664494292132,2128424.26268072,-722.564374102597
2026-07-27 18:23:29,218.438972435799,1.97473479579931,2130600.86623059,-729.500770949713
2026-07-27 18:23:30,218.251316030222,1.95264383702075,2132798.23118454,-736.414738665116
2026-07-27 18:23:31,218.064056030461,1.93037336503114,2135016.29012606,-743.306159028558
2026-07-27 18:23:32,217.877194826056,1.90792468048605,2137254.97533694,-750.174916529905
2026-07-27 18:23:33,217.690734754753,1.88529908822788,2139514.21858222,-757.020898720377
2026-07-27 18:23:34,217.504678545559,1.86249780210142,2141793.9607625,-763.843982623342
2026-07-27 18:23:35,217.3190276115,1.83952231210776,2144094.11462176,-770.644087054289
2026-07-27 18:23:36,217.133784586539,1.81637383748172,2146414.62024791,-777.421094845417
2026-07-27 18:23:37,216.948951645596,1.79305368891958,2148755.40830266,-784.174904348725
2026-07-27 18:23:38,216.764530919325,1.76956317905915,2151116.40908905,-790.905416703102
2026-07-27 18:23:39,216.580524495617,1.74590362165983,2153497.55262128,-797.612535785249
2026-07-27 18:23:40,216.396934421843,1.72207633125254,2155898.7686473,-804.296168127387
2026-07-27 18:23:41,216.213763123692,1.69808253609604,2158319.99555178,-810.956210150178
2026-07-27 18:23:42,216.03101171567,1.67392372713778,2160761.14460896,-817.592599659587
2026-07-27 18:23:43,215.848682537022,1.64960113352382,2163222.15366199,-824.205238502212
2026-07-27 18:23:44,215.666777466137,1.62511607140758,2165702.95141412,-830.794043970447
2026-07-27 18:23:45,215.485298343061,1.60046985651298,2168203.46636228,-837.358935897456
2026-07-27 18:23:46,215.30424695891,1.57566380570194,2170723.62662336,-843.899836975792
2026-07-27 18:23:47,215.123625069097,1.55069923415438,2173263.36021224,-850.416672344444
2026-07-27 18:23:48,214.943434810697,1.52557737315422,2175822.60352779,-856.90935692228
2026-07-27 18:23:49,214.763677000015,1.50029970540991,2178401.26669672,-863.377847031208
2026-07-27 18:23:50,214.58435369683,1.47486745893726,2180999.28583605,-869.822062593451
2026-07-27 18:23:51,214.405466486227,1.44928194704483,2183616.58793807,-876.24193924486
2026-07-27 18:23:52,214.227016921746,1.42354447897845,2186253.10008319,-882.637414900779
2026-07-27 18:23:53,214.049006509031,1.3976563644986,2188908.74895594,-889.008430213174
2026-07-27 18:23:54,213.871436720009,1.37161891053652,2191583.46118084,-895.354928137961
2026-07-27 18:23:55,213.694308981452,1.34543342295818,2194277.16312886,-901.676854273016
2026-07-27 18:23:56,213.517625113756,1.31910112454693,2196989.78947298,-907.974143630298
2026-07-27 18:23:57,213.341385609743,1.29262347701761,2199721.24955696,-914.246772464375
2026-07-27 18:23:58,213.165592204325,1.26600169942665,2202471.47765185,-920.494680841793
2026-07-27 18:23:59,212.990246176457,1.2392370869246,2205240.39968847,-926.717823795741
2026-07-27 18:24:00,212.815348755425,1.21233093352147,2208027.94130271,-932.91615907682
2026-07-27 18:24:01,212.640901140246,1.18528452955165,2210834.02809272,-939.089646537989
2026-07-27 18:24:02,212.466904484952,1.15809916292651,2213658.58547794,-945.238248584365
2026-07-27 18:24:03,212.293360342306,1.13077604102478,2216501.54692729,-951.361916866953
2026-07-27 18:24:04,212.120268933216,1.10331659879671,2219362.82147254,-957.460644065148
2026-07-27 18:24:05,211.947631729403,1.07572203746805,2222242.34230995,-963.534386563278
2026-07-27 18:24:06,211.775449738454,1.04799363075983,2225140.03453504,-969.58311579141
2026-07-27 18:24:07,211.603723936255,1.02013264863365,2228055.82316578,-975.606805241259
2026-07-27 18:24:08,211.43245525115,0.992140358286572,2230989.63302838,-981.605430950533
2026-07-27 18:24:09,211.261644588741,0.964018021436651,2233941.38903891,-987.578970723483
2026-07-27 18:24:10,211.09129280257,0.935766897540986,2236911.01585347,-993.527405016747
2026-07-27 18:24:11,210.921401158566,0.907388166720591,2239898.44608014,-999.450703118372
2026-07-27 18:24:12,210.751969581976,0.878883225826852,2242903.58871191,-1005.34887517007
2026-07-27 18:24:13,210.582999255131,0.850253247167601,2245926.37614267,-1011.221895049
2026-07-27 18:24:14,210.414490907577,0.821499470796589,2248966.73302684,-1017.06975109576
2026-07-27 18:24:15,210.246445220413,0.792623133391654,2252024.58384452,-1022.89243412175
2026-07-27 18:24:16,210.078862852605,0.763625465194147,2255099.85322435,-1028.68993659495
2026-07-27 18:24:17,209.911744416352,0.73450769373708,2258192.46553792,-1034.46225335708
2026-07-27 18:24:18,209.745090936741,0.705270969451128,2261302.35290594,-1040.20936807735
2026-07-27 18:24:19,209.578902097841,0.675916648810232,2264429.42470609,-1045.93130488816
2026-07-27 18:24:20,209.413178848655,0.646445873307182,2267573.61288571,-1051.62805159988
2026-07-27 18:24:21,209.247921681612,0.616859847466386,2270734.84204371,-1057.29961042355
2026-07-27 18:24:22,209.083131047839,0.587159772014395,2273913.03661349,-1062.94598570542
2026-07-27 18:24:23,208.91880737143,0.557346841026475,2277108.1211665,-1068.56718350074
2026-07-27 18:24:24,208.754951041965,0.52742224441537,2280320.02013953,-1074.16321175867
2026-07-27 18:24:25,208.591562856838,0.49738709793794,2283548.6654451,-1079.73406741991
2026-07-27 18:24:26,208.428642276524,0.467242713153403,2286793.96710278,-1085.27978734127
2026-07-27 18:24:27,208.266190028633,0.436990195454673,2290055.85694592,-1090.80037220451
2026-07-27 18:24:28,208.10420638695,0.406630709657553,2293334.25974898,-1096.29583680126
2026-07-27 18:24:29,207.942691585387,0.376165415989667,2296629.10017877,-1101.76619791321
2026-07-27 18:24:30,207.78164583321,0.345595468277323,2299940.30298971,-1107.2114738461
2026-07-27 18:24:31,207.62106931287,0.314922013475447,2303267.79307225,-1112.63168448984
2026-07-27 18:24:32,207.460962169695,0.28414619361769,2306611.49523685,-1118.02685159613
2026-07-27 18:24:33,207.301324963762,0.253269079587294,2309971.34150355,-1123.39698570432
2026-07-27 18:24:34,207.142156918471,0.222291927789215,2313347.2428464,-1128.74213675795
2026-07-27 18:24:35,206.983458531105,0.191215796700095,2316739.13138481,-1134.06231860218
2026-07-27 18:24:36,206.825229841871,0.160041801826863,2320146.93233792,-1139.35755903415
2026-07-27 18:24:37,206.66747085683,0.128771052873771,2323570.57093081,-1144.62788755627
2026-07-27 18:24:38,206.510181564825,0.0974046520050324,2327009.97258566,-1149.87333486472
2026-07-27 18:24:39,206.353361918547,0.0659436957630714,2330465.06270755,-1155.09393339035
2026-07-27 18:24:40,206.197012283098,0.0343892130485361,2333935.7735848,-1160.28970442945
2026-07-27 18:24:41,206.041131696769,0.00274240750174475,2337422.01742486,-1165.46070795859
