Time_UTC,Azimuth_deg,Elevation_deg,Range_m,Doppler_Hz
2026-07-04 16:09:44,139.533052981574,0.0187705771977127,1742267.25863092,605.964157965778
2026-07-04 16:09:45,139.294633242101,0.0385404580627887,1740464.92303196,596.448724280125
2026-07-04 16:09:46,139.055719548268,0.0580780538891862,1738691.15826185,586.903355731953
2026-07-04 16:09:47,138.816318331658,0.077381662702537,1736946.05392382,577.328418657886
2026-07-04 16:09:48,138.57643648906,0.0964496924637344,1735229.68789166,567.724298023068
2026-07-04 16:09:49,138.336079608244,0.115280290320414,1733542.16723724,558.091338589942
2026-07-04 16:09:50,138.095254746491,0.133871892154484,1731883.56747227,548.429937718816
2026-07-04 16:09:51,137.853968721804,0.152222846896477,1730253.97392205,538.740489244489
2026-07-04 16:09:52,137.612228276256,0.170331531546683,1728653.46953094,529.023386889952
2026-07-04 16:09:53,137.37004037966,0.188196326229851,1727082.13714162,519.279036494694
2026-07-04 16:09:54,137.127411919601,0.205815638968526,1725540.05731613,509.507843504218
2026-07-04 16:09:55,136.884350524007,0.223187979494755,1724027.29971688,499.710242842961
2026-07-04 16:09:56,136.640862360851,0.240311595339884,1722543.96361521,489.886622955244
2026-07-04 16:09:57,136.39695517569,0.257185031872014,1721090.11604197,480.037429229792
2026-07-04 16:09:58,136.152636327571,0.273806757753312,1719665.83313439,470.163097427382
2026-07-04 16:09:59,135.907913208211,0.290175262881372,1718271.1894816,460.264067409551
2026-07-04 16:10:00,135.662793320006,0.306289055102778,1716906.25840518,450.340786219106
2026-07-04 16:10:01,135.417284210966,0.322146660844786,1715571.11200673,440.393705519301
2026-07-04 16:10:02,135.171393604313,0.337746626213447,1714265.82092742,430.423286588345
2026-07-04 16:10:03,134.925129614418,0.353087619414113,1712990.44354231,420.430006190654
2026-07-04 16:10:04,134.678499273699,0.368168025302043,1711745.06967264,410.414309175066
2026-07-04 16:10:05,134.431510834342,0.382986556742061,1710529.75464924,400.376682978661
2026-07-04 16:10:06,134.184172267295,0.397541844942314,1709344.56350566,390.317609286468
2026-07-04 16:10:07,133.936491670497,0.411832541498399,1708189.5599629,380.237577386465
2026-07-04 16:10:08,133.688477132234,0.425857323370826,1707064.80612317,370.137078653037
2026-07-04 16:10:09,133.44013679606,0.439614894139972,1705970.36229151,360.016609014711
2026-07-04 16:10:10,133.191479493056,0.453104073158441,1704906.27704519,349.876691565283
2026-07-04 16:10:11,132.94251255029,0.466323409053763,1703872.62974945,339.717800028051
2026-07-04 16:10:12,132.693244786145,0.479271777624735,1702869.46536487,329.54046147556
2026-07-04 16:10:13,132.443684789971,0.491947971851596,1701896.83877351,319.345199005935
2026-07-04 16:10:14,132.1938409302,0.504350821811954,1700954.80249779,309.132528893435
2026-07-04 16:10:15,131.943721918477,0.516479171574857,1700043.40835887,298.902983447796
2026-07-04 16:10:16,131.693336352154,0.528331900386113,1699162.70593436,288.657092320745
2026-07-04 16:10:17,131.442693375671,0.539908017853885,1698312.73199088,278.395406245964
2026-07-04 16:10:18,131.191800840433,0.551206242881452,1697493.55596891,268.118434761611
2026-07-04 16:10:19,130.940668085488,0.562225637756967,1696705.21153147,257.82674025228
2026-07-04 16:10:20,130.689303846803,0.572965192321401,1695947.74185898,247.52086556607
2026-07-04 16:10:21,130.43771718069,0.583423918553231,1695221.1887746,237.201368256707
2026-07-04 16:10:22,130.185916979298,0.593600862583409,1694525.59219392,226.868800897695
2026-07-04 16:10:23,129.933912341058,0.603495095547206,1693860.99058151,216.52372605098
2026-07-04 16:10:24,129.681712229492,0.613105723864749,1693227.42038958,206.166702298522
2026-07-04 16:10:25,129.429326254888,0.622431986926431,1692624.90507316,195.798312926949
2026-07-04 16:10:26,129.176762665468,0.63147283074715,1692053.50124561,185.419096568501
2026-07-04 16:10:27,128.924031108082,0.640227557784903,1691513.22878929,175.02964069476
2026-07-04 16:10:28,128.671140813797,0.64869539277409,1691004.1175462,164.6305202637
2026-07-04 16:10:29,128.418101102544,0.656875590625818,1690526.1956619,154.222315049464
2026-07-04 16:10:30,128.164921197202,0.66476744041852,1690079.48945826,143.805601984086
2026-07-04 16:10:31,127.911610407656,0.672370262352397,1689664.02350385,133.380962577331
2026-07-04 16:10:32,127.65817863936,0.679683517001159,1689279.80882198,122.949000479093
2026-07-04 16:10:33,127.404634324679,0.686706365291144,1688926.89048652,112.510269655122
2026-07-04 16:10:34,127.150987350646,0.693438334766759,1688605.27587904,102.065374696385
2026-07-04 16:10:35,126.897247212025,0.69987887343482,1688314.98259326,91.6149081358195
2026-07-04 16:10:36,126.643423294922,0.70602746430885,1688056.02642516,81.159458734286
2026-07-04 16:10:37,126.38952505315,0.711883621330361,1687828.4215467,70.6996186549716
2026-07-04 16:10:38,126.135562125041,0.717446892631024,1687632.18001549,60.2359880580658
2026-07-04 16:10:39,125.88154386227,0.722716859311732,1687467.31258949,49.7691559325126
2026-07-04 16:10:40,125.627480331799,0.727693253078487,1687333.81536139,39.299737533655
2026-07-04 16:10:41,125.373380242366,0.732375489817378,1687231.72004755,28.8283027011824
2026-07-04 16:10:42,125.119253441142,0.736763368945959,1687161.01949587,18.3554582570659
2026-07-04 16:10:43,124.865109615795,0.740856606230689,1687121.71691628,7.88180789927597
2026-07-04 16:10:44,124.610958274113,0.744654952575926,1687113.8138846,-2.59205196621816
2026-07-04 16:10:45,124.356808952522,0.748158192707019,1687137.31017421,-13.0655237760313
2026-07-04 16:10:46,124.102671242265,0.751366146071572,1687192.20362773,-23.5380078359712
2026-07-04 16:10:47,123.848555165553,0.754278783577693,1687278.47776864,-34.0088902299061
2026-07-04 16:10:48,123.594469319846,0.756895755095598,1687396.15244525,-44.4776057385866
2026-07-04 16:10:49,123.340423804857,0.759217102075542,1687545.20726359,-54.9435379061529
2026-07-04 16:10:50,123.08642807963,0.761242779307861,1687725.63323787,-65.4060935367977
2026-07-04 16:10:51,122.832491728061,0.762972777521751,1687937.41922116,-75.8646748451868
2026-07-04 16:10:52,122.578624214811,0.76440712092301,1688180.55252227,-86.3186894633596
2026-07-04 16:10:53,122.324835122715,0.765545869363618,1688455.01831956,-96.7675408433561
2026-07-04 16:10:54,122.071134200483,0.766389235122985,1688760.78774318,-107.210629625811
2026-07-04 16:10:55,121.817530244534,0.766937103263813,1689097.86820604,-117.647386243467
2026-07-04 16:10:56,121.564032997997,0.767189756121905,1689466.22704986,-128.077213255635
2026-07-04 16:10:57,121.310651982254,0.767147388606041,1689865.84245117,-138.499519851753
2026-07-04 16:10:58,121.057396539714,0.766810229107455,1690296.69110001,-148.913723565546
2026-07-04 16:10:59,120.804276010014,0.766178539499735,1690758.74791685,-159.319243108923
2026-07-04 16:11:00,120.551299809304,0.76525261739682,1691251.98568704,-169.715495240418
2026-07-04 16:11:01,120.29847710556,0.764032788185084,1691776.37636978,-180.101907990357
2026-07-04 16:11:02,120.045817659772,0.76251954181731,1692331.87586192,-190.477889935505
2026-07-04 16:11:03,119.793329936839,0.760713024870962,1692918.47856099,-200.842893777347
2026-07-04 16:11:04,119.541023462848,0.758613788129369,1693536.13770457,-211.196340386566
2026-07-04 16:11:05,119.288907445654,0.756222293794419,1694184.81757186,-221.537661796002
2026-07-04 16:11:06,119.036990997869,0.75353903515021,1694864.48096896,-231.866295469532
2026-07-04 16:11:07,118.785283084168,0.750564535151327,1695575.08944249,-242.181686513989
2026-07-04 16:11:08,118.533792857934,0.747299354432001,1696316.6019019,-252.483274067749
2026-07-04 16:11:09,118.282529583282,0.743744206511634,1697088.96298913,-262.77049787865
2026-07-04 16:11:10,118.031501469563,0.739899457969472,1697892.15585829,-273.042832264337
2026-07-04 16:11:11,117.780717792918,0.735765889937044,1698726.12116721,-283.299720249408
2026-07-04 16:11:12,117.530187314986,0.731344180732769,1699590.81230272,-293.540624210258
2026-07-04 16:11:13,117.279918856813,0.726635046362105,1700486.18011805,-303.765006226928
2026-07-04 16:11:14,117.029921071807,0.721639227124337,1701412.17465105,-313.972337158454
2026-07-04 16:11:15,116.780202662484,0.716357498132135,1702368.74366875,-324.162088036241
2026-07-04 16:11:16,116.530772164356,0.710790659293525,1703355.83402585,-334.333738785678
2026-07-04 16:11:17,116.281638481018,0.704939671892944,1704373.37677537,-344.486760073006
2026-07-04 16:11:18,116.032809400663,0.698805140855045,1705421.34257724,-354.620659844492
2026-07-04 16:11:19,115.784293643431,0.692388080613175,1706499.65993226,-364.734920719554
2026-07-04 16:11:20,115.536099519488,0.685689408739196,1707608.26917152,-374.829040997636
2026-07-04 16:11:21,115.288235340234,0.678710070608528,1708747.10899551,-384.902521280472
2026-07-04 16:11:22,115.040709249603,0.671451036657244,1709916.11701582,-394.954871440822
2026-07-04 16:11:23,114.793529418787,0.663913306889046,1711115.22893229,-404.985602733279
2026-07-04 16:11:24,114.54670418195,0.656098034881343,1712344.3655244,-414.994225838774
2026-07-04 16:11:25,114.300240895175,0.648006014375282,1713603.48733904,-424.980283246179
2026-07-04 16:11:26,114.054147716069,0.639638447316446,1714892.51270276,-434.943297918397
2026-07-04 16:11:27,113.808432545716,0.630996439802833,1716211.37127505,-444.88280250758
2026-07-04 16:11:28,113.563103154681,0.622081119832125,1717559.99171452,-454.798337612244
2026-07-04 16:11:29,113.318167082478,0.612893631913311,1718938.30238382,-464.689455834138
2026-07-04 16:11:30,113.073632069504,0.603435159764702,1720346.22821929,-474.555704569979
2026-07-04 16:11:31,112.829505515561,0.593706894789681,1721783.69490272,-484.396647589712
2026-07-04 16:11:32,112.585795136649,0.58371018920587,1723250.61183824,-494.211842343926
2026-07-04 16:11:33,112.342507711403,0.573446027796106,1724746.9289641,-504.000876432543
2026-07-04 16:11:34,112.099650833681,0.562915807374335,1726272.55302848,-513.763317911501
2026-07-04 16:11:35,111.85723155098,0.552120809846439,1727827.40444139,-523.49875628455
2026-07-04 16:11:36,111.615257090937,0.541062350206899,1729411.4006455,-533.206776763398
2026-07-04 16:11:37,111.373734327216,0.529741751702185,1731024.4596188,-542.886981719092
2026-07-04 16:11:38,111.132670235956,0.518160365407653,1732666.49698846,-552.538972361522
2026-07-04 16:11:39,110.89207186269,0.506319688539996,1734337.41373247,-562.162353661236
2026-07-04 16:11:40,110.651945428547,0.49422084938123,1736037.15138494,-571.756756132459
2026-07-04 16:11:41,110.412297795299,0.48186537995141,1737765.60893905,-581.32179806285
2026-07-04 16:11:42,110.173135560158,0.469254708908709,1739522.69720675,-590.857108017725
2026-07-04 16:11:43,109.934465148436,0.456390274831088,1741308.32684268,-600.362324379952
2026-07-04 16:11:44,109.696292896564,0.44327353508569,1743122.40723477,-609.837092194463
2026-07-04 16:11:45,109.458625118012,0.429905966990143,1744964.84622467,-619.281060493568
2026-07-04 16:11:46,109.221468198974,0.416289190385419,1746835.53703754,-628.693882024966
2026-07-04 16:11:47,108.984827741166,0.402424451783912,1748734.41393345,-638.075233331914
2026-07-04 16:11:48,108.74870993955,0.388313399158049,1750661.36839802,-647.424780886729
2026-07-04 16:11:49,108.513120757878,0.373957575400315,1752616.30371554,-656.742200108764
2026-07-04 16:11:50,108.278065889429,0.359358522160338,1754599.12414764,-666.027180095458
2026-07-04 16:11:51,108.04355107849,0.344517806217224,1756609.7315206,-675.279411122319
2026-07-04 16:11:52,107.809581951309,0.329437007155967,1758648.02680467,-684.498591280073
2026-07-04 16:11:53,107.576163983318,0.314117710067676,1760713.91091689,-693.684427617057
2026-07-04 16:11:54,107.34330280455,0.29856164766837,1762807.26906436,-702.836627807642
2026-07-04 16:11:55,107.11100329977,0.282770171159403,1764928.02842569,-711.954921397349
2026-07-04 16:11:56,106.879270835469,0.266745029931988,1767076.07329168,-721.039032591759
2026-07-04 16:11:57,106.648110549936,0.250487859444699,1769251.30054539,-730.088694177381
2026-07-04 16:11:58,106.417527528852,0.23400030810706,1771453.60587699,-739.10364409115
2026-07-04 16:11:59,106.187526623906,0.217284024985697,1773682.88541401,-748.083632531819
2026-07-04 16:12:00,105.958112723331,0.200340676023062,1775939.03343832,-757.028411288215
2026-07-04 16:12:01,105.729290691111,0.183172058196048,1778221.93027714,-765.937739712709
2026-07-04 16:12:02,105.501064759767,0.165779590418015,1780531.49781358,-774.811394308027
2026-07-04 16:12:03,105.273439643615,0.148165087016645,1782867.61473178,-783.649146276655
2026-07-04 16:12:04,105.046419822172,0.130330246257114,1785230.17244998,-792.450775563258
2026-07-04 16:12:05,104.820009581623,0.112276762800119,1787619.06302875,-801.216072534022
2026-07-04 16:12:06,104.594213231774,0.0940063510569394,1790034.17620614,-809.944829750379
2026-07-04 16:12:07,104.369034817188,0.0755207120515501,1792475.40350377,-818.636852833531
2026-07-04 16:12:08,104.144478453908,0.0568215712093637,1794942.63346413,-827.291947757749
2026-07-04 16:12:09,103.920548257109,0.0379107781405819,1797435.74098059,-835.909926869447
2026-07-04 16:12:10,103.69724769114,0.0187897970655407,1799954.64357206,-844.490620020849
2026-07-04 17:39:34,224.004921132787,0.0136429876689042,1745799.49411229,2398.83604616224
2026-07-04 17:39:35,223.995681376777,0.0819272326243532,1738608.29376504,2398.73346340528
2026-07-04 17:39:36,223.986350590989,0.150508734774411,1731417.40835888,2398.62697556779
2026-07-04 17:39:37,223.97692756899,0.219391234556653,1724226.84587272,2398.51653090199
2026-07-04 17:39:38,223.967411111155,0.288578461298485,1717036.62202215,2398.40207671582
2026-07-04 17:39:39,223.95779997514,0.358074264648743,1709846.74661837,2398.2835591071
2026-07-04 17:39:40,223.948093380034,0.427882417048915,1702657.24471709,2398.16092378021
2026-07-04 17:39:41,223.938289112564,0.49800709704282,1695468.10476496,2398.03411324036
2026-07-04 17:39:42,223.928386336165,0.568452217639282,1688279.35123731,2397.903070809
2026-07-04 17:39:43,223.918383737932,0.639221860633917,1681090.99779722,2397.76773795519
2026-07-04 17:39:44,223.908279964792,0.710320201065819,1673903.05582127,2397.62805483825
2026-07-04 17:39:45,223.898073652516,0.78175145446612,1666715.53992808,2397.48396040395
2026-07-04 17:39:46,223.887763409135,0.853519936760102,1659528.46206537,2397.33539222884
2026-07-04 17:39:47,223.877347815706,0.925630003224579,1652341.83779308,2397.18228660499
2026-07-04 17:39:48,223.866825910182,0.998086031995739,1645155.68855987,2397.02457910062
2026-07-04 17:39:49,223.856195260192,1.07089273176645,1637970.00922253,2396.86220171535
2026-07-04 17:39:50,223.845454848843,1.14405462971596,1630784.82231563,2396.69508714095
2026-07-04 17:39:51,223.834603164911,1.21757637439393,1623600.14585738,2396.52316597661
2026-07-04 17:39:52,223.823638642449,1.29146277271714,1616415.99056175,2396.34636709408
2026-07-04 17:39:53,223.812559716323,1.3657186522397,1609232.37353335,2396.16461796322
2026-07-04 17:39:54,223.801364768242,1.44034895951311,1602049.30880434,2395.97784433763
2026-07-04 17:39:55,223.790052661559,1.51535861340946,1594866.82219632,2395.78597120482
2026-07-04 17:39:56,223.77862073592,1.59075295143729,1587684.90659842,2395.58891926772
2026-07-04 17:39:57,223.767067788421,1.66653704486408,1580503.5910061,2395.38661011769
2026-07-04 17:39:58,223.755392090264,1.74271620585003,1573322.88996185,2395.17896261112
2026-07-04 17:39:59,223.743591869986,1.8192958368622,1566142.8187333,2394.9658937596
2026-07-04 17:40:00,223.731665345004,1.89628140341476,1558963.39607121,2394.74731879981
2026-07-04 17:40:01,223.71961066364,1.97367853739424,1551784.63472596,2394.52315080412
2026-07-04 17:40:02,223.707425979241,2.05149288959293,1544606.55545229,2394.29330111964
2026-07-04 17:40:03,223.695109891927,2.12973017199385,1537429.18364076,2394.05767979731
2026-07-04 17:40:04,223.682659443324,2.20839648897524,1530252.51714374,2393.81619200838
2026-07-04 17:40:05,223.670073170641,2.2874977506971,1523076.58357018,2393.56874357731
2026-07-04 17:40:06,223.657349053617,2.36704008137157,1515901.40081911,2393.31523714947
2026-07-04 17:40:07,223.644485043064,2.44702972472441,1508726.98660168,2393.05557307695
2026-07-04 17:40:08,223.631479041189,2.52747301961765,1501553.3608391,2392.78964941208
2026-07-04 17:40:09,223.618328911518,2.60837645455435,1494380.54105554,2392.51736169716
2026-07-04 17:40:10,223.605033014871,2.68974649330183,1487208.55857306,2392.2386041977
2026-07-04 17:40:11,223.591588062328,2.7715900921138,1480037.41100468,2391.95326523956
2026-07-04 17:40:12,223.577992315216,2.8539140015497,1472867.12739634,2391.66123375591
2026-07-04 17:40:13,223.564243475346,2.93672515751785,1465697.7316868,2391.36239510853
2026-07-04 17:40:14,223.550339166288,3.02003071601837,1458529.24066572,2391.05663153973
2026-07-04 17:40:15,223.536276992843,3.10383790825807,1451361.6768704,2390.74382267307
2026-07-04 17:40:16,223.522054496127,3.18815411673919,1444195.06222896,2390.42384512588
2026-07-04 17:40:17,223.507669720489,3.27298675584287,1437029.42899756,2390.09657369587
2026-07-04 17:40:18,223.493119007027,3.35834377731519,1429864.7752923,2389.76187623343
2026-07-04 17:40:19,223.478400302007,3.4442328432188,1422701.13844751,2389.41962137032
2026-07-04 17:40:20,223.463510928573,3.53066198329825,1415538.53767766,2389.06967282584
2026-07-04 17:40:21,223.44844816606,3.61763932528688,1408376.99764889,2388.71189114739
2026-07-04 17:40:22,223.433209244417,3.70517316531238,1401216.5429114,2388.34613335873
2026-07-04 17:40:23,223.417791319402,3.79327197714088,1394057.1974791,2387.97225279616
2026-07-04 17:40:24,223.402191488312,3.88194443842313,1386898.98311169,2387.59009893134
2026-07-04 17:40:25,223.386407365704,3.97119918934686,1379741.93956417,2387.19951916693
2026-07-04 17:40:26,223.370434784112,4.06104552742655,1372586.067092,2386.80035229857
2026-07-04 17:40:27,223.354271229559,4.15149247164423,1365431.40509599,2386.39243760802
2026-07-04 17:40:28,223.337913542894,4.24254938059841,1358277.9807009,2385.975608657
2026-07-04 17:40:29,223.321358491485,4.3342258502694,1351125.81804279,2385.54969446878
2026-07-04 17:40:30,223.304602781949,4.42653161075188,1343974.94674956,2385.11451988405
2026-07-04 17:40:31,223.287643040333,4.51947663137405,1336825.39411046,2384.66990496119
2026-07-04 17:40:32,223.270476409049,4.6130709582898,1329677.19847686,2384.21566658517
2026-07-04 17:40:33,223.253098192676,4.70732522310515,1322530.36877689,2383.75161211139
2026-07-04 17:40:34,223.235505378991,4.80224988543407,1315384.94595111,2383.27754852879
2026-07-04 17:40:35,223.217694275792,4.89785577976145,1308240.95947723,2382.79327593238
2026-07-04 17:40:36,223.199661119887,4.99415395885082,1301098.44035248,2382.2985891044
2026-07-04 17:40:37,223.181402050262,5.09115573285415,1293957.41863456,2381.79327714109
2026-07-04 17:40:38,223.162913135348,5.18887258524827,1286817.93010095,2381.27712376741
2026-07-04 17:40:39,223.144190332202,5.2873163458037,1279680.00403843,2380.74990626632
2026-07-04 17:40:40,223.125230120283,5.38649889581793,1272543.68564618,2380.21139793327
2026-07-04 17:40:41,223.106027068063,5.48643278659709,1265408.98993578,2379.66136043172
2026-07-04 17:40:42,223.086577443244,5.58713049151631,1258275.95923965,2379.0995538513
2026-07-04 17:40:43,223.066876824984,5.68860483511383,1251144.63068325,2378.52573012583
2026-07-04 17:40:44,223.04692068527,5.79086893560701,1244015.04143614,2377.93963417031
2026-07-04 17:40:45,223.026704373213,5.89393622561749,1236887.22785693,2377.34100355001
2026-07-04 17:40:46,223.006223135972,5.99782044555957,1229761.2265942,2376.72956835592
2026-07-04 17:40:47,222.985472750338,6.10253541700756,1222637.09103906,2376.10505348247
2026-07-04 17:40:48,222.964446938372,6.20809585955779,1215514.83435956,2375.4671689369
2026-07-04 17:40:49,222.943141240551,6.31451623537429,1208394.51180642,2374.81562342812
2026-07-04 17:40:50,222.921550411601,6.42181157150652,1201276.16331062,2374.15011462284
2026-07-04 17:40:51,222.899669081077,6.52999722791174,1194159.83048873,2373.47033145152
2026-07-04 17:40:52,222.877491744529,6.63908889750983,1187045.5572584,2372.77595385628
2026-07-04 17:40:53,222.855012781069,6.7491026102214,1179933.39020852,2372.06665256187
2026-07-04 17:40:54,222.832227029093,6.86005473453657,1172823.37957121,2371.34208999045
2026-07-04 17:40:55,222.809127268514,6.9719623309346,1165715.55553461,2370.60191270162
2026-07-04 17:40:56,222.785708064144,7.08484248995454,1158609.97427702,2369.84576294273
2026-07-04 17:40:57,222.761963160211,7.19871286356161,1151506.6826807,2369.07326985154
2026-07-04 17:40:58,222.737886173936,7.31359144934489,1144405.73332856,2368.2840518906
2026-07-04 17:40:59,222.713470527382,7.42949673594287,1137307.17618139,2367.47771547094
2026-07-04 17:41:00,222.688709462533,7.54644767976506,1130211.06096256,2366.65385478823
2026-07-04 17:41:01,222.663596066976,7.664463633152,1123117.44235116,2365.81205201348
2026-07-04 17:41:02,222.63812391986,7.78356426853308,1116026.38561012,2364.95187889866
2026-07-04 17:41:03,222.612284336271,7.90377026767982,1108937.92463413,2364.07288571774
2026-07-04 17:41:04,222.586070514217,8.02510227283953,1101852.1282038,2363.17461700194
2026-07-04 17:41:05,222.559474742393,8.14758165229109,1094769.05334326,2362.25659990758
2026-07-04 17:41:06,222.532489120119,8.27123024015478,1087688.76217508,2361.31834713408
2026-07-04 17:41:07,222.505105496971,8.39607050461801,1080611.31318596,2360.35935517229
2026-07-04 17:41:08,222.477315526947,8.52212539807369,1073536.77084039,2359.37910503821
2026-07-04 17:41:09,222.449111337529,8.6494182915782,1066465.21043691,2358.37706389491
2026-07-04 17:41:10,222.420482650198,8.77797369971919,1059396.67713952,2357.35267249783
2026-07-04 17:41:11,222.391421092902,8.90781623140026,1052331.24822623,2356.30536242758
2026-07-04 17:41:12,222.36191732888,9.03897126280685,1045268.99474062,2355.23454397557
2026-07-04 17:41:13,222.33196173512,9.17146487724535,1038209.98663363,2354.13960757125
2026-07-04 17:41:14,222.301544415776,9.30532379384983,1031154.29778809,2353.01992377801
2026-07-04 17:41:15,222.270655207485,9.44057540861689,1024102.00495729,2351.87484240331
2026-07-04 17:41:16,222.239283589425,9.57724793869653,1017053.18147071,2350.70369050349
2026-07-04 17:41:17,222.207419572029,9.71536999179488,1010007.92110261,2349.50577742819
2026-07-04 17:41:18,222.175050489024,9.85497165173873,1002966.28199608,2348.2803772973
2026-07-04 17:41:19,222.14216564972,9.99608316778473,995928.357766103,2347.02675055667
2026-07-04 17:41:20,222.108753260617,10.1387357766355,988894.234901056,2345.74412889764
2026-07-04 17:41:21,222.074801173293,10.2829615397509,981864.002957737,2344.43171765906
2026-07-04 17:41:22,222.040296827459,10.4287934908592,974837.748835422,2343.08869360636
2026-07-04 17:41:23,222.005227337764,10.5762653938797,967815.569980565,2341.71420638049
2026-07-04 17:41:24,221.969580149363,10.7254118885514,960797.568986036,2340.30737819764
2026-07-04 17:41:25,221.93333992031,10.8762691170658,953783.824246751,2338.86728893526
2026-07-04 17:41:26,221.896493278685,11.0288735854559,946774.447685306,2337.39299799316
2026-07-04 17:41:27,221.85902557676,11.1832630425318,939769.543151451,2335.88352685078
2026-07-04 17:41:28,221.820921716424,11.3394762720496,932769.218395434,2334.33786203481
2026-07-04 17:41:29,221.782166086194,11.4975531979728,925773.582036908,2332.75495286687
2026-07-04 17:41:30,221.742742597539,11.6575347891723,918782.749568789,2331.13371128946
2026-07-04 17:41:31,221.702634571152,11.8194632997775,911796.834560191,2329.47300807405
2026-07-04 17:41:32,221.661825689842,11.983381845191,904815.969194447,2327.77167839414
2026-07-04 17:41:33,221.620296467985,12.1493355399859,897840.255915115,2326.02849919622
2026-07-04 17:41:34,221.578029377145,12.3173700595525,890869.833252931,2324.24221663097
2026-07-04 17:41:35,221.535005403508,12.4875326995309,883904.830982994,2322.41152434361
2026-07-04 17:41:36,221.491204906019,12.659872050067,876945.386410476,2320.53506759115
2026-07-04 17:41:37,221.446607519637,12.8344382531172,869991.636003825,2318.61143875392
2026-07-04 17:41:38,221.401192195176,13.0112828096633,863043.72536748,2316.63917771343
2026-07-04 17:41:39,221.354938025893,13.1904586115662,856101.810271016,2314.61677244622
2026-07-04 17:41:40,221.307820668509,13.3720207163416,849166.027462259,2312.54263774264
2026-07-04 17:41:41,221.259817577343,13.5560253082521,842236.53981416,2310.41514054155
2026-07-04 17:41:42,221.210904552813,13.7425303007557,835313.513458295,2308.232580844
2026-07-04 17:41:43,221.161056460488,13.9315954818558,828397.1153769,2305.99319019033
2026-07-04 17:41:44,221.110247214398,14.123282524141,821487.51582112,2303.69512917305
2026-07-04 17:41:45,221.058449825905,14.3176548118568,814584.897110181,2301.33648716131
2026-07-04 17:41:46,221.00563719306,14.514777560466,807689.451974638,2298.91528127931
2026-07-04 17:41:47,220.951778281015,14.7147187890753,800801.351082859,2296.42942966793
2026-07-04 17:41:48,220.896843837966,14.9175477646282,793920.802548894,2293.87678579753
2026-07-04 17:41:49,220.840802452586,15.1233362417568,787048.00980383,2291.25510816946
2026-07-04 17:41:50,220.783621480545,15.3321583132001,780183.180569131,2288.56206198859
2026-07-04 17:41:51,220.725267041386,15.5440902268199,773326.535871413,2285.79521814406
2026-07-04 17:41:52,220.665703851406,15.7592108268482,766478.29863914,2282.95204398759
2026-07-04 17:41:53,220.604895238131,15.9776013688765,759638.702980649,2280.02990204449
2026-07-04 17:41:54,220.542804063154,16.1993454851262,752807.998510341,2277.02605027467
2026-07-04 17:41:55,220.479388516923,16.4245303818188,745986.415546981,2273.93760750655
2026-07-04 17:41:56,220.414608216817,16.653245217282,739174.220764394,2270.76159213775
2026-07-04 17:41:57,220.348420061821,16.8855823004731,732371.682159925,2267.49488754584
2026-07-04 17:41:58,220.280779102534,17.12163696604,725579.077061714,2264.13424219433
2026-07-04 17:41:59,220.211638453327,17.3615077503773,718796.690784823,2260.67626214703
2026-07-04 17:42:00,220.140949238379,17.6052963195372,712024.822432821,2257.11740673805
2026-07-04 17:42:01,220.068661508988,17.8531075518484,705263.786443888,2253.45398594801
2026-07-04 17:42:02,219.994719779569,18.1050506321964,698513.885572091,2249.68212181568
2026-07-04 17:42:03,219.919069449457,18.361237549277,691775.458019311,2245.79778870045
2026-07-04 17:42:04,219.841652397305,18.6217841622765,685048.850735504,2241.79677500035
2026-07-04 17:42:05,219.762407735528,18.8868104993623,678334.41658853,2237.67467518735
2026-07-04 17:42:06,219.681271850884,19.156440420445,671632.52746839,2233.42688775024
2026-07-04 17:42:07,219.598178130393,19.430802084787,664943.566702954,2229.04860007643
2026-07-04 17:42:08,219.513056807384,19.7100279800255,658267.932915386,2224.5347796068
2026-07-04 17:42:09,219.425836016956,19.9942547785665,651606.048021202,2219.8801726697
2026-07-04 17:42:10,219.336436716053,20.283624783135,644958.326738291,2215.07925167977
2026-07-04 17:42:11,219.244779741494,20.5782841901827,638325.223994496,2210.12626334956
2026-07-04 17:42:12,219.150780750528,20.8783845558723,631707.204022348,2205.0151748748
2026-07-04 17:42:13,219.054351190336,21.18408254809,625104.751430137,2199.73967183932
2026-07-04 17:42:14,218.955397996639,21.4955403319127,618518.367673284,2194.29314025935
2026-07-04 17:42:15,218.853823356675,21.8129255228161,611948.577043553,2188.66865512607
2026-07-04 17:42:16,218.749525689828,22.1364111987625,605395.93129523,2182.85897356631
2026-07-04 17:42:17,218.642394014663,22.4661775317894,598860.980663159,2176.85646847845
2026-07-04 17:42:18,218.532315534039,22.8024097007826,592344.32306745,2170.65318644309
2026-07-04 17:42:19,218.419170005868,23.1452996201344,585846.572933979,2164.24077877438
2026-07-04 17:42:20,218.302830563609,23.4950458185123,579368.369453887,2157.61049295432
2026-07-04 17:42:21,218.183163370745,23.851853486513,572910.380783339,2150.75315519346
2026-07-04 17:42:22,218.060027004817,24.2159349443378,566473.300555021,2143.65914355145
2026-07-04 17:42:23,217.933273552375,24.5875090715583,560057.863104008,2136.31838769013
2026-07-04 17:42:24,217.802741962445,24.9668036902515,553664.806220106,2128.72027378124
2026-07-04 17:42:25,217.668266364469,25.3540527636366,547294.926304745,2120.85372075787
2026-07-04 17:42:26,217.52966950229,25.7494985508445,540949.044856416,2112.70708834149
2026-07-04 17:42:27,217.386763445128,26.1533912264879,534628.020238134,2104.26816790392
2026-07-04 17:42:28,217.239348779266,26.5659891647526,528332.747738896,2095.52415246087
2026-07-04 17:42:29,217.087213742185,26.9875590316207,522064.162592986,2086.46160905784
2026-07-04 17:42:30,216.930133221894,27.4183760227274,515823.240610463,2077.06644674924
2026-07-04 17:42:31,216.76786937849,27.8587235685131,509611.006502939,2067.32390392796
2026-07-04 17:42:32,216.60016389319,28.3088950698567,503428.512238414,2057.21844465838
2026-07-04 17:42:33,216.426746543896,28.7691915646025,497276.874929055,2046.73383192379
2026-07-04 17:42:34,216.247327368428,29.2399231904595,491157.25781487,2035.85302817724
2026-07-04 17:42:35,216.061596660053,29.7214090050356,485070.875722783,2024.55817371471
2026-07-04 17:42:36,215.869223334045,30.213976936293,479018.997814818,2012.83055253511
2026-07-04 17:42:37,215.669852926427,30.7179638756049,473002.948066851,2000.65055248747
2026-07-04 17:42:38,215.463107893479,31.2337141342868,467024.124441745,1987.99767613877
2026-07-04 17:42:39,215.248577047879,31.7615829146044,461083.957746194,1974.85037113072
2026-07-04 17:42:40,215.02582516889,32.3019309698409,455183.974197434,1961.18618554893
2026-07-04 17:42:41,214.794382108989,32.8551277193946,449325.756512187,1946.98160541403
2026-07-04 17:42:42,214.55374191198,33.4215493868754,443510.962391492,1932.21206770155
2026-07-04 17:42:43,214.303359228267,34.0015787549348,437741.323131894,1916.85192154396
2026-07-04 17:42:44,214.042645488829,34.5956042039406,432018.648457915,1900.87440619302
2026-07-04 17:42:45,213.77096480421,35.2040185001106,426344.831865291,1884.25163622488
2026-07-04 17:42:46,213.487631231232,35.8272172977077,420721.856579173,1866.95460808675
2026-07-04 17:42:47,213.191894502858,36.4656001730512,415151.776371844,1848.95306359928
2026-07-04 17:42:48,212.882947546705,37.1195649381041,409636.75627998,1830.21568368594
2026-07-04 17:42:49,212.559910692324,37.7895083711136,404179.050582612,1810.70996172672
2026-07-04 17:42:50,212.221826321154,38.4758233394658,398781.011763994,1790.40224889327
2026-07-04 17:42:51,211.867650553921,39.1788954948404,393445.098584757,1769.25779946001
2026-07-04 17:42:52,211.496242929265,39.8991013344355,388173.870162178,1747.24077637853
2026-07-04 17:42:53,211.106358903567,40.6368025334886,382970.004452534,1724.31439096621
2026-07-04 17:42:54,210.696625988965,41.392345646917,377836.272964582,1700.44078210205
2026-07-04 17:42:55,210.26554590469,42.1660526838118,372775.577514933,1675.58136918192
2026-07-04 17:42:56,209.811467727773,42.9582184667323,367790.931651715,1649.69680878353
2026-07-04 17:42:57,209.332572491663,43.7691032313195,362885.470405517,1622.74719556851
2026-07-04 17:42:58,208.826851462248,44.598926393325,358062.446002944,1594.69220527384
2026-07-04 17:42:59,208.292082308642,45.4478579241083,353325.23192141,1565.49131599044
2026-07-04 17:43:00,207.725802071597,46.3160083188731,348677.32705876,1535.10407656395
2026-07-04 17:43:01,207.125277374367,47.2034191075757,344122.34911902,1503.49037314188
2026-07-04 17:43:02,206.487455794595,48.1100519527304,339664.027694949,1470.61060235124
2026-07-04 17:43:03,205.808943207695,49.0357715382156,335306.220127973,1436.42631280324
2026-07-04 17:43:04,205.085942072929,49.9803328883935,331052.892764493,1400.90040531612
2026-07-04 17:43:05,204.314199311869,50.9433626867911,326908.121459997,1363.99764753855
2026-07-04 17:43:06,203.488941903725,51.924339324879,322876.08458324,1325.68516436864
2026-07-04 17:43:07,202.604802612845,52.9225707073324,318961.052529922,1285.93295260219
2026-07-04 17:43:08,201.655741052281,53.9371660397876,315167.386611275,1244.71458671733
2026-07-04 17:43:09,200.63492795077,54.9670106211227,311499.509947189,1202.00750193224
2026-07-04 17:43:10,199.534663193444,56.0107260544113,307961.916315628,1157.79410360193
2026-07-04 17:43:11,198.346235109187,57.0666344917211,304559.141665188,1112.06216269845
2026-07-04 17:43:12,197.059788446492,58.1327132547069,301295.748974617,1064.80556640304
2026-07-04 17:43:13,195.664177755819,59.2065424366588,298176.311354496,1016.02505166377
2026-07-04 17:43:14,194.146810151228,60.2852476235307,295205.38493657,965.728804238295
2026-07-04 17:43:15,192.493500929208,61.3654291605573,292387.493876766,913.933312979645
2026-07-04 17:43:16,190.688308237179,62.4430887366518,289727.094535704,860.663568810082
2026-07-04 17:43:17,188.713470686948,63.5135387533202,287228.558717349,805.95413869984
2026-07-04 17:43:18,186.54935891952,64.571308782521,284896.138290042,749.849273017591
2026-07-04 17:43:19,184.174592404192,65.6100410048841,282733.939161039,692.403396465006
2026-07-04 17:43:20,181.566354938599,66.6223876175668,280745.88582418,633.681197490923
2026-07-04 17:43:21,178.701044023349,67.5999113010767,278935.695357679,573.757829599451
2026-07-04 17:43:22,175.555374031703,68.533013340189,277306.843583645,512.718740996252
2026-07-04 17:43:23,172.108108502409,69.4109101481403,275862.534009398,450.65948582339
2026-07-04 17:43:24,168.342500990465,70.2216932403915,274605.671385622,387.684854160308
2026-07-04 17:43:25,164.249629869582,70.9525239397349,273538.831480729,323.908870308117
2026-07-04 17:43:26,159.832266476385,71.5900095193359,272664.235345296,259.453384429849
2026-07-04 17:43:27,155.10895248753,72.1207994054274,271983.729150179,194.447317749175
2026-07-04 17:43:28,150.117282031968,72.5324118084569,271498.763181927,129.025347977319
2026-07-04 17:43:29,144.915198494442,72.8142288394958,271210.376780966,63.3265598806337
2026-07-04 17:43:30,139.579157053723,72.9585258506141,271119.184862118,-2.50679653475207
2026-07-04 17:43:31,134.198579904079,72.9613229025411,271225.381790243,-68.3313423991965
2026-07-04 17:43:32,128.867451943659,72.8228793820419,271528.723285872,-134.003488622812
2026-07-04 17:43:33,123.674720763889,72.5476630754852,272028.539459458,-199.381358985159
2026-07-04 17:43:34,118.695960560565,72.1438276591481,272723.73927646,-264.326235163544
2026-07-04 17:43:35,113.988054735154,71.6223257215861,273612.823072766,-328.704043940992
2026-07-04 17:43:36,109.58753763868,70.9958714017001,274693.896707026,-392.386564979444
2026-07-04 17:43:37,105.512021218032,70.2779480199367,275964.69287716,-455.252732782986
2026-07-04 17:43:38,101.763560689374,69.4819995129293,277422.587752094,-517.189500786313
2026-07-04 17:43:39,98.3327125808055,68.620837300224,279064.647654054,-578.093062806053
2026-07-04 17:43:40,95.2024392792404,67.7063000371828,280887.625807976,-637.868929313275
2026-07-04 17:43:41,92.3513320258065,66.7490624930429,282888.013076624,-696.43278961948
2026-07-04 17:43:42,89.7560512499891,65.7585895972974,285062.06245305,-753.710642863768
2026-07-04 17:43:43,87.3930126960409,64.7431694356726,287405.820516194,-809.638898783685
2026-07-04 17:43:44,85.2394645492186,63.7099931298351,289915.159243331,-864.164308651664
2026-07-04 17:43:45,83.2741108967335,62.6652602231805,292585.799102507,-917.243644328409
2026-07-04 17:43:46,81.477420845861,61.6142760120808,295413.366943886,-968.84364668204
2026-07-04 17:43:47,79.8317259142183,60.5615750511464,298393.380914644,-1018.94006656821
2026-07-04 17:43:48,78.321190301861,59.5110059532025,301521.310262397,-1067.51750720217
2026-07-04 17:43:49,76.9317115592784,58.4658252651796,304792.586255644,-1114.56860930644
2026-07-04 17:43:50,75.6507774465868,57.4287731724949,308202.632855256,-1160.09350148604
2026-07-04 17:43:51,74.4673138481631,56.4021435878938,311746.883285661,-1204.09904082916
2026-07-04 17:43:52,73.3715297346484,55.3878433872801,315420.800324356,-1246.5981324359
2026-07-04 17:43:53,72.354768649811,54.3874465156164,319219.884557545,-1287.60898150716
2026-07-04 17:43:54,71.4093780465963,53.4022289472653,323139.726512985,-1327.15466418623
2026-07-04 17:43:55,70.5285805576517,52.4332231466367,327175.962383775,-1365.26207922085
2026-07-04 17:43:56,69.7063686904919,51.4812406351658,331324.326749546,-1401.96163274907
2026-07-04 17:43:57,68.937408840732,50.5469050372804,335580.648550295,-1437.2865523725
2026-07-04 17:43:58,68.2169573421934,49.6306779097652,339940.857573008,-1471.27234610251
2026-07-04 17:43:59,67.540786403235,48.7328798988787,344400.996239998,-1503.95635510165
2026-07-04 17:44:00,66.9051197399543,47.8537133707289,348957.209113424,-1535.37722518576
2026-07-04 17:44:01,66.3065824245127,46.9932713001099,353605.787850803,-1565.57468989466
2026-07-04 17:44:02,65.7421445139325,46.1515637692515,358343.115603824,-1594.58896543582
2026-07-04 17:44:03,65.2090848784123,45.3285234363652,363165.706395963,-1622.46060024166
2026-07-04 17:44:04,64.7049537401067,44.5240191963393,368070.194502271,-1649.23014996955
2026-07-04 17:44:05,64.2275407522594,43.73786568043,373053.337392765,-1674.9379590844
2026-07-04 17:44:06,63.7748479507458,42.9698326819645,378112.010890752,-1699.62393698528
2026-07-04 17:44:07,63.3450641548651,42.2196537581567,383243.201169405,-1723.32737839466
2026-07-04 17:44:08,62.9365495742602,41.4870273060822,388444.040715722,-1746.086919531
2026-07-04 17:44:09,62.5478094045829,40.7716312908373,393711.74703137,-1767.9402602389
2026-07-04 17:44:10,62.1774833014814,40.0731225887569,399043.657567238,-1788.92417343807
2026-07-04 17:44:11,61.8243297259926,39.3911424179657,404437.220758965,-1809.07441913364
2026-07-04 17:44:12,61.4872138017396,38.7253207039383,409889.988963953,-1828.42567371882
2026-07-04 17:44:13,61.165096289758,38.0752791850596,415399.616755905,-1847.01149703756
2026-07-04 17:44:14,60.8570239365763,37.440634114839,420963.858995913,-1864.86431042281
2026-07-04 17:44:15,60.5621197673927,36.8210001896917,426580.554476557,-1882.01535702544
2026-07-04 17:44:16,60.2795803596478,36.2159876237601,432247.667111954,-1898.49477764357
2026-07-04 17:44:17,60.0086620361447,35.6252116707478,437963.214158554,-1914.33148898706
2026-07-04 17:44:18,59.7486794415983,35.048288577441,443725.311842528,-1929.5532902371
2026-07-04 17:44:19,59.4989992330201,34.4848385680787,449532.156903154,-1944.18684752456
2026-07-04 17:44:20,59.2590352474641,33.9344867432796,455382.024910346,-1958.25772027131
2026-07-04 17:44:21,59.0282443916946,33.3968642228724,461273.264217432,-1971.790380015
2026-07-04 17:44:22,58.8061214332205,32.8716092364848,467204.288588215,-1984.80824189346
2026-07-04 17:44:23,58.5922004130794,32.3583647037164,473173.607242836,-1997.33372396914
2026-07-04 17:44:24,58.3860445813879,31.8567836881838,479179.767401565,-2009.3882242402
2026-07-04 17:44:25,58.1872483094402,31.3665265296121,485221.385988326,-2020.99218952135
2026-07-04 17:44:26,57.9954332788034,30.887261420654,491297.144310895,-2032.16515247635
2026-07-04 17:44:27,57.8102464451893,30.4186652740527,497405.777044331,-2042.92575075557
2026-07-04 17:44:28,57.6313579088035,29.960423454858,503546.074320348,-2053.29177065768
2026-07-04 17:44:29,57.4584589889149,29.5122298043567,509716.879914358,-2063.28018297795
2026-07-04 17:44:30,57.2912597214185,29.0737877478268,515917.073715258,-2072.90716159084
2026-07-04 17:44:31,57.1294911939043,28.6448066984712,522145.618606344,-2082.18815994613
2026-07-04 17:44:32,56.9728982327673,28.2250070946874,528401.488336494,-2091.13788538427
2026-07-04 17:44:33,56.8212421167652,27.8141169264085,534683.711499252,-2099.77036975266
2026-07-04 17:44:34,56.6742985004205,27.4118725955385,540991.355986198,-2108.09898792988
2026-07-04 17:44:35,56.5318562395484,27.0180184592989,547323.532008501,-2116.13649460842
2026-07-04 17:44:36,56.3937166033774,26.6323072027192,553679.381863722,-2123.89504266008
2026-07-04 17:44:37,56.2596912902149,26.2544996614812,560058.078030739,-2131.38621862716
2026-07-04 17:44:38,56.1296053986106,25.8843624193648,566458.858254243,-2138.62108472705
2026-07-04 17:44:39,56.0032912280751,25.5216716757097,572880.957494584,-2145.6101677615
2026-07-04 17:44:40,55.8805911557938,25.1662101019327,579323.654569736,-2152.36351355376
2026-07-04 17:44:41,55.7613561665197,24.8177673957364,585786.25864419,-2158.8907026399
2026-07-04 17:44:42,55.6454453158979,24.4761403536505,592268.102765363,-2165.20086822236
2026-07-04 17:44:43,55.5327251063386,24.1411322598792,598768.550121808,-2171.30272525513
2026-07-04 17:44:44,55.423068191574,23.8125533640314,605286.980003274,-2177.20458475273
2026-07-04 17:44:45,55.316356364536,23.4902187495408,611822.823580004,-2182.91438438719
2026-07-04 17:44:46,55.212474959582,23.1739509553627,618375.509262775,-2188.43969217252
2026-07-04 17:44:47,55.1113159756571,22.8635781808827,624944.491277528,-2193.78772976428
2026-07-04 17:44:48,55.0127767603962,22.5589340375776,631529.25072514,-2198.96539564243
2026-07-04 17:44:49,54.9167597592826,22.2598578049093,638129.285365324,-2203.97927390026
2026-07-04 17:44:50,54.823172155919,21.9661939808662,644744.114340068,-2208.83565393912
2026-07-04 17:44:51,54.7319256166025,21.6777922309095,651373.274534474,-2213.54054290457
2026-07-04 17:44:52,54.642935249617,21.3945076592129,658016.309509533,-2218.09967729391
2026-07-04 17:44:53,54.5561224381911,21.1161987119387,664672.812427942,-2222.51854729233
2026-07-04 17:44:54,54.4714099746477,20.8427298830439,671342.360483801,-2226.80239268423
2026-07-04 17:44:55,54.3887249595274,20.5739697290396,678024.554949329,-2230.9562243914
2026-07-04 17:44:56,54.3079978086596,20.3097910146921,684719.014097335,-2234.98483549899
2026-07-04 17:44:57,54.2291620514498,20.0500706419261,691425.37069957,-2238.89281082054
2026-07-04 17:44:58,54.1521542345671,19.7946896960606,698143.266310003,-2242.68453404235
2026-07-04 17:44:59,54.0769129352447,19.5435333070012,704872.35058389,-2246.364201541
2026-07-04 17:45:00,54.0033815269823,19.2964891727743,711612.315404326,-2249.93583432757
2026-07-04 17:45:01,53.9315037782715,19.0534498983981,718362.830527441,-2253.40327555549
2026-07-04 17:45:02,53.861226512902,18.8143110843465,725123.588978009,-2256.77020820132
2026-07-04 17:45:03,53.7924987986121,18.5789715623792,731894.2976973,-2260.04016143126
2026-07-04 17:45:04,53.7252718701707,18.3473336390342,738674.666681312,-2263.21651324628
2026-07-04 17:45:05,53.659498939569,18.1193024490758,745464.423821484,-2266.30250448361
2026-07-04 17:45:06,53.5951351625725,17.8947862964883,752263.301422609,-2269.30123950207
2026-07-04 17:45:07,53.5321368708551,17.6736967330239,759071.030041761,-2272.21569353431
2026-07-04 17:45:08,53.4704640623557,17.4559468922377,765887.384696143,-2275.04872514685
2026-07-04 17:45:09,53.4100764041223,17.2414536931298,772712.116457775,-2277.80307272559
2026-07-04 17:45:10,53.3509358342935,17.0301364632292,779544.989230695,-2280.48136272553
2026-07-04 17:45:11,53.2930057185668,16.8219167650978,786385.783029326,-2283.08611912295
2026-07-04 17:45:12,53.2362508831117,16.6167187883327,793234.278205034,-2285.61976229289
2026-07-04 17:45:13,53.1806374903436,16.4144689769721,800090.264382589,-2288.08461716368
2026-07-04 17:45:14,53.1261323561049,16.2150962685195,806953.52970037,-2290.48291677346
2026-07-04 17:45:15,53.0727053793313,16.0185308400162,813823.89935935,-2292.8168082454
2026-07-04 17:45:16,53.0203257720206,15.8247059471004,820701.172199941,-2295.08835221531
2026-07-04 17:45:17,52.9689644824008,15.6335564953839,827585.165102314,-2297.29953047159
2026-07-04 17:45:18,52.9185935237527,15.4450193764812,834475.699247056,-2299.45224784009
2026-07-04 17:45:19,52.8691859195273,15.25903335921,841372.601312939,-2301.54833604819
2026-07-04 17:45:20,52.8207156665295,15.0755389774359,848275.705028395,-2303.58955738259
2026-07-04 17:45:21,52.7731576776701,14.8944785409074,855184.848293254,-2305.57760706298
2026-07-04 17:45:22,52.7264872036283,14.7157963143408,862099.864043313,-2307.51411603321
2026-07-04 17:45:23,52.6806820300928,14.5394373845932,869020.619892716,-2309.40065511547
2026-07-04 17:45:24,52.6357190411412,14.3653491747982,875946.960159829,-2311.23873614874
2026-07-04 17:45:25,52.5915764873193,14.1934804369944,882878.740418101,-2313.02981448126
2026-07-04 17:45:26,52.5482333506246,14.0237813962419,889815.820293822,-2314.77529190234
2026-07-04 17:45:27,52.5056693172985,13.8562035853929,896758.068091774,-2316.4765199569
2026-07-04 17:45:28,52.4638647655553,13.6907000192712,903705.351605402,-2318.13479998755
2026-07-04 17:45:29,52.4228002068819,13.5272253021981,910657.531581147,-2319.75138594077
2026-07-04 17:45:30,52.382458341743,13.3657344273903,917614.508986433,-2321.32748861067
2026-07-04 17:45:31,52.3428208918432,13.2061844755861,924576.153896083,-2322.86427405428
2026-07-04 17:45:32,52.3038707094976,13.0485335650068,931542.345885628,-2324.36286624568
2026-07-04 17:45:33,52.2655911538145,12.89274074732,938512.977748333,-2325.82435154567
2026-07-04 17:45:34,52.2279661613618,12.7387664184145,945487.935565431,-2327.24977613128
2026-07-04 17:45:35,52.1909801513254,12.5865719312695,952467.114132788,-2328.6401508197
2026-07-04 17:45:36,52.1546175487202,12.4361199646567,959450.398860323,-2329.99645086621
2026-07-04 17:45:37,52.1188647343192,12.2873734525489,966437.711824028,-2331.31961864733
2026-07-04 17:45:38,52.0837070552663,12.1402971382677,973428.941015648,-2332.61056292554
2026-07-04 17:45:39,52.0491307780064,11.9948562917503,980423.996368032,-2333.87016310987
2026-07-04 17:45:40,52.0151226081351,11.8510173062471,987422.780730575,-2335.09926715568
2026-07-04 17:45:41,51.9816696402744,11.7087473418997,994425.205364582,-2336.29869544042
2026-07-04 17:45:42,51.948759361372,11.5680144207876,1001431.1840484,-2337.46924083831
2026-07-04 17:45:43,51.916379634115,11.4287874936305,1008440.62826967,-2338.61166911115
2026-07-04 17:45:44,51.8845182218749,11.2910364653158,1015453.44472442,-2339.7267211765
2026-07-04 17:45:45,51.853164612846,11.154731336584,1022469.57586977,-2340.81511385285
2026-07-04 17:45:46,51.8223072391556,11.0198435794829,1029488.93171306,-2341.87754003997
2026-07-04 17:45:47,51.7919353313677,10.8863451980055,1036511.43405413,-2342.91466995012
2026-07-04 17:45:48,51.762038416327,10.7542088570561,1043537.00942553,-2343.92715250656
2026-07-04 17:45:49,51.7326063338832,10.6234079653087,1050565.5835165,-2344.91561533795
2026-07-04 17:45:50,51.7036291952786,10.4939165523425,1057597.08652853,-2345.88066637107
2026-07-04 17:45:51,51.6750969776685,10.3657095818793,1064631.43538339,-2346.82289363869
2026-07-04 17:45:52,51.6470012121261,10.2387618879642,1071668.58889444,-2347.74286741702
2026-07-04 17:45:53,51.6193323878747,10.1130496710014,1078708.4678383,-2348.64113925444
2026-07-04 17:45:54,51.5920816918573,9.98854947969139,1085751.00742091,-2349.51824360844
2026-07-04 17:45:55,51.5652405366665,9.86523841906292,1092796.14552934,-2350.37469846933
2026-07-04 17:45:56,51.5388005792389,9.74309414783563,1099843.8218741,-2351.21100578447
2026-07-04 17:45:57,51.5127536966586,9.62209491026822,1106893.97515743,-2352.02765179781
2026-07-04 17:45:58,51.4870919895325,9.50221942037152,1113946.54877104,-2352.82510818682
2026-07-04 17:45:59,51.461807359869,9.3834471503563,1121001.47336199,-2353.60383205392
2026-07-04 17:46:00,51.4368931366279,9.26575746190042,1128058.71533168,-2354.36426650348
2026-07-04 17:46:01,51.4123416190008,9.14913072907655,1135118.21261039,-2355.10684188068
2026-07-04 17:46:02,51.3881457110682,9.03354772587126,1142179.90772125,-2355.83197480821
2026-07-04 17:46:03,51.364298497183,8.91898955431376,1149243.75204435,-2356.54007021449
2026-07-04 17:46:04,51.3407932385153,8.80543781047653,1156309.69499397,-2357.23152073428
2026-07-04 17:46:05,51.3176233727007,8.69287452976752,1163377.68647609,-2357.90670735868
2026-07-04 17:46:06,51.2947821265364,8.5812823655631,1170447.665237,-2358.56599993818
2026-07-04 17:46:07,51.2722640310293,8.47064371846152,1177519.61119697,-2359.20975770844
2026-07-04 17:46:08,51.2500626289795,8.36094209084768,1184593.46215528,-2359.83832904588
2026-07-04 17:46:09,51.2281719935384,8.25216105669921,1191669.1760959,-2360.45205281057
2026-07-04 17:46:10,51.2065863462893,8.14428461040865,1198746.70893508,-2361.05125788107
2026-07-04 17:46:11,51.1853000580067,8.03729711662061,1205826.01698937,-2361.63626368196
2026-07-04 17:46:12,51.1643076284907,7.93118328459476,1212907.05799315,-2362.20738062253
2026-07-04 17:46:13,51.1436033378737,7.82592835320595,1219989.77847867,-2362.76491042491
2026-07-04 17:46:14,51.1231826856958,7.72151732948661,1227074.16224174,-2363.30914600726
2026-07-04 17:46:15,51.1030401986034,7.61793610276338,1234160.15811231,-2363.84037245516
2026-07-04 17:46:16,51.0831708956787,7.51517068222109,1241247.72830698,-2364.35886683086
2026-07-04 17:46:17,51.0635699141249,7.41320741775084,1248336.8335223,-2364.86489837267
2026-07-04 17:46:18,51.0442325070968,7.31203291265961,1255427.43835877,-2365.35872909747
2026-07-04 17:46:19,51.0251540360671,7.21163410696365,1262519.50498553,-2365.84061364727
2026-07-04 17:46:20,51.0063299777749,7.11199818704889,1269612.99885978,-2366.31079985754
2026-07-04 17:46:21,50.9877555629798,7.01311278882851,1276707.87423819,-2366.76952902969
2026-07-04 17:46:22,50.9694271655155,6.91496533411783,1283804.11903004,-2367.21703524652
2026-07-04 17:46:23,50.9513402185191,6.81754397737147,1290901.68976494,-2367.65354703325
2026-07-04 17:46:24,50.9334905980575,6.72083698819661,1298000.55301409,-2368.0792864942
2026-07-04 17:46:25,50.915874279696,6.62483289131817,1305100.67542961,-2368.4944697844
2026-07-04 17:46:26,50.8984873182568,6.52952038588952,1312202.02926962,-2368.89930762119
2026-07-04 17:46:27,50.8813258681977,6.43488850483222,1319304.58010717,-2369.29400477163
2026-07-04 17:46:28,50.8643858412177,6.34092660993863,1326408.28700648,-2369.67876109456
2026-07-04 17:46:29,50.8476642105443,6.24762377429867,1333513.14671207,-2370.05377068278
2026-07-04 17:46:30,50.831157054199,6.15496986166472,1340619.11496321,-2370.4192229101
2026-07-04 17:46:31,50.8148608511593,6.06295471828021,1347726.16482741,-2370.77530230074
2026-07-04 17:46:32,50.7987721593615,5.97156840685627,1354834.26921239,-2371.12218859477
2026-07-04 17:46:33,50.7828876140543,5.88080122030657,1361943.39934491,-2371.4600568328
2026-07-04 17:46:34,50.7672039201108,5.79064362993229,1369053.52837951,-2371.78907766816
2026-07-04 17:46:35,50.7517178573447,5.70108625828603,1376164.63319019,-2372.10941754746
2026-07-04 17:46:36,50.736425959739,5.61212015767532,1383276.67237996,-2372.42123869921
2026-07-04 17:46:37,50.7213257637918,5.52373602439999,1390389.64631881,-2372.72469877239
2026-07-04 17:46:38,50.7064139404226,5.43592523983511,1397503.51709589,-2373.01995206475
2026-07-04 17:46:39,50.6916875303296,5.34867917951476,1404618.26100732,-2373.30714888537
2026-07-04 17:46:40,50.6771436388046,5.26198939688882,1411733.85411941,-2373.58643579204
2026-07-04 17:46:41,50.6627794292124,5.17584760272724,1418850.27360733,-2373.85795575948
2026-07-04 17:46:42,50.6485921318692,5.09024568396043,1425967.49585114,-2374.12184819745
2026-07-04 17:46:43,50.6345787274423,5.00517583644712,1433085.48553178,-2374.37824939689
2026-07-04 17:46:44,50.6207371484184,4.92062994014978,1440204.24531232,-2374.6272915974
2026-07-04 17:46:45,50.6070644933716,4.83660050932529,1447323.73951526,-2374.86910451761
2026-07-04 17:46:46,50.5935582035602,4.75307999851406,1454443.94954898,-2375.10381465734
2026-07-04 17:46:47,50.5802157780224,4.67006106577674,1461564.85208674,-2375.33154532274
2026-07-04 17:46:48,50.5670347617541,4.58753645745433,1468686.42857072,-2375.55241701179
2026-07-04 17:46:49,50.5540127568689,4.50549912360399,1475808.65501468,-2375.76654718874
2026-07-04 17:46:50,50.5411474027731,4.42394206449369,1482931.51497977,-2375.97405075284
2026-07-04 17:46:51,50.5284361102844,4.34285861783619,1490054.97480136,-2376.17504002587
2026-07-04 17:46:52,50.5158771841553,4.26224179306988,1497179.03941423,-2376.36962391013
2026-07-04 17:46:53,50.503468121691,4.18208515503176,1504303.67802734,-2376.55790960674
2026-07-04 17:46:54,50.491206744499,4.10238223392204,1511428.87329797,-2376.74000158143
2026-07-04 17:46:55,50.4790909243407,4.02312672618897,1518554.60394887,-2376.91600177686
2026-07-04 17:46:56,50.4671185680108,3.94431239616498,1525680.85331385,-2377.08600989614
2026-07-04 17:46:57,50.4552876240039,3.8659331298411,1532807.6043144,-2377.2501233374
2026-07-04 17:46:58,50.4435958125325,3.78798308274372,1539934.82623237,-2377.40843753414
2026-07-04 17:46:59,50.4320416978497,3.71045608402176,1547062.52665455,-2377.5610449122
2026-07-04 17:47:00,50.4206230773026,3.63334650289495,1554190.67554887,-2377.70803663741
2026-07-04 17:47:01,50.4093380493299,3.55664864750213,1561319.25762844,-2377.84950158867
2026-07-04 17:47:02,50.3981847515192,3.48035695869269,1568448.25497401,-2377.98552659658
2026-07-04 17:47:03,50.3871613549591,3.40446595257495,1575577.65214458,-2378.11619659306
2026-07-04 17:47:04,50.376266065355,3.32897025031401,1582707.43320996,-2378.24159460868
2026-07-04 17:47:05,50.3654968639197,3.25386468933747,1589837.57152474,-2378.36180216126
2026-07-04 17:47:06,50.3548525379855,3.17914383600545,1596968.07350661,-2378.47689800689
2026-07-04 17:47:07,50.3443311339107,3.10480270298089,1604098.91385518,-2378.58696013696
2026-07-04 17:47:08,50.3339309855381,3.03083629517186,1611230.07604775,-2378.69206449652
2026-07-04 17:47:09,50.3236504572363,2.95723968054356,1618361.54607314,-2378.79228540671
2026-07-04 17:47:10,50.3134879428145,2.88400802030725,1625493.30936697,-2378.88769556879
2026-07-04 17:47:11,50.3034418674419,2.81113655003325,1632625.35245139,-2378.97836611974
2026-07-04 17:47:12,50.2935106812914,2.73862060414096,1639757.66038382,-2379.06436665641
2026-07-04 17:47:13,50.2836926185541,2.66645571252303,1646890.20753825,-2379.14576561713
2026-07-04 17:47:14,50.2739866799274,2.59463711640535,1654023.00299879,-2379.22262900744
2026-07-04 17:47:15,50.2643911509711,2.52316050121553,1661156.02150547,-2379.29502240047
2026-07-04 17:47:16,50.2549045894039,2.45202147248377,1668289.25271501,-2379.36300968895
2026-07-04 17:47:17,50.245525581739,2.38121578312825,1675422.6790691,-2379.42665336119
2026-07-04 17:47:18,50.2362527355345,2.31073917664088,1682556.29133982,-2379.48601465893
2026-07-04 17:47:19,50.22708468499,2.24058751851419,1689690.07529728,-2379.54115350621
2026-07-04 17:47:20,50.2180198532953,2.17075685551605,1696824.0059428,-2379.59212891937
2026-07-04 17:47:21,50.209057389729,2.10124293502043,1703958.09419131,-2379.63899771455
2026-07-04 17:47:22,50.2001957636864,2.03204190027036,1711092.31925178,-2379.68181652005
2026-07-04 17:47:23,50.1914336991685,1.96314991415025,1718226.66446008,-2379.72064045237
2026-07-04 17:47:24,50.182769943487,1.89456311420259,1725361.12246091,-2379.75552353159
2026-07-04 17:47:25,50.1742032659244,1.82627778018197,1732495.67778383,-2379.78651864901
2026-07-04 17:47:26,50.165732454919,1.75829019538473,1739630.32107241,-2379.81367764249
2026-07-04 17:47:27,50.1573563195007,1.69059673897184,1746765.03935626,-2379.83705129294
2026-07-04 17:47:28,50.1490734684347,1.6231939411142,1753899.81055121,-2379.85668969676
2026-07-04 17:47:29,50.1408831977305,1.55607804366509,1761034.64760076,-2379.87264094294
2026-07-04 17:47:30,50.1327841499736,1.48924571419799,1768169.526264,-2379.88495315812
2026-07-04 17:47:31,50.1247752136591,1.42269352948274,1775304.43727992,-2379.8936731777
2026-07-04 17:47:32,50.1168552942254,1.35641814935637,1782439.36843416,-2379.8988469117
2026-07-04 17:47:33,50.1090233149462,1.29041626553606,1789574.3099035,-2379.90051936313
2026-07-04 17:47:34,50.1012782158127,1.22468462925822,1796709.25119206,-2379.89873465166
2026-07-04 17:47:35,50.0936187432695,1.15922013947255,1803844.17193813,-2379.89353636701
2026-07-04 17:47:36,50.0860443023108,1.09401945705019,1810979.08158192,-2379.88496624177
2026-07-04 17:47:37,50.0785536667677,1.02907956218306,1818113.96201003,-2379.87306619822
2026-07-04 17:47:38,50.0711458470372,0.96439741607946,1825248.80191609,-2379.85787701659
2026-07-04 17:47:39,50.0638198675813,0.899970027787659,1832383.5900189,-2379.83943869603
2026-07-04 17:47:40,50.0565747657494,0.835794420001578,1839518.3187602,-2379.81779045664
2026-07-04 17:47:41,50.0494095980594,0.771867672505219,1846652.97941225,-2379.79297076516
2026-07-04 17:47:42,50.0423232283801,0.708187053674488,1853787.5477992,-2379.76501772583
2026-07-04 17:47:43,50.035315154796,0.644749505726149,1860922.03952376,-2379.73396765723
2026-07-04 17:47:44,50.0283842690238,0.581552343637895,1868056.43513893,-2379.69985722123
2026-07-04 17:47:45,50.0215296836324,0.518592867941719,1875190.72098345,-2379.66272208518
2026-07-04 17:47:46,50.0147505264641,0.455868326582645,1882324.8940944,-2379.62259717712
2026-07-04 17:47:47,50.0080459369391,0.393376101962344,1889458.94098803,-2379.57951684345
2026-07-04 17:47:48,50.0014150702689,0.331113561840968,1896592.85443262,-2379.53351474628
2026-07-04 17:47:49,49.9948570921781,0.269078121098542,1903726.62639343,-2379.48462393062
2026-07-04 17:47:50,49.9883709874574,0.207267350759623,1910860.23589407,-2379.43287719059
2026-07-04 17:47:51,49.9819563430158,0.145678553623037,1917993.69561012,-2379.37830567808
2026-07-04 17:47:52,49.9756121618421,0.0843093266343568,1925126.99041894,-2379.32094096157
2026-07-04 17:47:53,49.9693376653388,0.0231572757837326,1932260.10777647,-2379.26081375565
2026-07-04 19:13:47,279.814619657905,0.00955940563589361,1851667.24075716,1844.6807306622
2026-07-04 19:13:48,279.960426069182,0.0626212330373016,1846142.54755005,1841.06384140186
2026-07-04 19:13:49,280.107091380553,0.11575395559161,1840628.74975252,1837.41263931788
2026-07-04 19:13:50,280.254621911134,0.168957275499724,1835125.94821872,1833.72678701425
2026-07-04 19:13:51,280.403023913702,0.222230833691673,1829634.24929657,1830.005946768
2026-07-04 19:13:52,280.552303749347,0.27557428419735,1824153.75700958,1826.2497759405
2026-07-04 19:13:53,280.702467763887,0.328987099954399,1818684.5939522,1822.45793296893
2026-07-04 19:13:54,280.853522369277,0.382469165837963,1813226.83667546,1818.63006433554
2026-07-04 19:13:55,281.005473981085,0.436019917687009,1807780.60957203,1814.76582242112
2026-07-04 19:13:56,281.158329083661,0.489638919904297,1802346.02183858,1810.86485308536
2026-07-04 19:13:57,281.312094210307,0.543325724789275,1796923.18279163,1806.92679872582
2026-07-04 19:13:58,281.466775835393,0.59707982600017,1791512.20657816,1802.95130121267
2026-07-04 19:13:59,281.622380557607,0.650900729857895,1786113.20487604,1798.93799703608
2026-07-04 19:14:00,281.778914990475,0.704787776968941,1780726.30568911,1794.88652295133
2026-07-04 19:14:01,281.936385737369,0.758740682280336,1775351.59551211,1790.79650542504
2026-07-04 19:14:02,282.094799459996,0.812758731913677,1769989.20534424,1786.66757570746
2026-07-04 19:14:03,282.254162915001,0.866841350523055,1764639.25003381,1782.49935755022
2026-07-04 19:14:04,282.414482745885,0.920987884560364,1759301.85085984,1778.29147560794
2026-07-04 19:14:05,282.575765736577,0.975197697081351,1753977.12603405,1774.04354862379
2026-07-04 19:14:06,282.738018683834,1.02947011618738,1748665.19581844,1769.75519291597
2026-07-04 19:14:07,282.901248349812,1.08380428798124,1743366.19770877,1765.42602645543
2026-07-04 19:14:08,283.065461596425,1.13819976541788,1738080.22512684,1761.05565366265
2026-07-04 19:14:09,283.230665339291,1.19265567213152,1732807.41477165,1756.64368412766
2026-07-04 19:14:10,283.39686638387,1.24717119390696,1727547.89466436,1752.18972535947
2026-07-04 19:14:11,283.564071692376,1.30174553211415,1722301.78967572,1747.69337851805
2026-07-04 19:14:12,283.732288185007,1.35637783719976,1717069.22791572,1743.15424374373
2026-07-04 19:14:13,283.901522787163,1.41106722017861,1711850.3395772,1738.57191899792
2026-07-04 19:14:14,284.071782548946,1.46581280071849,1706645.25223185,1733.94599660317
2026-07-04 19:14:15,284.243074393012,1.52061347493752,1701454.11389034,1729.27607348338
2026-07-04 19:14:16,284.415405433266,1.5754685758862,1696277.02635139,1724.56172991812
2026-07-04 19:14:17,284.588782650749,1.63037694367761,1691114.13921102,1719.80255697205
2026-07-04 19:14:18,284.76321314072,1.68533755195334,1685965.5864641,1714.99813744342
2026-07-04 19:14:19,284.938703928567,1.74034931273426,1680831.50590457,1710.14805398878
2026-07-04 19:14:20,285.115262177923,1.79541114143533,1675712.03298738,1705.25188339651
2026-07-04 19:14:21,285.292894944066,1.8505218778739,1670607.30814997,1700.30920344801
2026-07-04 19:14:22,285.471609359584,1.90568021292434,1665517.48440452,1695.31959089588
2026-07-04 19:14:23,285.651412552246,1.96088519711544,1660442.67648406,1690.28261115028
2026-07-04 19:14:24,285.832311715311,2.01613545571839,1655383.03914547,1685.19783530133
2026-07-04 19:14:25,286.014313949137,2.07142967990617,1650338.71774246,1680.06483189698
2026-07-04 19:14:26,286.197426452057,2.12676654784903,1645309.85650949,1674.88316481585
2026-07-04 19:14:27,286.381656355852,2.1821446746968,1640296.60306221,1669.6523979182
2026-07-04 19:14:28,286.567010870886,2.23756265770257,1635299.10422182,1664.37209092499
2026-07-04 19:14:29,286.753497156188,2.29301903626555,1630317.50957773,1659.04180314032
2026-07-04 19:14:30,286.941122292164,2.34851214707732,1625351.98535847,1653.66109768601
2026-07-04 19:14:31,287.129893650772,2.40404077425666,1620402.65219812,1648.22951749376
2026-07-04 19:14:32,287.319818295351,2.45960316430381,1615469.67925595,1642.74662252045
2026-07-04 19:14:33,287.51090341834,2.51519769107231,1610553.22058944,1637.21196399583
2026-07-04 19:14:34,287.703156207674,2.57082268344759,1605653.43152822,1631.62509154787
2026-07-04 19:14:35,287.896583805448,2.62647641138522,1600770.46984416,1625.98555449192
2026-07-04 19:14:36,288.091193344871,2.68215709906162,1595904.49449669,1620.29290074013
2026-07-04 19:14:37,288.28699190975,2.73786277716161,1591055.67943526,1614.5466815501
2026-07-04 19:14:38,288.483986777678,2.79359188526547,1586224.15709324,1608.74643062268
2026-07-04 19:14:39,288.682185008317,2.84934235837122,1581410.10389402,1602.89169676921
2026-07-04 19:14:40,288.881593656295,2.90511221435487,1576613.68496485,1596.98202416799
2026-07-04 19:14:41,289.082219836963,2.96089944407985,1571835.06466423,1591.01695373512
2026-07-04 19:14:42,289.284070583285,3.01670196805859,1567074.41026787,1584.99602749214
2026-07-04 19:14:43,289.487152882624,3.07251764747587,1562331.89092757,1578.91878752917
2026-07-04 19:14:44,289.691473724654,3.12834416729023,1557607.68847048,1572.78477813438
2026-07-04 19:14:45,289.897040204101,3.18417958813723,1552901.94663543,1566.59352861633
2026-07-04 19:14:46,290.103859211611,3.24002147335411,1548214.85097181,1560.34458385507
2026-07-04 19:14:47,290.311937631457,3.29586746810959,1543546.57563609,1554.03748435218
2026-07-04 19:14:48,290.521282309063,3.35171515861113,1538897.29627486,1547.67177080636
2026-07-04 19:14:49,290.731900071917,3.40756208117756,1534267.18917228,1541.24698344292
2026-07-04 19:14:50,290.943797789076,3.46340573489976,1529656.43017125,1534.76266032363
2026-07-04 19:14:51,291.156982069895,3.5192434994485,1525065.20140541,1528.2183467197
2026-07-04 19:14:52,291.37145959593,3.57507259863446,1520493.69508812,1521.61358856292
2026-07-04 19:14:53,291.587237186073,3.63089063271753,1515942.06588045,1514.94791589247
2026-07-04 19:14:54,291.804321288785,3.68669466726897,1511410.51155595,1508.22088054013
2026-07-04 19:14:55,292.022718447355,3.74248187364916,1506899.21634399,1501.4320272845
2026-07-04 19:14:56,292.24243514436,3.7982493597253,1502408.36576483,1494.58090233324
2026-07-04 19:14:57,292.463477752706,3.85399415623783,1497938.14766245,1487.66705498521
2026-07-04 19:14:58,292.685852553294,3.90971322196963,1493488.75170027,1480.69003718091
2026-07-04 19:14:59,292.909565778466,3.96540332754624,1489060.37952725,1473.64940597369
2026-07-04 19:15:00,293.134623757585,4.02106160435927,1484653.19700097,1466.54470398277
2026-07-04 19:15:01,293.361032527133,4.07668467731521,1480267.40927163,1459.3754943171
2026-07-04 19:15:02,293.588798032031,4.13226922645183,1475903.21187384,1452.14133946014
2026-07-04 19:15:03,293.817926291914,4.18781190449166,1471560.7982859,1444.8417996594
2026-07-04 19:15:04,294.04842307312,4.24330925142345,1467240.3666154,1437.47644362334
2026-07-04 19:15:05,294.280294164573,4.29875776746202,1462942.11377377,1430.04483968988
2026-07-04 19:15:06,294.513545159706,4.35415385427477,1458666.24004376,1422.54656310303
2026-07-04 19:15:07,294.748181485504,4.40949369960036,1454412.95883662,1414.98119902033
2026-07-04 19:15:08,294.98420881579,4.46477388770749,1450182.44555535,1407.34831358996
2026-07-04 19:15:09,295.221632409484,4.51999047110798,1445974.91524235,1399.64749898964
2026-07-04 19:15:10,295.460457395442,4.57513955080417,1441790.57363023,1391.87834881562
2026-07-04 19:15:11,295.700688904948,4.63021718493656,1437629.62517388,1384.04045761178
2026-07-04 19:15:12,295.942331894076,4.68521934215964,1433492.2765929,1376.13342694773
2026-07-04 19:15:13,296.185391090447,4.74014189168693,1429378.73752719,1368.15686729903
2026-07-04 19:15:14,296.429871103512,4.79498050501621,1425289.22880355,1360.11039854917
2026-07-04 19:15:15,296.675776842207,4.84973125568781,1421223.93349092,1351.99362025561
2026-07-04 19:15:16,296.92311249005,4.90438962738818,1417183.07720293,1343.8061697369
2026-07-04 19:15:17,297.17188232822,4.95895120638733,1413166.87210909,1335.54767910067
2026-07-04 19:15:18,297.422090514138,5.01341150995315,1409175.53074928,1327.21778652315
2026-07-04 19:15:19,297.673740865701,5.06776593365787,1405209.26989634,1318.8161438251
2026-07-04 19:15:20,297.926837266405,5.12200984701195,1401268.3034526,1310.34240291525
2026-07-04 19:15:21,298.181383327877,5.17613851571751,1397352.84814709,1301.79622736112
2026-07-04 19:15:22,298.437382231306,5.23014694680453,1393463.13565089,1293.17730202681
2026-07-04 19:15:23,298.694837670823,5.28403059306472,1389599.35750007,1284.48528481125
2026-07-04 19:15:24,298.953752566769,5.33778432192448,1385761.74589382,1275.71987518131
2026-07-04 19:15:25,299.214129671393,5.39140305314553,1381950.52326776,1266.88077732378
2026-07-04 19:15:26,299.475971802929,5.44488168236397,1378165.9089456,1257.96769644292
2026-07-04 19:15:27,299.739281393686,5.49821498523685,1374408.12596772,1248.98035438796
2026-07-04 19:15:28,300.004060667812,5.55139765761461,1370677.39817586,1239.91848376826
2026-07-04 19:15:29,300.270311593031,5.60442418296385,1366973.96053048,1230.78183404638
2026-07-04 19:15:30,300.538036344862,5.65728942628202,1363298.01324616,1221.57013864906
2026-07-04 19:15:31,300.807236397416,5.70998769938424,1359649.79372587,1212.28317212604
2026-07-04 19:15:32,301.077913064645,5.76251337628668,1356029.5290367,1202.92071460332
2026-07-04 19:15:33,301.35006761639,5.81486079065653,1352437.44424508,1193.48255219089
2026-07-04 19:15:34,301.623700886206,5.86702415691735,1348873.76788438,1183.9684908992
2026-07-04 19:15:35,301.89881360402,5.91899764294655,1345338.72689294,1174.37834507601
2026-07-04 19:15:36,302.175405875221,5.97077514237373,1341832.5632391,1164.71196039655
2026-07-04 19:15:37,302.453478456167,6.0223510181925,1338355.47902588,1154.96915173604
2026-07-04 19:15:38,302.733030824472,6.07371899328015,1334907.71843965,1145.14979727943
2026-07-04 19:15:39,303.014062801883,6.12487295391841,1331489.50881205,1135.25376439822
2026-07-04 19:15:40,303.296573660886,6.17580666400443,1328101.08106532,1125.28094545305
2026-07-04 19:15:41,303.580562440232,6.22651381988655,1324742.66608523,1115.23124714009
2026-07-04 19:15:42,303.866027984757,6.27698806625441,1321414.49363783,1105.10458900279
2026-07-04 19:15:43,304.152968755939,6.32722295808589,1318116.79497481,1094.90091057227
2026-07-04 19:15:44,304.441382601103,6.37721180350325,1314849.81422013,1084.62018425641
2026-07-04 19:15:45,304.731268072541,6.4269483904462,1311613.75628156,1074.26235033966
2026-07-04 19:15:46,305.022622490832,6.47642590405772,1308408.86471475,1063.82741355836
2026-07-04 19:15:47,305.3154429773,6.52563761200183,1305235.37216183,1053.315388267
2026-07-04 19:15:48,305.609726651549,6.57457677111359,1302093.50778976,1042.72629612464
2026-07-04 19:15:49,305.905469983729,6.62323652117573,1298983.50418833,1032.06018955342
2026-07-04 19:15:50,306.20266928806,6.67160997108482,1295905.59186714,1021.31713418604
2026-07-04 19:15:51,306.50132029071,6.71969000963605,1292860.01250255,1010.49722923837
2026-07-04 19:15:52,306.801419168099,6.76746996326254,1289846.97260131,999.600551668561
2026-07-04 19:15:53,307.102960800651,6.81494257940047,1286866.71517494,988.62724749017
2026-07-04 19:15:54,307.405940255997,6.86210076849791,1283919.46790414,977.577459354008
2026-07-04 19:15:55,307.710351928894,6.90893733579089,1281005.46148357,966.451363063727
2026-07-04 19:15:56,308.016190035509,6.95544506849515,1278124.92417052,955.249149517573
2026-07-04 19:15:57,308.323448526877,7.00161672649465,1275278.0824603,943.971027920531
2026-07-04 19:15:58,308.632120691407,7.04744497686216,1272465.16530052,932.617240916342
2026-07-04 19:15:59,308.942199356265,7.09292231955333,1269686.40977373,921.188061723537
2026-07-04 19:16:00,309.253677839666,7.13804170368187,1266942.01873078,909.683740635283
2026-07-04 19:16:01,309.56654817101,7.18279554773872,1264232.22816962,898.104598898682
2026-07-04 19:16:02,309.880802212971,7.22717639371819,1261557.2623461,886.450968722126
2026-07-04 19:16:03,310.196431522587,7.27117676448534,1258917.34391363,874.723203372882
2026-07-04 19:16:04,310.513427238159,7.3147891563204,1256312.69443876,862.921681313747
2026-07-04 19:16:05,310.831780155393,7.35800604789327,1253743.53403782,851.046803725092
2026-07-04 19:16:06,311.151480073802,7.40081970014598,1251210.09458005,839.099023744877
2026-07-04 19:16:07,311.472517828976,7.44322291190166,1248712.56994918,827.078751452076
2026-07-04 19:16:08,311.794882468758,7.48520792137682,1246251.18899107,814.986488463962
2026-07-04 19:16:09,312.118563140328,7.52676714995487,1243826.16635256,802.822738122676
2026-07-04 19:16:10,312.443548534248,7.56789300424558,1241437.71571862,790.588031473718
2026-07-04 19:16:11,312.769827001738,7.60857790185492,1239086.04837532,778.282922690451
2026-07-04 19:16:12,313.097386270356,7.6488142333748,1236771.37562401,765.908000177545
2026-07-04 19:16:13,313.426213484751,7.68859426127562,1234493.91594924,753.463889801456
2026-07-04 19:16:14,313.756296404533,7.72791073697849,1232253.85451838,740.951190281138
2026-07-04 19:16:15,314.087621231787,7.76675593160069,1230051.40695151,728.370584689699
2026-07-04 19:16:16,314.420174291474,7.80512232235065,1227886.77468503,715.722757266877
2026-07-04 19:16:17,314.75394116732,7.84300236596631,1225760.15954126,703.008431524521
2026-07-04 19:16:18,315.088907268904,7.88038857939307,1223671.75920581,690.22834830365
2026-07-04 19:16:19,315.425057546344,7.91727350477102,1221621.76944446,677.383276902938
2026-07-04 19:16:20,315.762376419302,7.95364970559135,1219610.38448064,664.474017885057
2026-07-04 19:16:21,316.100847530014,7.98950963443264,1217637.80578999,651.501417334594
2026-07-04 19:16:22,316.440455535351,8.0248462910077,1215704.20034219,638.46627845654
2026-07-04 19:16:23,316.78118306125,8.05965219796961,1213809.76585912,625.369508186446
2026-07-04 19:16:24,317.123013031616,8.09392012809998,1211954.68506538,612.212007822618
2026-07-04 19:16:25,317.465927774943,8.12764289114802,1210139.13911665,598.994712495181
2026-07-04 19:16:26,317.809909318944,8.16081337336115,1208363.30555872,585.718579582808
2026-07-04 19:16:27,318.154939271804,8.19342452465581,1206627.35926389,572.384593454942
2026-07-04 19:16:28,318.500998277771,8.22546920197096,1204931.4823771,558.993791326319
2026-07-04 19:16:29,318.848068096856,8.25694082715279,1203275.82345274,545.547162724558
2026-07-04 19:16:30,319.196128566204,8.28783241246034,1201660.55863187,532.045797169229
2026-07-04 19:16:31,319.545159734083,8.31813723115707,1200085.84997284,518.490781279307
2026-07-04 19:16:32,319.895141072761,8.34784862871087,1198551.85724787,504.883234396305
2026-07-04 19:16:33,320.246051963852,8.37696007534804,1197058.73529602,491.224289325302
2026-07-04 19:16:34,320.597870999808,8.40546510189228,1195606.63763382,477.515119810632
2026-07-04 19:16:35,320.950576847552,8.43335738817085,1194195.71190511,463.756906224619
2026-07-04 19:16:36,321.304146897158,8.46063053162735,1192826.11367099,449.950893825807
2026-07-04 19:16:37,321.658559914619,8.48727872649064,1191497.96526779,436.098268200052
2026-07-04 19:16:38,322.013792805375,8.51329582546905,1190211.4136987,422.200312144869
2026-07-04 19:16:39,322.369822492891,8.53867594521529,1188966.59338178,408.2583120121
2026-07-04 19:16:40,322.726625644331,8.56341334034529,1187763.63430647,394.27357297629
2026-07-04 19:16:41,323.084178730944,8.58750240598303,1186602.66214997,380.247416653843
2026-07-04 19:16:42,323.442457607082,8.61093765287519,1185483.79962668,366.181197417935
2026-07-04 19:16:43,323.801437402843,8.63371359666801,1184407.17376189,352.076311470027
2026-07-04 19:16:44,324.161094710739,8.65582535055573,1183372.88007596,337.934090104979
2026-07-04 19:16:45,324.521403874574,8.67726771210112,1182381.03790559,323.755976236302
2026-07-04 19:16:46,324.882339859986,8.69803580365142,1181431.75222945,309.543390709809
2026-07-04 19:16:47,325.24387706132,8.71812488696781,1180525.12456198,295.297784137783
2026-07-04 19:16:48,325.605989787449,8.7375303967251,1179661.2515006,281.020617422477
2026-07-04 19:16:49,325.968651935779,8.75624792285705,1178840.22569029,266.713374432853
2026-07-04 19:16:50,326.33183730992,8.77427323436168,1178062.13479852,252.377549014693
2026-07-04 19:16:51,326.695518730363,8.79160212164945,1177327.07089757,238.014685271393
2026-07-04 19:16:52,327.059670697099,8.80823097997129,1176635.09584145,223.626250992942
2026-07-04 19:16:53,327.42426559719,8.8241559545874,1175986.29249711,209.213818533503
2026-07-04 19:16:54,327.789276339787,8.8393735194937,1175380.73037442,194.778939549293
2026-07-04 19:16:55,328.154675497925,8.85388032753503,1174818.47452308,180.323183753352
2026-07-04 19:16:56,328.520435604469,8.86767322353266,1174299.58512026,165.848126945006
2026-07-04 19:16:57,328.88652892286,8.88074923980175,1173824.11764861,151.355359608355
2026-07-04 19:16:58,329.252926943393,8.8931054683708,1173392.13071499,136.846511938566
2026-07-04 19:16:59,329.619602947916,8.90473959430016,1173003.65447234,122.323130771101
2026-07-04 19:17:00,329.98652816406,8.91564910147872,1172658.73786988,107.786863046691
2026-07-04 19:17:01,330.353674299285,8.92583180321193,1172357.41720997,93.2393341981283
2026-07-04 19:17:02,330.721013040885,8.93528571783987,1172099.72371037,78.6821726561624
2026-07-04 19:17:03,331.088515974328,8.94400906312585,1171885.68385618,64.117012913817
2026-07-04 19:17:04,331.456154506117,8.95200025965942,1171715.31917456,49.545498031304
2026-07-04 19:17:05,331.823899495073,8.95925781449561,1171588.65340895,34.9692992572247
2026-07-04 19:17:06,332.191723512295,8.96578080129858,1171505.68388438,20.3900049945575
2026-07-04 19:17:07,332.559597263704,8.97156813775056,1171466.42453175,5.80929371566461
2026-07-04 19:17:08,332.927491973222,8.9766190684539,1171470.87718775,-8.77118178979482
2026-07-04 19:17:09,333.295379085884,8.9809330509356,1171519.03862796,-23.3497779338325
2026-07-04 19:17:10,333.66322978379,8.98450974551181,1171610.90079361,-37.924841343277
2026-07-04 19:17:11,334.031015456097,8.9873490240597,1171746.45064549,-52.4947280067715
2026-07-04 19:17:12,334.398707415619,8.98945096599025,1171925.67016248,-67.0577923915719
2026-07-04 19:17:13,334.766276407565,8.99081574939827,1172148.54289923,-81.6123630363632
2026-07-04 19:17:14,335.13369516021,8.99144408652322,1172415.02816806,-96.1568650030797
2026-07-04 19:17:15,335.500934487167,8.99133657001066,1172725.09964645,-110.68963445308
2026-07-04 19:17:16,335.867966145446,8.99049410790038,1173078.71984303,-125.209053112315
2026-07-04 19:17:17,336.234761727471,8.98891781221496,1173475.84625856,-139.713499471805
2026-07-04 19:17:18,336.601293126718,8.98660899936749,1173916.43167651,-154.201367681961
2026-07-04 19:17:19,336.967532216319,8.98356918910425,1174400.42389725,-168.671055151348
2026-07-04 19:17:20,337.33345053442,8.97980000305924,1174927.77195753,-183.12094521885
2026-07-04 19:17:21,337.699021427499,8.97530355655205,1175498.40245183,-197.549513029038
2026-07-04 19:17:22,338.064216875394,8.97008186696752,1176112.25507616,-211.955169326374
2026-07-04 19:17:23,338.429009219627,8.96413724689187,1176769.25855732,-226.336349575409
2026-07-04 19:17:24,338.793371410572,8.95747219900474,1177469.33748011,-240.691519174743
2026-07-04 19:17:25,339.157276331377,8.95008941860131,1178212.41149146,-255.019146830617
2026-07-04 19:17:26,339.52069712203,8.94199178990727,1178998.3956516,-269.317717820178
2026-07-04 19:17:27,339.883607211048,8.93318237984831,1179827.20072009,-283.585735399343
2026-07-04 19:17:28,340.245979638964,8.92366435311088,1180698.73805823,-297.821689393476
2026-07-04 19:17:29,340.607789463744,8.91344131337058,1181612.89898174,-312.024171812114
2026-07-04 19:17:30,340.969010227099,8.90251677926451,1182569.58616899,-326.191706940074
2026-07-04 19:17:31,341.329616402838,8.89089452805633,1183568.69289541,-340.322868733074
2026-07-04 19:17:32,341.689582479023,8.87857851351514,1184610.10755669,-354.416239692119
2026-07-04 19:17:33,342.048883605294,8.86557284559547,1185693.71524741,-368.470436680669
2026-07-04 19:17:34,342.407494927679,8.85188180499609,1186819.3961867,-382.484084871197
2026-07-04 19:17:35,342.765391415651,8.83750975300752,1187987.03135124,-396.455806237497
2026-07-04 19:17:36,343.122550243599,8.82246142838842,1189196.48428462,-410.384333371684
2026-07-04 19:17:37,343.478946952653,8.80674150007761,1190447.62782996,-424.268328801136
2026-07-04 19:17:38,343.834558028709,8.7903548577448,1191740.32650316,-438.106506400591
2026-07-04 19:17:39,344.18936038472,8.77330653267021,1193074.44114135,-451.897606416102
2026-07-04 19:17:40,344.543331235788,8.7556016954303,1194449.82876908,-465.640390551984
2026-07-04 19:17:41,344.896448189089,8.73724564954932,1195866.34285673,-479.333645713236
2026-07-04 19:17:42,345.248688503686,8.71824376910988,1197323.83684105,-492.976150273389
2026-07-04 19:17:43,345.600031706321,8.69860174411674,1198822.14904891,-506.566796140866
2026-07-04 19:17:44,345.950455949685,8.67832518787319,1200361.12652467,-520.104416994806
2026-07-04 19:17:45,346.29994006045,8.65741991094355,1201940.60776806,-533.587888106976
2026-07-04 19:17:46,346.648463726849,8.63589181179238,1203560.42986021,-547.016128817367
2026-07-04 19:17:47,346.996006661523,8.61374691595684,1205220.42517915,-560.38806997704
2026-07-04 19:17:48,347.342549044176,8.59099134875996,1206920.42322576,-573.702671264385
2026-07-04 19:17:49,347.6880715213,8.56763132983567,1208660.25075991,-586.958921185984
2026-07-04 19:17:50,348.032554552661,8.54367312081328,1210439.73480117,-600.155807065533
2026-07-04 19:17:51,348.375980610259,8.51912324342761,1212258.68868203,-613.292419503807
2026-07-04 19:17:52,348.718331139989,8.49398812023751,1214116.93465698,-626.36780562084
2026-07-04 19:17:53,349.059588275639,8.46827432931253,1216014.28728965,-639.381054975481
2026-07-04 19:17:54,349.399734639102,8.44198852034318,1217950.55878681,-652.331286927483
2026-07-04 19:17:55,349.738753332612,8.4151374088879,1219925.55915654,-665.217650242963
2026-07-04 19:17:56,350.076627921867,8.38772777508265,1221939.09605945,-678.039322542155
2026-07-04 19:17:57,350.413341506818,8.35976643936294,1223990.97589144,-690.79546975997
2026-07-04 19:17:58,350.748879854542,8.33126037472873,1226080.99705195,-703.485385363127
2026-07-04 19:17:59,351.083227024945,8.30221650405596,1228208.96193681,-716.108293971175
2026-07-04 19:18:00,351.416368108963,8.27264183959877,1230374.66821638,-728.663475223242
2026-07-04 19:18:01,351.748288887685,8.24254341946483,1232577.91284173,-741.150246091006
2026-07-04 19:18:02,352.078975203309,8.2119283500361,1234818.48866501,-753.567936586246
2026-07-04 19:18:03,352.408413532163,8.18080375666788,1237096.18784291,-765.91591159927
2026-07-04 19:18:04,352.736590836335,8.14917678992262,1239410.80114453,-778.193565079193
2026-07-04 19:18:05,353.063493713015,8.11705461524026,1241762.11822266,-790.400283180539
2026-07-04 19:18:06,353.389111043004,8.08444450818086,1244149.92148789,-802.535563022186
2026-07-04 19:18:07,353.713430484336,8.05135365329785,1246573.9989921,-814.598851604259
2026-07-04 19:18:08,354.036440411551,8.01778931329305,1249034.13293713,-826.589638229569
2026-07-04 19:18:09,354.358129872123,7.98375873623212,1251530.10598357,-838.507447630524
2026-07-04 19:18:10,354.678488126425,7.94926919814671,1254061.69792547,-850.351822690732
2026-07-04 19:18:11,354.997505075182,7.91432795559515,1256628.68897931,-862.122340235008
2026-07-04 19:18:12,355.315170252015,7.87894226399493,1259230.85809013,-873.818568727856
2026-07-04 19:18:13,355.631475335786,7.84311944424587,1261867.9784851,-885.440180367067
2026-07-04 19:18:14,355.94641084854,7.80686671990815,1264539.82848202,-896.986799666394
2026-07-04 19:18:15,356.259968077107,7.77019135359132,1267246.18195591,-908.45809395723
2026-07-04 19:18:16,356.572138823542,7.73310058032942,1269986.81289755,-919.853758939137
2026-07-04 19:18:17,356.882915243183,7.69560162240008,1272761.49415804,-931.173512553608
2026-07-04 19:18:18,357.192289951953,7.65770167536771,1275569.99832412,-942.417098855604
2026-07-04 19:18:19,357.500255712773,7.61940793857185,1278412.09529772,-953.584276175646
2026-07-04 19:18:20,357.806805423267,7.58072753594326,1281287.55796121,-964.674812020158
2026-07-04 19:18:21,358.11193381026,7.54166763213517,1284196.15368024,-975.688563333947
2026-07-04 19:18:22,358.415634344052,7.50223530970021,1287137.65286332,-986.625335480901
2026-07-04 19:18:23,358.717901539142,7.462437619522,1290111.82538786,-997.484984990729
2026-07-04 19:18:24,359.018730093636,7.4222815957403,1293118.43927216,-1008.26738302812
2026-07-04 19:18:25,359.318115074373,7.38177423434346,1296157.2621504,-1018.97242218062
2026-07-04 19:18:26,359.616052108182,7.34092246196531,1299228.06350127,-1029.60002296651
2026-07-04 19:18:27,359.91253629803,7.29973319803456,1302330.60986936,-1040.15009008996
2026-07-04 19:18:28,0.207564925250794,7.25821331092273,1305464.66806295,-1050.62262785895
2026-07-04 19:18:29,0.501134098340508,7.21636958071332,1308630.00783705,-1061.01759163877
2026-07-04 19:18:30,0.793240459141487,7.17420879335381,1311826.39472033,-1071.33496775217
2026-07-04 19:18:31,1.08388123293929,7.13173764584063,1315053.59708076,-1081.57477011924
2026-07-04 19:18:32,1.37305382250291,7.08896280287701,1318311.38175213,-1091.73702575094
2026-07-04 19:18:33,1.66075605575297,7.04589085711952,1321599.51697458,-1101.82178320062
2026-07-04 19:18:34,1.94698534100267,7.00252837336155,1324917.76900107,-1111.82907800767
2026-07-04 19:18:35,2.23174134037863,6.95888180676449,1328265.90808347,-1121.75904521482
2026-07-04 19:18:36,2.51502204644862,6.91495760325836,1331643.70101343,-1131.61175292924
2026-07-04 19:18:37,2.79682648949718,6.8707621191976,1335050.91702965,-1141.38731637269
2026-07-04 19:18:38,3.07715384713183,6.82630166642523,1338487.32435185,-1151.0858613617
2026-07-04 19:18:39,3.35600370524841,6.78158247507021,1341952.69299506,-1160.70753349732
2026-07-04 19:18:40,3.63337579957201,6.73661072838714,1345446.79203543,-1170.252488771
2026-07-04 19:18:41,3.90927021344305,6.69139253039222,1348969.39207511,-1179.72090025982
2026-07-04 19:18:42,4.18368676915348,6.64593392850793,1352520.26354731,-1189.11293249944
2026-07-04 19:18:43,4.45662705304245,6.6002408848499,1356099.17853018,-1198.42882916344
2026-07-04 19:18:44,4.72809137800261,6.55431930962459,1359705.90870027,-1207.6687807583
2026-07-04 19:18:45,4.99808084709693,6.50817503327336,1363340.22709812,-1216.83301402216
2026-07-04 19:18:46,5.26659670031873,6.46181383043011,1367001.90632744,-1225.92176440422
2026-07-04 19:18:47,5.53364048027348,6.41524139522168,1370690.72047589,-1234.93528180699
2026-07-04 19:18:48,5.79921405431161,6.36846333184691,1374406.44586931,-1243.87383089992
2026-07-04 19:18:49,6.06331871961247,6.32148523633333,1378148.85470218,-1252.73765625068
2026-07-04 19:18:50,6.32595782968309,6.27431253509339,1381917.72732233,-1261.52708905135
2026-07-04 19:18:51,6.58713326243736,6.2269506500649,1385712.83991824,-1270.24240020445
2026-07-04 19:18:52,6.84684758005786,6.17940492302849,1389533.96998725,-1278.88389152646
2026-07-04 19:18:53,7.10510358286082,6.13168061355377,1393380.89665682,-1287.45187570726
2026-07-04 19:18:54,7.36190438486661,6.08378288756071,1397253.4016231,-1295.94667887092
2026-07-04 19:18:55,7.61725303228193,6.03571688128141,1401151.26400687,-1304.3686274072
2026-07-04 19:18:56,7.87115297926854,5.98748761782531,1405074.26710017,-1312.71806393072
2026-07-04 19:18:57,8.123607211029,5.93910009438318,1409022.19149553,-1320.99531340229
2026-07-04 19:18:58,8.37462045526682,5.89055915499007,1412994.824772,-1329.20077397478
2026-07-04 19:18:59,8.6241961734735,5.84186962317815,1416991.95175571,-1337.33479065168
2026-07-04 19:19:00,8.87233832352681,5.79303625626844,1421013.35756993,-1345.39773110683
2026-07-04 19:19:01,9.11905116195564,5.7440637125334,1425058.83053131,-1353.38997471383
2026-07-04 19:19:02,9.3643389879408,5.69495659672382,1429128.15844701,-1361.31190382175
2026-07-04 19:19:03,9.60820634578522,5.6457194206058,1433221.13190677,-1369.16391025553
2026-07-04 19:19:04,9.85065728577341,5.59635668070259,1437337.53805802,-1376.94636689278
2026-07-04 19:19:05,10.0916977141266,5.54687266644865,1441477.17582838,-1384.65972109518
2026-07-04 19:19:06,10.3313319502292,5.49727172808572,1445639.83484682,-1392.30435676562
2026-07-04 19:19:07,10.569565097352,5.44755808155652,1449825.31095674,-1399.88068848295
2026-07-04 19:19:08,10.8064021868125,5.3977359109568,1454033.3978801,-1407.38912939936
2026-07-04 19:19:09,11.0418486217401,5.34780927813591,1458263.89487431,-1414.83010539646
2026-07-04 19:19:10,11.2759097100546,5.29778221511163,1462516.598999,-1422.20403981104
2026-07-04 19:19:11,11.5085905031592,5.24765869538785,1466791.3077755,-1429.51134419024
2026-07-04 19:19:12,11.7398975539831,5.19744252952355,1471087.82726851,-1436.75249100948
2026-07-04 19:19:13,11.969836111366,5.14713755119243,1475405.95763541,-1443.92789864856
2026-07-04 19:19:14,12.1984119536895,5.0967475025653,1479745.50203271,-1451.03800684409
2026-07-04 19:19:15,12.4256309233406,5.04627606299168,1484106.26445262,-1458.08325739207
2026-07-04 19:19:16,12.6514991014587,4.99572681258516,1488488.05292549,-1465.06409963173
2026-07-04 19:19:17,12.8760224776485,4.94510330091877,1492890.67365569,-1471.98097981249
2026-07-04 19:19:18,13.0992072507429,4.89440898439349,1497313.93648759,-1478.83435060347
2026-07-04 19:19:19,13.3210591171454,4.84364731722029,1501757.64729531,-1485.6246445331
2026-07-04 19:19:20,13.5415853838511,4.79282153984089,1506221.62554273,-1492.35235634078
2026-07-04 19:19:21,13.7607918933816,4.74193497548931,1510705.67990945,-1499.01792219957
2026-07-04 19:19:22,13.9786851019464,4.69099082609221,1515209.62520555,-1505.62180094533
2026-07-04 19:19:23,14.1952715123329,4.63999223478711,1519733.27721309,-1512.16445225515
2026-07-04 19:19:24,14.4105577006833,4.58894227769157,1524276.45348662,-1518.64633724921
2026-07-04 19:19:25,14.6245502410874,4.53784398371973,1528838.97164588,-1525.0679162691
2026-07-04 19:19:26,14.8372553824657,4.48670034657041,1533420.64862304,-1531.42963476846
2026-07-04 19:19:27,15.0486807487802,4.43551417660116,1538021.31293509,-1537.73199140035
2026-07-04 19:19:28,15.2588326028695,4.38428836683521,1542640.78253677,-1543.97543010564
2026-07-04 19:19:29,15.4677178389681,4.33302567519294,1547278.88333037,-1550.16041696078
2026-07-04 19:19:30,15.6753432446123,4.28172883724107,1551935.43936577,-1556.2874137381
2026-07-04 19:19:31,15.8817157544717,4.23040050497428,1556610.27843611,-1562.35688542269
2026-07-04 19:19:32,16.0868422722237,4.17904328944874,1561303.22828936,-1568.36929479636
2026-07-04 19:19:33,16.2907297402251,4.12765974514895,1566014.11810262,-1574.32510453206
2026-07-04 19:19:34,16.4933847006915,4.07625241685753,1570742.77453499,-1580.2247599894
2026-07-04 19:19:35,16.6948151480865,4.02482362406993,1575489.04047409,-1586.06876028664
2026-07-04 19:19:36,16.8950275569021,3.97337583344229,1580252.74258648,-1591.85754591611
2026-07-04 19:19:37,17.0940290972995,3.92191135215654,1585033.71843818,-1597.59158044073
2026-07-04 19:19:38,17.2918268148506,3.87043247170671,1589831.80360113,-1603.27132220925
2026-07-04 19:19:39,17.4884277940117,3.81894142703761,1594646.83548964,-1608.89722910014
2026-07-04 19:19:40,17.6838391612328,3.76744039660753,1599478.65342705,-1614.46975861451
2026-07-04 19:19:41,17.8780677013551,3.7159315416323,1604327.09533895,-1619.98935261805
2026-07-04 19:19:42,18.0711213429806,3.66441685762167,1609192.01057815,-1625.45649638739
2026-07-04 19:19:43,18.2630067948114,3.61289843351821,1614073.23742637,-1630.87162610528
2026-07-04 19:19:44,18.4537313215742,3.56137822710335,1618970.62309559,-1636.23519620487
2026-07-04 19:19:45,18.6433019985063,3.50985820125296,1623884.01122159,-1641.54765390448
2026-07-04 19:19:46,18.8317260376214,3.45834023687986,1628813.25019087,-1646.80944840471
2026-07-04 19:19:47,19.0190106222673,3.40682617888253,1633758.1888388,-1652.02102627669
2026-07-04 19:19:48,19.2051629477886,3.35531782331018,1638718.67775026,-1657.1828324301
2026-07-04 19:19:49,19.3901897413395,3.30381699334577,1643694.56229873,-1662.29529274677
2026-07-04 19:19:50,19.5740990453289,3.25232528102395,1648685.70637108,-1667.35888002457
2026-07-04 19:19:51,19.7568975756589,3.20084442394795,1653691.95799406,-1672.37401579934
2026-07-04 19:19:52,19.9385925201324,3.14937604611259,1658713.17311898,-1677.34113690202
2026-07-04 19:19:53,20.1191910329403,3.09792173675503,1663749.20840538,-1682.26067711953
2026-07-04 19:19:54,20.2987002827504,3.04648303894862,1668799.92238572,-1687.13306862526
2026-07-04 19:19:55,20.4771273701808,2.99506147218685,1673865.17331688,-1691.95873962455
2026-07-04 19:19:56,20.6544790644306,2.94365855359249,1678944.81744813,-1696.73810327142
2026-07-04 19:19:57,20.8307632693762,2.89227560055776,1684038.72728274,-1701.47161340078
2026-07-04 19:19:58,21.0059866188721,2.84091408509374,1689146.75860683,-1706.15967523696
2026-07-04 19:19:59,21.1801562658889,2.78957534459488,1694268.77781176,-1710.80270992492
2026-07-04 19:20:00,21.353279281034,2.7382607001305,1699404.65057924,-1715.40113429359
2026-07-04 19:20:01,21.5253626757014,2.68697144862324,1704554.24270572,-1719.95536136236
2026-07-04 19:20:02,21.6964135025609,2.63570883561345,1709717.42287728,-1724.46580316221
2026-07-04 19:20:03,21.8664384254119,2.58447412760708,1714894.05579163,-1728.93285523987
2026-07-04 19:20:04,22.0354451066391,2.53326841613407,1720084.020629,-1733.35694923543
2026-07-04 19:20:05,22.203440209485,2.48209288925626,1725287.18574885,-1737.73847635835
2026-07-04 19:20:06,22.3704306743391,2.43094866633636,1730503.42405906,-1742.077836807
2026-07-04 19:20:07,22.5364233914565,2.37983684426661,1735732.60871877,-1746.37542734233
2026-07-04 19:20:08,22.7014252741963,2.32875847402915,1740974.61559605,-1750.63164309092
2026-07-04 19:20:09,22.8654432325418,2.2777145701239,1746229.32236499,-1754.84687693153
2026-07-04 19:20:10,23.028484021522,2.22670615526972,1751496.60396532,-1759.02151538805
2026-07-04 19:20:11,23.1905541883812,2.17573423007424,1756776.33606656,-1763.15593374643
2026-07-04 19:20:12,23.3516612181992,2.12479962082991,1762068.40954377,-1767.25054073668
2026-07-04 19:20:13,23.5118114725251,2.07390330922693,1767372.6984841,-1771.30570226501
2026-07-04 19:20:14,23.6710117731666,2.02304615086271,1772689.08797067,-1775.32179786488
2026-07-04 19:20:15,23.829268740156,1.97222902733121,1778017.45869997,-1779.29919960955
2026-07-04 19:20:16,23.9865890984841,1.92145275185576,1783357.69686529,-1783.23828009604
2026-07-04 19:20:17,24.1429794426475,1.87071814311901,1788709.6864849,-1787.1394063764
2026-07-04 19:20:18,24.298446100221,1.82002602085393,1794073.31022468,-1791.00293282212
2026-07-04 19:20:19,24.4529963079433,1.76937702783167,1799448.46685811,-1794.82924591219
2026-07-04 19:20:20,24.6066362929119,1.71877194512186,1804835.04015135,-1798.61869303455
2026-07-04 19:20:21,24.7593725356932,1.66821148848316,1810232.91895432,-1802.37162959179
2026-07-04 19:20:22,24.9112115717371,1.61769632299808,1815641.99609178,-1806.08841027921
2026-07-04 19:20:23,25.0621597523339,1.56722713892057,1821062.16032086,-1809.76938293792
2026-07-04 19:20:24,25.2122236037556,1.51680453636306,1826493.30870797,-1813.41489765259
2026-07-04 19:20:25,25.361409456699,1.46642914587364,1831935.33375883,-1817.02529744868
2026-07-04 19:20:26,25.5097233123949,1.41610162884827,1837388.12368842,-1820.60091152237
2026-07-04 19:20:27,25.6571721786311,1.36582242025569,1842851.58888843,-1824.14210265217
2026-07-04 19:20:28,25.8037619766873,1.31559214141662,1848325.61949288,-1827.64919368306
2026-07-04 19:20:29,25.9494989199116,1.26541133365724,1853810.11273239,-1831.12251632312
2026-07-04 19:20:30,26.0943892560359,1.21528049417649,1859304.96951627,-1834.56240094519
2026-07-04 19:20:31,26.2384391670831,1.16520011102773,1864810.0906555,-1837.96917423221
2026-07-04 19:20:32,26.3816547062172,1.11517068481841,1870325.37449744,-1841.34315763983
2026-07-04 19:20:33,26.5240417422011,1.06519270477629,1875850.71992015,-1844.68466261755
2026-07-04 19:20:34,26.6656068966786,1.01526650592271,1881386.04072362,-1847.99402735742
2026-07-04 19:20:35,26.8063558803061,0.965392569143029,1886931.23473678,-1851.27155526415
2026-07-04 19:20:36,26.9462947246941,0.915571281860162,1892486.20878653,-1854.51755911435
2026-07-04 19:20:37,27.0854293438404,0.865803041704453,1898050.86764815,-1857.73234677366
2026-07-04 19:20:38,27.2237656166751,0.816088229589528,1903625.11704611,-1860.916223287
2026-07-04 19:20:39,27.3613094863103,0.766427174640408,1909208.86763209,-1864.06949320746
2026-07-04 19:20:40,27.4980664045106,0.716820307426614,1914802.01817841,-1867.19244400072
2026-07-04 19:20:41,27.6340427993199,0.667267815104021,1920404.49289951,-1870.2853947192
2026-07-04 19:20:42,27.7692441754534,0.617770051858909,1926016.19757744,-1873.3486300987
2026-07-04 19:20:43,27.9036761772129,0.568327338412751,1931637.04059639,-1876.38243973982
2026-07-04 19:20:44,28.0373445332306,0.518939938672796,1937266.93602418,-1879.38711336535
2026-07-04 19:20:45,28.1702548541084,0.469608130170788,1942905.79568065,-1882.36293592382
2026-07-04 19:20:46,28.3024127752189,0.420332155091272,1948553.53471559,-1885.31019109801
2026-07-04 19:20:47,28.4338238338522,0.371112263653089,1954210.06670038,-1888.22915836364
2026-07-04 19:20:48,28.5644932808878,0.321948743681606,1959875.30058853,-1891.1201053576
2026-07-04 19:20:49,28.6944271954513,0.272841676510892,1965549.16734121,-1893.98332711952
2026-07-04 19:20:50,28.8236307588474,0.223791321076989,1971231.57805815,-1896.81908586586
2026-07-04 19:20:51,28.9521093216578,0.174797891662567,1976922.44798269,-1899.62764943017
2026-07-04 19:20:52,29.0798683265072,0.125861541600521,1982621.69887273,-1902.40928582311
2026-07-04 19:20:53,29.2069130714001,0.0769824528537976,1988329.24863526,-1905.16425799815
2026-07-04 19:20:54,29.3332488688341,0.0281607764208779,1994045.01826866,-1907.89282741377
2026-07-04 20:49:39,325.868487963991,0.00553995602677072,1979374.96386537,975.617037552586
2026-07-04 20:49:40,326.063727007343,0.034451736924441,1976460.32461587,968.842474741397
2026-07-04 20:49:41,326.259530413818,0.0632251065199728,1973566.0484178,962.037244518436
2026-07-04 20:49:42,326.455897276663,0.0918586887976231,1970692.21091113,955.201360455261
2026-07-04 20:49:43,326.652825851993,0.120350877938931,1967838.91257099,948.334881829652
2026-07-04 20:49:44,326.850314681587,0.148700149349893,1965006.24422979,941.437854538257
2026-07-04 20:49:45,327.048362089715,0.176904950007169,1962194.29890366,934.51033367203
2026-07-04 20:49:46,327.246966528522,0.204963749663991,1959403.16665647,927.552371269425
2026-07-04 20:49:47,327.44612630504,0.232874999793263,1956632.93875943,920.564026180009
2026-07-04 20:49:48,327.64583963241,0.260637143110841,1953883.70670687,913.545362071298
2026-07-04 20:49:49,327.846104439058,0.288248551434754,1951155.56919064,906.496459497232
2026-07-04 20:49:50,328.046919460807,0.315707818483635,1948448.59993807,899.417356667862
2026-07-04 20:49:51,328.248282387527,0.343013291321839,1945762.89889973,892.308145823297
2026-07-04 20:49:52,328.450191312598,0.370163413209423,1943098.55511669,885.168901460709
2026-07-04 20:49:53,328.652644189708,0.397156613324711,1940455.65844618,877.99970467583
2026-07-04 20:49:54,328.855638884981,0.423991313453624,1937834.29893064,870.800641490217
2026-07-04 20:49:55,329.059173187306,0.45066593114653,1935234.56646623,863.571802306422
2026-07-04 20:49:56,329.263244677081,0.47717882865331,1932656.55659677,856.313291880202
2026-07-04 20:49:57,329.467851554195,0.503528555781491,1930100.34370211,849.02517913205
2026-07-04 20:49:58,329.672991151724,0.52971345367858,1927566.02438139,841.707581154148
2026-07-04 20:49:59,329.878661132266,0.555731946770502,1925053.68583401,834.360599880579
2026-07-04 20:50:00,330.08485895106,0.581582439402726,1922563.41673281,826.984346462935
2026-07-04 20:50:01,330.291582100564,0.607263347105744,1920095.30421873,819.578932573675
2026-07-04 20:50:02,330.498827930073,0.632773074787439,1917649.43600486,812.144476785839
2026-07-04 20:50:03,330.706593506889,0.658109967390015,1915225.90592222,804.681114942447
2026-07-04 20:50:04,330.914876626041,0.683272564174048,1912824.78636714,797.188942812352
2026-07-04 20:50:05,331.12367427696,0.708259215791108,1910446.16981627,789.668102587687
2026-07-04 20:50:06,331.332983521216,0.733068321344224,1908090.14294549,782.118730783378
2026-07-04 20:50:07,331.542801476222,0.757698296555644,1905756.79044096,774.540963500863
2026-07-04 20:50:08,331.753125098643,0.782147545284925,1903446.19780014,766.934944750751
2026-07-04 20:50:09,331.963951392184,0.806414486271643,1901158.44876297,759.300818619963
2026-07-04 20:50:10,332.175277123656,0.830497519497242,1898893.62853315,751.638739745756
2026-07-04 20:50:11,332.387098874523,0.854395002313632,1896651.82682022,743.94887675994
2026-07-04 20:50:12,332.599414030624,0.878105486568886,1894433.11234306,736.231354928786
2026-07-04 20:50:13,332.812218851177,0.901627311598805,1892237.57597941,728.486358469551
2026-07-04 20:50:14,333.025510056014,0.924958910734053,1890065.29870838,720.714051391866
2026-07-04 20:50:15,333.239284148966,0.948098703431867,1887916.36258246,712.914607548086
2026-07-04 20:50:16,333.453537586544,0.971045114381468,1885790.84896031,705.08820452277
2026-07-04 20:50:17,333.668266785986,0.993796575365863,1883688.83833452,697.23502320576
2026-07-04 20:50:18,333.883467861533,1.01635146682712,1881610.41658776,689.355263013333
2026-07-04 20:50:19,334.099137605159,1.03870834230955,1879555.65100417,681.449084289221
2026-07-04 20:50:20,334.315272048648,1.06086559617654,1877524.62589306,673.516693303913
2026-07-04 20:50:21,334.531867230845,1.08282166564083,1875517.42067096,665.558292821392
2026-07-04 20:50:22,334.748919287777,1.10457501118963,1873534.11248622,657.574083815126
2026-07-04 20:50:23,334.96642423643,1.12612409262088,1871574.77849417,649.564273782635
2026-07-04 20:50:24,335.18437805924,1.14746737970872,1869639.49485261,641.529073316621
2026-07-04 20:50:25,335.402776597674,1.16860334037597,1867728.33786418,633.468700356172
2026-07-04 20:50:26,335.621615398216,1.18953040000939,1865841.38843329,625.383390980153
2026-07-04 20:50:27,335.840890855417,1.21024716429304,1863978.70869793,617.273335649748
2026-07-04 20:50:28,336.060598313232,1.23075206516637,1862140.37900077,609.138781991182
2026-07-04 20:50:29,336.280733431316,1.25104360874554,1860326.47215494,600.979962345879
2026-07-04 20:50:30,336.501291774191,1.27112030579249,1858537.06062401,592.797114687389
2026-07-04 20:50:31,336.722268892919,1.29098068084977,1856772.21568721,584.59047933702
2026-07-04 20:50:32,336.943660113812,1.31062325257233,1855032.00923956,576.36030702434
2026-07-04 20:50:33,337.165460590178,1.33004651301103,1853316.51643819,568.106862269471
2026-07-04 20:50:34,337.38766626586,1.3492491212758,1851625.79525511,559.830365615458
2026-07-04 20:50:35,337.610272010976,1.36822957475778,1849959.9206455,551.53109602846
2026-07-04 20:50:36,337.833273082244,1.38698644869473,1848318.95998187,543.209314474047
2026-07-04 20:50:37,338.05666463253,1.40551832569528,1846702.98015621,534.865287660582
2026-07-04 20:50:38,338.280441610445,1.42382378730741,1845112.04835453,526.499291971495
2026-07-04 20:50:39,338.504599139829,1.44190144732767,1843546.22912226,518.111598912819
2026-07-04 20:50:40,338.729131769614,1.45974986304457,1842005.59300027,509.702509157319
2026-07-04 20:50:41,338.954035029624,1.47736776710455,1840490.19300016,501.272271720382
2026-07-04 20:50:42,339.179303517768,1.49475375578913,1839000.09676821,492.821188956535
2026-07-04 20:50:43,339.404931881363,1.51190647363497,1837535.36720044,484.349557851175
2026-07-04 20:50:44,339.630914876272,1.5288245925072,1836096.06510848,475.857672978946
2026-07-04 20:50:45,339.857247173319,1.54550679570252,1834682.25064261,467.345833981885
2026-07-04 20:50:46,340.083923344004,1.56195177798209,1833293.9832847,458.814345972673
2026-07-04 20:50:47,340.310937847997,1.57815824434286,1831931.32199767,450.263520196578
2026-07-04 20:50:48,340.538284980014,1.59412488387321,1830594.32824649,441.693681193855
2026-07-04 20:50:49,340.765959727189,1.60985052742113,1829283.04935477,433.105112570604
2026-07-04 20:50:50,340.993956151477,1.62533388531641,1827997.54577774,424.498151225494
2026-07-04 20:50:51,341.222268593121,1.64057373293597,1826737.87201147,415.873119616012
2026-07-04 20:50:52,341.450891287778,1.65556885835476,1825504.08191053,407.230345908067
2026-07-04 20:50:53,341.679818375769,1.67031806417046,1824296.22852682,398.570163469203
2026-07-04 20:50:54,341.909044176884,1.6848201852627,1823114.36267936,389.892900448906
2026-07-04 20:50:55,342.138562292684,1.69907400774024,1821958.54051458,381.1989195993
2026-07-04 20:50:56,342.36836759778,1.71307849076507,1820828.80178408,372.48851983888
2026-07-04 20:50:57,342.59845364204,1.72683245956901,1819725.20035693,363.762068961858
2026-07-04 20:50:58,342.828814426148,1.7403348133894,1818647.78364079,355.019913520746
2026-07-04 20:50:59,343.059443888427,1.75358446992539,1817596.59801833,346.262403797034
2026-07-04 20:51:00,343.290335817551,1.76658035963168,1816571.6893599,337.48989738702
2026-07-04 20:51:01,343.521484125738,1.77932144271679,1815573.10164604,328.702748499658
2026-07-04 20:51:02,343.752882535524,1.79180669076495,1814600.87847329,319.90132005906
2026-07-04 20:51:03,343.984524383761,1.80403505565707,1813655.0663874,311.085996702329
2026-07-04 20:51:04,344.216404114675,1.81600563839449,1812735.69799907,302.257105136523
2026-07-04 20:51:05,344.448515022576,1.82771743363878,1811842.81758042,293.41503433307
2026-07-04 20:51:06,344.680850641119,1.83916949564329,1810976.46432247,284.560159653799
2026-07-04 20:51:07,344.91340464937,1.85036090928676,1810136.67560252,275.692852165511
2026-07-04 20:51:08,345.146170448286,1.86129076915346,1809323.48859576,266.813494865725
2026-07-04 20:51:09,345.379141568483,1.87195820035126,1808536.93868715,257.922466909248
2026-07-04 20:51:10,345.612311108784,1.88236231143785,1807777.0639693,249.020170792656
2026-07-04 20:51:11,345.845673178283,1.8925023441388,1807043.89025883,240.106954402656
2026-07-04 20:51:12,346.079220799554,1.90237745130286,1806337.45345372,231.183225424757
2026-07-04 20:51:13,346.312947344004,1.91198684815713,1805657.78436331,222.249373387983
2026-07-04 20:51:14,346.546846094764,1.92132977045318,1805004.91285078,213.305792340357
2026-07-04 20:51:15,346.780910281214,1.93040547690033,1804378.8676355,204.352879335742
2026-07-04 20:51:16,347.015133272478,1.9392132569426,1803779.67575789,195.391026910507
2026-07-04 20:51:17,347.249508141391,1.94775241339253,1803207.36382629,186.420639985768
2026-07-04 20:51:18,347.484027820116,1.95602225062122,1802661.95981274,177.442135357083
2026-07-04 20:51:19,347.718686160303,1.96402219049412,1802143.48102125,168.455878160909
2026-07-04 20:51:20,347.953475965468,1.97175158269956,1801651.95331647,159.462291800835
2026-07-04 20:51:21,348.188390307427,1.97920983313745,1801187.3981252,150.461784256232
2026-07-04 20:51:22,348.423422320863,1.98639637518795,1800749.83552833,141.454761908515
2026-07-04 20:51:23,348.658565005157,1.99331066424005,1800339.28456963,132.4416369184
2026-07-04 20:51:24,348.89381150572,1.99995218620126,1799955.76275405,123.422816421717
2026-07-04 20:51:25,349.129154395053,2.00632041834936,1799599.28955588,114.398735983839
2026-07-04 20:51:26,349.364587501937,2.01241495519814,1799269.87428601,105.369766007429
2026-07-04 20:51:27,349.600103409206,2.01823532635269,1798967.53393562,96.3363427011085
2026-07-04 20:51:28,349.835695077166,2.02378111794713,1798692.28123246,87.2988822897663
2026-07-04 20:51:29,350.071355517931,2.02905194361874,1798444.12761014,78.257799477662
2026-07-04 20:51:30,350.307077635082,2.03404744105566,1798223.08336788,69.2135135126969
2026-07-04 20:51:31,350.542854394074,2.03876727617054,1798029.15745722,60.1664415371782
2026-07-04 20:51:32,350.778678363253,2.04321111657693,1797862.36003062,51.1170220257223
2026-07-04 20:51:33,351.014543214587,2.04737873032319,1797722.69263193,42.0656338623294
2026-07-04 20:51:34,351.25044142264,2.05126983612247,1797610.16304041,33.0127196304209
2026-07-04 20:51:35,351.486365998834,2.05488420806603,1797524.77511169,23.9586953924504
2026-07-04 20:51:36,351.722309770782,2.05822164354603,1797466.53160242,14.9039845713987
2026-07-04 20:51:37,351.958265662647,2.06128196872679,1797435.4339329,5.84900684387117
2026-07-04 20:51:38,352.194226597405,2.06406503667116,1797431.48226768,-3.2058180804255
2026-07-04 20:51:39,352.43018544389,2.06657072650908,1797454.67554737,-12.2600683590305
2026-07-04 20:51:40,352.666134664969,2.06879892493392,1797505.01334546,-21.3133009165866
2026-07-04 20:51:41,352.902068030557,2.07074960656632,1797582.48812465,-30.365140415092
2026-07-04 20:51:42,353.137978009749,2.07242271153831,1797687.09700162,-39.4151443332527
2026-07-04 20:51:43,353.373857483275,2.0738182274499,1797818.83384469,-48.4628919164343
2026-07-04 20:51:44,353.609699408969,2.07493616938416,1797977.69130073,-57.5079656377297
2026-07-04 20:51:45,353.845496660254,2.07577657905773,1798163.66069081,-66.5499450746081
2026-07-04 20:51:46,354.081242212637,2.07633952553522,1798376.73215322,-75.5884140587577
2026-07-04 20:51:47,354.316928564859,2.07662508917287,1798616.89601205,-84.6229326648246
2026-07-04 20:51:48,354.552549469009,2.07663342394051,1798884.13681148,-93.6531269758782
2026-07-04 20:51:49,354.788097494203,2.07636466341846,1799178.44248336,-102.678560667539
2026-07-04 20:51:50,355.023565644788,2.07581898408597,1799499.79815054,-111.69882057369
2026-07-04 20:51:51,355.258946855918,2.0749965888097,1799848.18764585,-120.713491233422
2026-07-04 20:51:52,355.494234185473,2.07389770722899,1800223.59365556,-129.722162676329
2026-07-04 20:51:53,355.729420606795,2.07252259560952,1800625.99751528,-138.724422216601
2026-07-04 20:51:54,355.964499210886,2.07087153629219,1801055.37947104,-147.719862432289
2026-07-04 20:51:55,356.199462596579,2.06894482837978,1801511.71935313,-156.708051898673
2026-07-04 20:51:56,356.434304723299,2.06674282723986,1801994.99298618,-165.68862956759
2026-07-04 20:51:57,356.66901828805,2.06426588331444,1802505.17790521,-174.661169448738
2026-07-04 20:51:58,356.903596318033,2.06151438444467,1803042.24922099,-183.625264663375
2026-07-04 20:51:59,357.13803209348,2.05848874223721,1803606.18127481,-192.580519150423
2026-07-04 20:52:00,357.372318721676,2.05518939582469,1804196.94680712,-201.526530984646
2026-07-04 20:52:01,357.606449460242,2.05161680838116,1804814.51763545,-210.462905035916
2026-07-04 20:52:02,357.840417084076,2.04777146423362,1805458.8646651,-219.389222861743
2026-07-04 20:52:03,358.074215759709,2.04365388783761,1806129.95634388,-228.30513771701
2026-07-04 20:52:04,358.30783827972,2.03926461382464,1806827.7611376,-237.210233996151
2026-07-04 20:52:05,358.541278044418,2.03460420465494,1807552.24624619,-246.104126207186
2026-07-04 20:52:06,358.774528341877,2.02967324994192,1808303.37728867,-254.986425643256
2026-07-04 20:52:07,359.007582673963,2.02447236033285,1809081.11923667,-263.856753170486
2026-07-04 20:52:08,359.240434396641,2.01900217385357,1809885.43540466,-272.714725039091
2026-07-04 20:52:09,359.473076643566,2.01326334844938,1810716.28848885,-281.559944691991
2026-07-04 20:52:10,359.705503651161,2.00725657270849,1811573.63925354,-290.392076117691
2026-07-04 20:52:11,359.937708623875,2.0009825507754,1812457.44822002,-299.21072796311
2026-07-04 20:52:12,0.16968510686043,1.99444201438498,1813367.67424853,-308.015529076451
2026-07-04 20:52:13,0.401426743416953,1.98763571627217,1814304.27535805,-316.806113233854
2026-07-04 20:52:14,0.632927234732598,1.98056443163557,1815267.20848555,-325.582118059465
2026-07-04 20:52:15,0.864180239766622,1.97322896017314,1816256.42918868,-334.343180783607
2026-07-04 20:52:16,1.09517959001064,1.96563011993589,1817271.89244601,-343.088946846955
2026-07-04 20:52:17,1.32591857905767,1.9577687604213,1818313.55100004,-351.81903685657
2026-07-04 20:52:18,1.55639192044493,1.94964573568339,1819381.35845287,-360.533144200034
2026-07-04 20:52:19,1.7865931270266,1.94126193327631,1820475.26603244,-369.230901037518
2026-07-04 20:52:20,2.01651608315047,1.93261826067126,1821595.22397509,-377.911960725752
2026-07-04 20:52:21,2.24615480925333,1.92371564322438,1822741.18183793,-386.575983655763
2026-07-04 20:52:22,2.47550338588977,1.91455502570239,1823913.08827517,-395.222633936687
2026-07-04 20:52:23,2.70455578543989,1.90513737930297,1825110.89011138,-403.851573285542
2026-07-04 20:52:24,2.93330585767039,1.89546369432321,1826334.53346303,-412.462454781706
2026-07-04 20:52:25,3.16174855870442,1.88553496131836,1827583.96526514,-421.054992128739
2026-07-04 20:52:26,3.38987770660333,1.8753522139587,1828859.12902259,-429.628840644944
2026-07-04 20:52:27,3.61768766019697,1.86491649258657,1830159.9686067,-438.183683385004
2026-07-04 20:52:28,3.84517268134466,1.85422886296593,1831486.42605204,-446.719201648675
2026-07-04 20:52:29,4.07232722110538,1.84329040270344,1832838.44322577,-455.235085598858
2026-07-04 20:52:30,4.29914573629473,1.83210220926761,1834215.96079805,-463.731027353883
2026-07-04 20:52:31,4.52562277057878,1.82066539607659,1835618.91868811,-472.206724230587
2026-07-04 20:52:32,4.75175246560274,1.8089811098778,1837047.25419481,-480.661854427203
2026-07-04 20:52:33,4.97753026083593,1.79705047204136,1838500.90804459,-489.096163970577
2026-07-04 20:52:34,5.20295041562494,1.78487466169311,1839979.81582114,-497.509339215905
2026-07-04 20:52:35,5.42800772049963,1.77245485705172,1841483.91403323,-505.901094065916
2026-07-04 20:52:36,5.65269691525786,1.75979225801011,1843013.13759444,-514.271142468496
2026-07-04 20:52:37,5.87701295214747,1.74688807104184,1844567.42162334,-522.619208137864
2026-07-04 20:52:38,6.10095068937999,1.73374352626407,1846146.69934654,-530.94501324932
2026-07-04 20:52:39,6.32450477846177,1.72035987862283,1847750.90225632,-539.248268461881
2026-07-04 20:52:40,6.54767097264383,1.70673835312839,1849379.96538665,-547.528744549149
2026-07-04 20:52:41,6.77044407107805,1.69288023044052,1851033.81888201,-555.78616158723
2026-07-04 20:52:42,6.99281912440748,1.67878680007735,1852712.39236203,-564.020256578883
2026-07-04 20:52:43,7.21479146084058,1.66445935138515,1854415.61624335,-572.230779020913
2026-07-04 20:52:44,7.4363563911191,1.64989919105364,1856143.41964223,-580.417479528599
2026-07-04 20:52:45,7.65750915917745,1.63510764681922,1857895.72989775,-588.580108278882
2026-07-04 20:52:46,7.87824529699212,1.62008604353584,1859672.47537611,-596.718428137796
2026-07-04 20:52:47,8.09855987449716,1.60483574907387,1861473.58035995,-604.832181226365
2026-07-04 20:52:48,8.31844912953446,1.58935808036821,1863298.97474507,-612.921171678299
2026-07-04 20:52:49,8.53790836964529,1.57365441930911,1865148.58236801,-620.985154355265
2026-07-04 20:52:50,8.75693329727528,1.55772614040968,1867022.32815409,-629.02390643126
2026-07-04 20:52:51,8.97551953388046,1.54157463886186,1868920.13513966,-637.037203892097
2026-07-04 20:52:52,9.19366301971946,1.52520130113308,1870841.92787072,-645.024836641694
2026-07-04 20:52:53,9.41135951333426,1.50860754133211,1872787.62812064,-652.98658982159
2026-07-04 20:52:54,9.62860460328776,1.4917947979164,1874757.15561833,-660.922238711723
2026-07-04 20:52:55,9.84539508865911,1.47476443987318,1876750.43752867,-668.831621935147
2026-07-04 20:52:56,10.0617266227713,1.45751792701892,1878767.39185499,-676.714521123068
2026-07-04 20:52:57,10.2775953121764,1.44005670119051,1880807.93869305,-684.57074215512
2026-07-04 20:52:58,10.4929973992069,1.42238220619774,1882871.99821985,-692.400097941222
2026-07-04 20:52:59,10.7079291204941,1.40449589881589,1884959.48939382,-700.202403070565
2026-07-04 20:53:00,10.922386738945,1.38639924622125,1887070.33021766,-707.977475135811
2026-07-04 20:53:01,11.1363664416191,1.36809373231271,1889204.43735817,-715.725125411347
2026-07-04 20:53:02,11.3498652702355,1.34958078644203,1891361.73290602,-723.445214822722
2026-07-04 20:53:03,11.5628794579661,1.33086191113024,1893542.13173321,-731.137560257819
2026-07-04 20:53:04,11.7754055478053,1.31193859636012,1895745.54995341,-738.801997296404
2026-07-04 20:53:05,11.9874402406914,1.29281232917784,1897971.90413764,-746.438369294606
2026-07-04 20:53:06,12.198980210882,1.27348460970542,1900221.1094396,-754.046520479996
2026-07-04 20:53:07,12.4100222690756,1.25395693622189,1902493.08129007,-761.62630205373
2026-07-04 20:53:08,12.6205632613681,1.23423081386351,1904787.73437642,-769.177568282795
2026-07-04 20:53:09,12.8305998026784,1.21430777898293,1907104.98015859,-776.700161712063
2026-07-04 20:53:10,13.0401294637119,1.19418928993296,1909444.73798912,-784.193977509414
2026-07-04 20:53:11,13.2491490468725,1.17387688370758,1911806.91922015,-791.658868656325
2026-07-04 20:53:12,13.4576556242584,1.15337208221362,1914191.43650839,-799.09470526963
2026-07-04 20:53:13,13.6656463232793,1.13267641103131,1916598.20201589,-806.501361173815
2026-07-04 20:53:14,13.8731184739533,1.11179138425684,1919027.12912182,-813.878719497414
2026-07-04 20:53:15,14.0800693339971,1.09071853149088,1921478.12929057,-821.226662454541
2026-07-04 20:53:16,14.2864959060704,1.06945941743309,1923951.11015766,-828.545059608936
2026-07-04 20:53:17,14.4923963335138,1.04801549666533,1926445.99077177,-835.833839443947
2026-07-04 20:53:18,14.6977677877256,1.02638833137059,1928962.67869425,-843.092881143981
2026-07-04 20:53:19,14.9026077589774,1.00457945863048,1931501.08379297,-850.322082434611
2026-07-04 20:53:20,15.1069139791178,0.982590396961487,1934061.11784174,-857.521351599771
2026-07-04 20:53:21,15.31068402344,0.960422688558951,1936642.68961859,-864.690592925342
2026-07-04 20:53:22,15.5139156800633,0.938077859384674,1939245.70950369,-871.829720076949
2026-07-04 20:53:23,15.7166067765929,0.915557437360636,1941870.08735296,-878.938649809304
2026-07-04 20:53:24,15.9187548066207,0.892862995861764,1944515.72782032,-886.017283439913
2026-07-04 20:53:25,16.1203583714228,0.869995985401932,1947182.54829832,-893.065579192683
2026-07-04 20:53:26,16.321415208507,0.846957962951978,1949870.45465674,-900.083450320601
2026-07-04 20:53:27,16.5219232877792,0.823750463911946,1952579.35449148,-907.070825320052
2026-07-04 20:53:28,16.7218806987069,0.800375015426299,1955309.15596784,-914.027638500841
2026-07-04 20:53:29,16.921285719401,0.776833127475406,1958059.76883183,-920.953832521667
2026-07-04 20:53:30,17.1201364735415,0.753126333094487,1960831.09972485,-927.849346045841
2026-07-04 20:53:31,17.3184309676443,0.729256187337657,1963623.05266808,-934.714110087422
2026-07-04 20:53:32,17.5161682055261,0.70522412139294,1966435.5444499,-941.548107944505
2026-07-04 20:53:33,17.7133462845177,0.681031687220348,1969268.47851764,-948.351276801547
2026-07-04 20:53:34,17.9099636499992,0.656680396438057,1972121.76211624,-955.123572889975
2026-07-04 20:53:35,18.1060188012134,0.632171757891843,1974995.30230701,-961.864955762096
2026-07-04 20:53:36,18.3015103393762,0.607507271203828,1977889.00669655,-968.575390082534
2026-07-04 20:53:37,18.4964369164158,0.582688432911502,1980802.78271843,-975.254843643399
2026-07-04 20:53:38,18.6907968422875,0.557716790741233,1983736.53166006,-981.903268632513
2026-07-04 20:53:39,18.8845895854741,0.532593734821363,1986690.17146524,-988.52067454702
2026-07-04 20:53:40,19.0778135834135,0.507320801627598,1989663.6035907,-995.107020753656
2026-07-04 20:53:41,19.2704676727104,0.481899475306066,1992656.7346082,-1001.66228713451
2026-07-04 20:53:42,19.4625508210567,0.456331225013589,1995669.47224211,-1008.18645942005
2026-07-04 20:53:43,19.6540618908767,0.430617536173684,1998701.7216823,-1014.67952103399
2026-07-04 20:53:44,19.8449999768232,0.404759865068798,2001753.39090679,-1021.14146474004
2026-07-04 20:53:45,20.0353641450939,0.378759673465495,2004824.38660488,-1027.57228357928
2026-07-04 20:53:46,20.2251531864428,0.352618468131362,2007914.6099099,-1033.97195733786
2026-07-04 20:53:47,20.4143668537868,0.326337609255779,2011023.97732461,-1040.34051540927
2026-07-04 20:53:48,20.603004151586,0.299918576215706,2014152.39187167,-1046.67794727564
2026-07-04 20:53:49,20.7910642381323,0.273362823723923,2017299.75836079,-1052.98425416832
2026-07-04 20:53:50,20.9785465111832,0.246671773760517,2020465.98477245,-1059.2594466025
2026-07-04 20:53:51,21.1654503409402,0.219846852780117,2023650.97784723,-1065.50353532843
2026-07-04 20:53:52,21.3517751261353,0.192889483794988,2026854.64401304,-1071.71653319417
2026-07-04 20:53:53,21.5375199952129,0.165801136336294,2030076.88385654,-1077.89844000199
2026-07-04 20:53:54,21.7226851641204,0.138583102299667,2033317.617055,-1084.0493086846
2026-07-04 20:53:55,21.9072697728519,0.111236849604748,2036576.74291153,-1090.16914150113
2026-07-04 20:53:56,22.0912735295765,0.0837637564276412,2039854.17019567,-1096.25796622542
2026-07-04 20:53:57,22.2746960482995,0.0561652148150095,2043149.80527557,-1102.31580837529
2026-07-04 20:53:58,22.4575370094551,0.0284426065547883,2046463.55496536,-1108.34269675723
2026-07-04 20:53:59,22.6397961943366,0.000597297590916621,2049795.32719074,-1114.33866454921
2026-07-04 22:23:47,337.247952129665,0.0179920425392917,2049008.90065452,1280.0719341736
2026-07-04 22:23:48,337.420869363753,0.0544665807080746,2045179.50833459,1274.63999405374
2026-07-04 22:23:49,337.594420912869,0.0908636721748842,2041366.44811438,1269.17620743717
2026-07-04 22:23:50,337.768607758811,0.127181980391769,2037569.81529806,1263.68047633182
2026-07-04 22:23:51,337.943430837929,0.163420153216445,2033789.70573301,1258.15270463517
2026-07-04 22:23:52,338.118891081816,0.199576831837277,2030026.21488596,1252.59279705222
2026-07-04 22:23:53,338.294988958083,0.235650567484978,2026279.44680608,1247.00067860013
2026-07-04 22:23:54,338.471726005954,0.27164009331351,2022549.48458551,1241.37622598726
2026-07-04 22:23:55,338.649102600888,0.30754393039318,2018836.43323189,1235.71936844564
2026-07-04 22:23:56,338.827119561511,0.343360674736791,2015140.38854775,1230.03001683889
2026-07-04 22:23:57,339.005777620273,0.379088899334249,2011461.44762336,1224.30808538635
2026-07-04 22:23:58,339.185077370877,0.414727144736701,2007799.70980384,1218.5534936384
2026-07-04 22:23:59,339.365019479718,0.450273960879636,2004155.27236445,1212.76615946883
2026-07-04 22:24:00,339.545604552908,0.485727880821437,2000528.23322398,1206.94600347993
2026-07-04 22:24:01,339.726832788191,0.521087365411191,1996918.69688667,1201.0929652483
2026-07-04 22:24:02,339.908705312522,0.556351015883897,1993326.75150727,1195.20694021621
2026-07-04 22:24:03,340.091222349954,0.591517288372771,1989752.49989674,1189.28786870731
2026-07-04 22:24:04,340.274384223947,0.626584642909878,1986196.04304661,1183.33568383006
2026-07-04 22:24:05,340.458191361638,0.661551555220752,1982657.47925686,1177.35031618168
2026-07-04 22:24:06,340.642644053815,0.696416470879994,1979136.90879253,1171.33170170351
2026-07-04 22:24:07,340.827742596278,0.731177832700553,1975634.43111072,1165.27977717973
2026-07-04 22:24:08,341.013486903179,0.765834021843315,1972150.15107343,1159.19449783068
2026-07-04 22:24:09,341.199877821172,0.800383549364245,1968684.15851693,1153.0757742132
2026-07-04 22:24:10,341.386915127405,0.834824763455909,1965236.55946692,1146.92356810149
2026-07-04 22:24:11,341.574598950895,0.869156061231409,1961807.45364372,1140.73782566103
2026-07-04 22:24:12,341.762929308898,0.903375816359801,1958396.94204386,1134.51849789709
2026-07-04 22:24:13,341.951906152683,0.937482387485732,1955005.12608354,1128.26553903643
2026-07-04 22:24:14,342.141529493929,0.971474141356882,1951632.10530944,1121.97890244612
2026-07-04 22:24:15,342.331799161847,1.0053494091489,1948277.98173926,1115.65854865585
2026-07-04 22:24:16,342.52271471214,1.03910648669604,1944942.86010145,1109.30445363766
2026-07-04 22:24:17,342.714276508444,1.07274376518518,1941626.83380967,1102.91655232445
2026-07-04 22:24:18,342.906483984815,1.10625951379817,1938330.00813409,1096.49482706909
2026-07-04 22:24:19,343.099336810557,1.13965202693986,1935052.48452201,1090.03924859052
2026-07-04 22:24:20,343.292834616708,1.17291959070939,1931794.36420488,1083.54979019061
2026-07-04 22:24:21,343.486976902822,1.20606046700341,1928555.74975386,1077.0264308482
2026-07-04 22:24:22,343.681763268299,1.2390729333135,1925336.7411947,1070.46914748022
2026-07-04 22:24:23,343.877192715314,1.27195518191848,1922137.4461123,1063.87794372916
2026-07-04 22:24:24,344.073265348533,1.30470554043268,1918957.95710611,1057.25277186219
2026-07-04 22:24:25,344.269980149137,1.33732219565095,1915798.38029792,1050.59363901358
2026-07-04 22:24:26,344.467336407994,1.36980336948759,1912658.81712008,1043.90053799399
2026-07-04 22:24:27,344.665333303834,1.40214726567714,1909539.36979329,1037.1734670535
2026-07-04 22:24:28,344.863969961374,1.43435207881001,1906440.1404417,1030.4124276481
2026-07-04 22:24:29,345.063245500549,1.46641600296118,1903361.23028119,1023.61742293495
2026-07-04 22:24:30,345.263158550204,1.49833717194867,1900302.74560717,1016.78847959902
2026-07-04 22:24:31,345.463708782894,1.53011383356854,1897264.78009257,1009.92557453919
2026-07-04 22:24:32,345.664894736783,1.56174410840185,1894247.43944337,1003.02874071596
2026-07-04 22:24:33,345.86671526419,1.59322615044497,1891250.82497833,996.097996601971
2026-07-04 22:24:34,346.069169078215,1.62455809404536,1888275.03899086,989.133367282393
2026-07-04 22:24:35,346.272254917829,1.65573807865624,1885320.18238703,982.134878444802
2026-07-04 22:24:36,346.475971365928,1.68676422203852,1882386.35725583,975.102562959889
2026-07-04 22:24:37,346.680317006344,1.71763464393487,1879473.66462402,968.036455265734
2026-07-04 22:24:38,346.885289969041,1.74834741823155,1876582.20922281,960.936612642741
2026-07-04 22:24:39,347.090889413982,1.7789007176064,1873712.08493556,953.803042539504
2026-07-04 22:24:40,347.297113299548,1.80929259504551,1870863.39679804,946.63581160226
2026-07-04 22:24:41,347.503959971234,1.83952114596521,1868036.24480398,939.434969649628
2026-07-04 22:24:42,347.711427553456,1.86958443731932,1865230.73081776,932.200576115069
2026-07-04 22:24:43,347.91951421502,1.89948054583002,1862446.95499824,924.932690559319
2026-07-04 22:24:44,348.128218111658,1.92920755043189,1859685.016542,917.631374924862
2026-07-04 22:24:45,348.337536744084,1.95876346296973,1856945.02034468,910.296721451728
2026-07-04 22:24:46,348.547468882539,1.98814641649214,1854227.05866633,902.928763595105
2026-07-04 22:24:47,348.758011966669,2.01735442344398,1851531.23490466,895.527599563937
2026-07-04 22:24:48,348.969163757639,2.04638552645638,1848857.64872753,888.093312821479
2026-07-04 22:24:49,349.180921954947,2.07523776582243,1846206.39934195,880.625991105395
2026-07-04 22:24:50,349.393284282146,2.1039091900677,1843577.58453288,873.125723097795
2026-07-04 22:24:51,349.606248181628,2.13239781680608,1840971.30428698,865.592609653703
2026-07-04 22:24:52,349.819811198975,2.16070168368779,1838387.65612419,858.026749892228
2026-07-04 22:24:53,350.033970317505,2.18881878383543,1835826.74121817,850.428270397853
2026-07-04 22:24:54,350.248723656778,2.2167471998227,1833288.65141837,842.797243298552
2026-07-04 22:24:55,350.464068028073,2.24448491641303,1830773.48751346,835.133805413064
2026-07-04 22:24:56,350.680000687998,2.27202996284474,1828281.345502,827.438074517215
2026-07-04 22:24:57,350.89651869146,2.299380350359,1825812.32248877,819.710177630832
2026-07-04 22:24:58,351.113619030087,2.32653409131303,1823366.51497518,811.950246279594
2026-07-04 22:24:59,351.331298686996,2.35348920559314,1820944.01830125,804.158414387673
2026-07-04 22:25:00,351.549554093738,2.38024367855515,1818544.93062254,796.334843322793
2026-07-04 22:25:01,351.76838281562,2.40679557318974,1816169.34216639,788.479639665051
2026-07-04 22:25:02,351.987781174201,2.43314288015627,1813817.34976604,780.592973052403
2026-07-04 22:25:03,352.207745834387,2.45928361946514,1811489.04705484,772.674997648847
2026-07-04 22:25:04,352.428273225099,2.4852157939844,1809184.52882372,764.725878386615
2026-07-04 22:25:05,352.649359922304,2.5109374345707,1806903.88702467,756.745777044561
2026-07-04 22:25:06,352.871002257967,2.5364465554575,1804647.21477064,748.734866598421
2026-07-04 22:25:07,353.093196489637,2.56174117391278,1802414.60460053,740.693324903008
2026-07-04 22:25:08,353.315938515862,2.58681930436493,1800206.14917168,732.621350592521
2026-07-04 22:25:09,353.539225276842,2.61167901527909,1798021.93569239,724.519090394774
2026-07-04 22:25:10,353.76305232928,2.63631830769693,1795862.0575315,716.386759950806
2026-07-04 22:25:11,353.98741576179,2.66073523077518,1793726.60347498,708.224552435602
2026-07-04 22:25:12,354.21231145339,2.6849278238618,1791615.66299437,700.032670880042
2026-07-04 22:25:13,354.437735100378,2.70889412171584,1789529.3258096,691.811327461914
2026-07-04 22:25:14,354.663682625166,2.73263219657773,1787467.67824687,683.560728227351
2026-07-04 22:25:15,354.890149145091,2.75614007879173,1785430.81029668,675.281116683063
2026-07-04 22:25:16,355.117131069199,2.77941586815365,1783418.80548489,666.972674778609
2026-07-04 22:25:17,355.344623521759,2.80245762538567,1781431.75104836,658.63565027858
2026-07-04 22:25:18,355.572621884987,2.82526342887546,1779469.73254854,650.270278503845
2026-07-04 22:25:19,355.801121447437,2.84783136347917,1777532.83498741,641.876800414987
2026-07-04 22:25:20,356.030117552229,2.87015953625274,1775621.1414915,633.455457328967
2026-07-04 22:25:21,356.259605297869,2.89224604769613,1773734.73580688,625.006501956021
2026-07-04 22:25:22,356.489579421218,2.91408900949565,1771873.70088735,616.530208177522
2026-07-04 22:25:23,356.72003568412,2.9356865650854,1770038.11682017,608.026797808795
2026-07-04 22:25:24,356.950968668262,2.95703684666826,1768228.06506117,599.496555042514
2026-07-04 22:25:25,357.182373171163,2.97813799948238,1766443.6260243,590.939753082835
2026-07-04 22:25:26,357.414243994609,2.9989881873673,1764684.87873104,582.356667102026
2026-07-04 22:25:27,357.646575855268,3.01958558631889,1762951.90139168,573.747577821878
2026-07-04 22:25:28,357.879363341042,3.03992838108069,1761244.77171855,565.112773097678
2026-07-04 22:25:29,358.11260096857,3.06001477008693,1759563.56653473,556.452545634259
2026-07-04 22:25:30,358.346282814098,3.07984296502532,1757908.36188717,547.767212442578
2026-07-04 22:25:31,358.580404124214,3.09941120881274,1756279.23138832,539.057032417708
2026-07-04 22:25:32,358.814958650859,3.1187177283043,1754676.25048073,530.322339264467
2026-07-04 22:25:33,359.04994079465,3.13776079660972,1753099.49107273,521.563439015441
2026-07-04 22:25:34,359.285344643772,3.15653868356342,1751549.02573985,512.780651620244
2026-07-04 22:25:35,359.521164249014,3.17504967957475,1750024.92576963,503.974300780149
2026-07-04 22:25:36,359.757393645087,3.19329209599112,1748527.26116374,495.144712849606
2026-07-04 22:25:37,359.994026404027,3.21126426347921,1747056.10080376,486.292239353657
2026-07-04 22:25:38,0.231057057292232,3.22896451742868,1745611.5136624,477.417181317622
2026-07-04 22:25:39,0.468479181665653,3.24639123533394,1744193.56580078,468.519894289268
2026-07-04 22:25:40,0.706286344097258,3.26354279004504,1742802.32418851,459.600730947487
2026-07-04 22:25:41,0.944472246387831,3.2804175881468,1741437.853611,450.660040810715
2026-07-04 22:25:42,1.18303050950501,3.29701405632939,1740100.21781012,441.6981786682
2026-07-04 22:25:43,1.42195454571921,3.31333063218155,1738789.48025006,432.715509174671
2026-07-04 22:25:44,1.66123781864745,3.32936578297337,1737505.70262954,423.712397092553
2026-07-04 22:25:45,1.90087336198745,3.3451180062569,1736248.94480631,414.689231008952
2026-07-04 22:25:46,2.14085526132487,3.36058579812117,1735019.26760822,405.646344941831
2026-07-04 22:25:47,2.38117628989238,3.37576769293581,1733816.72931424,396.58414135839
2026-07-04 22:25:48,2.62182975668079,3.39066225378651,1732641.38669674,387.502998563495
2026-07-04 22:25:49,2.8628086446928,3.4052680529332,1731493.29652283,378.403309376507
2026-07-04 22:25:50,3.10410605896658,3.41958369709446,1730372.51358963,369.285463663529
2026-07-04 22:25:51,3.34571498987142,3.43360781482417,1729279.09174207,360.149857536054
2026-07-04 22:25:52,3.58762797362337,3.44733907178699,1728213.08256726,350.996911819491
2026-07-04 22:25:53,3.82983869245822,3.4607761257113,1727174.5394711,341.826988613926
2026-07-04 22:25:54,4.07233951563293,3.47391769078062,1726163.51188017,332.640518598027
2026-07-04 22:25:55,4.31512322402073,3.48676250054946,1725180.04868645,323.437912845309
2026-07-04 22:25:56,4.5581825501101,3.49930931527202,1724224.19757162,314.219585837155
2026-07-04 22:25:57,4.80151008483792,3.51155691937424,1723296.00520969,304.985959255715
2026-07-04 22:25:58,5.04509845233595,3.52350412851973,1722395.51676315,295.737454935848
2026-07-04 22:25:59,5.2889398256571,3.53514980344828,1721522.77462163,286.474519199384
2026-07-04 22:26:00,5.53302740501991,3.54649277987607,1720677.82463135,277.197543802593
2026-07-04 22:26:01,5.77735336916369,3.55753197989113,1719860.70635914,267.906977727884
2026-07-04 22:26:02,6.02190995890505,3.56826632749952,1719071.46034982,258.603263551814
2026-07-04 22:26:03,6.26668963087646,3.57869478684029,1718310.12509053,249.286836784869
2026-07-04 22:26:04,6.51168468370372,3.58881634851193,1717576.73801867,239.958140509209
2026-07-04 22:26:05,6.75688735743678,3.59863003239484,1716871.33534464,230.617621216457
2026-07-04 22:26:06,7.0022898152446,3.60813488903381,1716193.95195024,221.265729728918
2026-07-04 22:26:07,7.2478839506258,3.61733002740882,1715544.61905248,211.902933852272
2026-07-04 22:26:08,7.493662580061,3.62621451568082,1714923.37284654,202.529650510903
2026-07-04 22:26:09,7.73961748912935,3.63478752505306,1714330.24193896,193.146354001256
2026-07-04 22:26:10,7.98574074914464,3.64304823452587,1713765.25570146,183.753503058698
2026-07-04 22:26:11,8.23202435982503,3.65099585562773,1713228.44211552,174.35156035141
2026-07-04 22:26:12,8.47846029704947,3.65862963239931,1712719.82781065,164.940990310738
2026-07-04 22:26:13,8.72504057868144,3.66594884432432,1712239.43787231,155.522256698344
2026-07-04 22:26:14,8.97175667208563,3.67295282820062,1711787.29377256,146.095850991028
2026-07-04 22:26:15,9.21860134488452,3.67964087767958,1711363.42253045,136.662198585387
2026-07-04 22:26:16,9.4655660864072,3.68601239834107,1710967.84274959,127.221791680418
2026-07-04 22:26:17,9.71264270825985,3.69206680197272,1710600.57407501,117.775105112563
2026-07-04 22:26:18,9.95982309111455,3.69780353762643,1710261.63454158,108.322611839643
2026-07-04 22:26:19,10.2070989958923,3.70322208655734,1709951.0409013,98.8647900160332
2026-07-04 22:26:20,10.4544622440617,3.70832196604514,1709668.80841576,89.4021159630584
2026-07-04 22:26:21,10.7019046050912,3.71310272837086,1709414.95088995,79.9350686337746
2026-07-04 22:26:22,10.9494174530006,3.71756399289255,1709189.47784594,70.4641481507806
2026-07-04 22:26:23,11.196993303445,3.72170531754354,1708992.40597041,60.9897943833888
2026-07-04 22:26:24,11.4446235489004,3.72552639252355,1708823.74191733,51.5125075525129
2026-07-04 22:26:25,11.6922997810122,3.72902690938274,1708683.49381586,42.0327749363742
2026-07-04 22:26:26,11.9400138086163,3.73220659824803,1708571.66823777,32.5510756870245
2026-07-04 22:26:27,12.1877573610606,3.73506522338703,1708488.27039371,23.0678921590504
2026-07-04 22:26:28,12.4355219990821,3.73760258452659,1708433.30396989,13.58371350034
2026-07-04 22:26:29,12.683299160123,3.73981855574396,1708406.76794698,4.09903908819059
2026-07-04 22:26:30,12.9310812208414,3.74171293459224,1708408.66971889,-5.38568446556495
2026-07-04 22:26:31,13.1788595068521,3.7432856659826,1708439.00538271,-14.8699533678626
2026-07-04 22:26:32,13.4266257065087,3.74453669359962,1708497.77287491,-24.3532834949876
2026-07-04 22:26:33,13.6743715317733,3.74546599750511,1708584.96866083,-33.8351917064863
2026-07-04 22:26:34,13.9220886014823,3.74607359326256,1708700.58772835,-43.3151915039656
2026-07-04 22:26:35,14.1697687381616,3.74635953283657,1708844.62371057,-52.7928044252087
2026-07-04 22:26:36,14.4174035226766,3.74632390388669,1709017.0686425,-62.2675430204283
2026-07-04 22:26:37,14.6649843154669,3.74596687295778,1709217.90938517,-71.7389061180666
2026-07-04 22:26:38,14.9125036517615,3.74528851431911,1709447.14277221,-81.2064548695521
2026-07-04 22:26:39,15.1599528961356,3.7442890645017,1709704.75290051,-90.6696891889145
2026-07-04 22:26:40,15.4073237474304,3.74296875497452,1709990.72601676,-100.128127795178
2026-07-04 22:26:41,15.6546080245079,3.74132785173125,1710305.04709013,-109.581294628244
2026-07-04 22:26:42,15.9017974926192,3.73936665626049,1710647.69960121,-119.028712226245
2026-07-04 22:26:43,16.1488839310092,3.73708550609949,1711018.66553542,-128.469904248787
2026-07-04 22:26:44,16.3958587955351,3.7344848206654,1711417.92130642,-137.904377154772
2026-07-04 22:26:45,16.6427147388379,3.73156491186039,1711845.45464338,-147.331700815115
2026-07-04 22:26:46,16.8894432577956,3.72832626869355,1712301.239148,-156.751384755184
2026-07-04 22:26:47,17.1360362063732,3.7247693681244,1712785.25114096,-166.162958725636
2026-07-04 22:26:48,17.3824855631704,3.72089472037462,1713297.46571196,-175.5659581315
2026-07-04 22:26:49,17.6287832382653,3.71670287130901,1713837.85636187,-184.959916738234
2026-07-04 22:26:50,17.8749212450565,3.71219439983279,1714406.39533755,-194.344373250145
2026-07-04 22:26:51,18.1208912136565,3.7073699712281,1715003.04877036,-203.718847246297
2026-07-04 22:26:52,18.3666860153037,3.70223012665121,1715627.79556319,-213.082923592979
2026-07-04 22:26:53,18.6122972958698,3.6967755990526,1716280.59899261,-222.436124676019
2026-07-04 22:26:54,18.8577172613125,3.6910070989744,1716961.42602097,-231.778001141116
2026-07-04 22:26:55,19.1029379759352,3.68492537489088,1717670.24167521,-241.10809936526
2026-07-04 22:26:56,19.3479516791784,3.67853120317006,1718407.01012469,-250.425973869919
2026-07-04 22:26:57,19.5927507172965,3.67182539119843,1719171.69434944,-259.731184464633
2026-07-04 22:26:58,19.8373272609361,3.66480878395764,1719964.25533541,-269.023285681912
2026-07-04 22:26:59,20.0816733073224,3.65748231153898,1720784.64803842,-278.301821281007
2026-07-04 22:27:00,20.3257820438752,3.64984676139498,1721632.84171637,-287.566398590431
2026-07-04 22:27:01,20.5696454872132,3.6419031268235,1722508.78855528,-296.816565077664
2026-07-04 22:27:02,20.813256064511,3.63365237548192,1723412.44447614,-306.051890937715
2026-07-04 22:27:03,21.0566064119104,3.62509549804975,1724343.76485107,-315.271956070908
2026-07-04 22:27:04,21.2996890305985,3.616233523206,1725302.70292253,-324.476336654809
2026-07-04 22:27:05,21.5424966058236,3.60706750304797,1726289.21128513,-333.664617654405
2026-07-04 22:27:06,21.7850213942334,3.59759858552611,1727303.23517799,-342.836363876422
2026-07-04 22:27:07,22.0272569524769,3.58782775537249,1728344.73597642,-351.991207862584
2026-07-04 22:27:08,22.269195644539,3.57775621710356,1729413.65646558,-361.128721936538
2026-07-04 22:27:09,22.5108303553674,3.5673851364803,1730509.94426075,-370.248505658335
2026-07-04 22:27:10,22.7521539982042,3.55671570846801,1731633.54558376,-379.350161406926
2026-07-04 22:27:11,22.9931595752517,3.54574915283299,1732784.40566589,-388.433296865213
2026-07-04 22:27:12,23.2338400954789,3.53448671887675,1733962.46824428,-397.497521787661
2026-07-04 22:27:13,23.4741886351492,3.52292968100359,1735167.67596677,-406.542450478871
2026-07-04 22:27:14,23.7141980317574,3.51107940346342,1736399.96453136,-415.567684660225
2026-07-04 22:27:15,23.9538621777215,3.49893708039737,1737659.286133,-424.572884276409
2026-07-04 22:27:16,24.193174117784,3.48650411970459,1738945.57479489,-433.557662949398
2026-07-04 22:27:17,24.4321270573695,3.47378190277835,1740258.76784426,-442.521647725431
2026-07-04 22:27:18,24.6707145453655,3.46077181818951,1741598.80317428,-451.464480824993
2026-07-04 22:27:19,24.9089300210682,3.44747528834226,1742965.61650998,-460.385802292184
2026-07-04 22:27:20,25.1467670225487,3.43389375596017,1744359.14273118,-469.285258081451
2026-07-04 22:27:21,25.384218814558,3.42002875686045,1745779.30919546,-478.162480519202
2026-07-04 22:27:22,25.6212799189105,3.40588162809468,1747226.06240492,-487.017167639623
2026-07-04 22:27:23,25.8579435982414,3.39145395607589,1748699.32684682,-495.848956005933
2026-07-04 22:27:24,26.0942038155453,3.37674726026836,1750199.03415919,-504.657516134874
2026-07-04 22:27:25,26.3300544387946,3.36176309067529,1751725.11392281,-513.442517174372
2026-07-04 22:27:26,26.5654894309967,3.3465030159928,1753277.49483458,-522.203634018734
2026-07-04 22:27:27,26.8005029031093,3.33096861864467,1754856.10516231,-530.940549373405
2026-07-04 22:27:28,27.0350885913605,3.3151615816005,1756460.86462564,-539.652928800516
2026-07-04 22:27:29,27.2692414615983,3.29908337405763,1758091.71337736,-548.340502179172
2026-07-04 22:27:30,27.5029553987735,3.28273571433587,1759748.56930938,-557.002945127462
2026-07-04 22:27:31,27.7362248181419,3.26612025511146,1761431.35706372,-565.639960814028
2026-07-04 22:27:32,27.9690441073824,3.24923867456993,1763139.99950228,-574.251253521858
2026-07-04 22:27:33,28.2014078135017,3.2320926592136,1764874.41936479,-582.836535941138
2026-07-04 22:27:34,28.433310530283,3.21468391430932,1766634.53821288,-591.395524698549
2026-07-04 22:27:35,28.6647469555025,3.19701415766061,1768420.27700315,-599.927942636529
2026-07-04 22:27:36,28.8957114531127,3.17908520654503,1770231.54793341,-608.433497234018
2026-07-04 22:27:37,29.1261995837212,3.16089864741536,1772068.28513708,-616.911958568409
2026-07-04 22:27:38,29.3562058709128,3.1424563237698,1773930.3993122,-625.363044720735
2026-07-04 22:27:39,29.5857253238152,3.12376000902876,1775817.80810632,-633.786499315567
2026-07-04 22:27:40,29.814753016791,3.10481148873079,1777730.42841082,-642.182070863058
2026-07-04 22:27:41,30.0432841448958,3.0856125575436,1779668.1766523,-650.549514575632
2026-07-04 22:27:42,30.271313843617,3.0661650337411,1781630.9672922,-658.88858579548
2026-07-04 22:27:43,30.4988371405363,3.04647081621356,1783618.70763381,-667.199033062816
2026-07-04 22:27:44,30.7258501342534,3.02653156717663,1785631.32736925,-675.48066234855
2026-07-04 22:27:45,30.9523478270064,3.00634922193492,1787668.7307864,-683.733225896191
2026-07-04 22:27:46,31.1783259306465,2.98592561615772,1789730.83187686,-691.956509587861
2026-07-04 22:27:47,31.4037800127901,2.96526261413279,1791817.54197886,-700.150296406359
2026-07-04 22:27:48,31.6287057627871,2.94436208575923,1793928.77207538,-708.314376035158
2026-07-04 22:27:49,31.8530989992467,2.92322590372105,1796064.43303139,-716.448545245847
2026-07-04 22:27:50,32.0769556446579,2.90185594557777,1798224.43535458,-724.552606913822
2026-07-04 22:27:51,32.3002711991678,2.88025420078804,1800408.67892534,-732.626345599214
2026-07-04 22:27:52,32.5230425241032,2.85842237388801,1802617.09076159,-740.669613396692
2026-07-04 22:27:53,32.7452652809845,2.8363624660749,1804849.56967238,-748.682205317719
2026-07-04 22:27:54,32.9669357121151,2.81407638033928,1807106.02382054,-756.663944978689
2026-07-04 22:27:55,33.1880501257919,2.79156602449917,1809386.36084269,-764.614660784819
2026-07-04 22:27:56,33.4086048555704,2.76883331842298,1811690.48711953,-772.534184137842
2026-07-04 22:27:57,33.6285962997507,2.74588018668842,1814018.30845694,-780.422351138707
2026-07-04 22:27:58,33.848020762919,2.722708632103,1816369.7231427,-788.278991627423
2026-07-04 22:27:59,34.066875414507,2.69932040976117,1818744.65283903,-796.103984149085
2026-07-04 22:28:00,34.2851566071272,2.67571753955964,1821142.99378953,-803.897164688139
2026-07-04 22:28:01,34.5028611417559,2.65190194952382,1823564.6508168,-811.658392613826
2026-07-04 22:28:02,34.7199858168992,2.62787557737805,1826009.52751575,-819.387529492243
2026-07-04 22:28:03,34.9365275937668,2.60364035355356,1828477.52796804,-827.084444813314
2026-07-04 22:28:04,35.1524834020207,2.57919822217229,1830968.55457683,-834.749009072666
2026-07-04 22:28:05,35.3678504055369,2.55455110931907,1833482.5112592,-842.381103315912
2026-07-04 22:28:06,35.5826254179652,2.52970104911266,1836019.29108255,-849.980593110314
2026-07-04 22:28:07,35.796806238416,2.50464979725274,1838578.81362346,-857.547396440873
2026-07-04 22:28:08,36.0103898969661,2.47939937967602,1841160.97203499,-865.081390694026
2026-07-04 22:28:09,36.2233738033636,2.4539517273766,1843765.66821123,-872.582474027476
2026-07-04 22:28:10,36.4357553502045,2.4283087828536,1846392.80243948,-880.050545900446
2026-07-04 22:28:11,36.647532160862,2.40247246684224,1849042.27675676,-887.485516039359
2026-07-04 22:28:12,36.8587018251226,2.37644471155713,1851713.99153828,-894.887294944258
2026-07-04 22:28:13,37.0692616570249,2.35022755060171,1854407.83671962,-902.255780316983
2026-07-04 22:28:14,37.2792101174001,2.32382270218729,1857123.73261172,-909.590927384891
2026-07-04 22:28:15,37.4885446239465,2.29723219939306,1859861.56811862,-916.892641350126
2026-07-04 22:28:16,37.6972631699961,2.27045794867053,1862621.24406304,-924.160854701489
2026-07-04 22:28:17,37.9053637396113,2.24350186245243,1865402.66004736,-931.395501530023
2026-07-04 22:28:18,38.1128443601765,2.21636585455642,1868205.71492038,-938.596519163715
2026-07-04 22:28:19,38.3197031158861,2.18905183521733,1871030.30724382,-945.763848867446
2026-07-04 22:28:20,38.5259380377411,2.1615617860921,1873876.32797854,-952.897426970504
2026-07-04 22:28:21,38.7315478068159,2.1338974284836,1876743.6929624,-959.997228913274
2026-07-04 22:28:22,38.9365305722688,2.10606073582164,1879632.29263513,-967.063198676292
2026-07-04 22:28:23,39.1408847380487,2.07805359252048,1882542.02546106,-974.095295727309
2026-07-04 22:28:24,39.3446087611513,2.04987787816263,1885472.78965776,-981.093483183032
2026-07-04 22:28:25,39.5477011387578,2.02153547185613,1888424.4827458,-988.057727112931
2026-07-04 22:28:26,39.7501605876419,1.99302822246658,1891397.00460274,-994.988002998659
2026-07-04 22:28:27,39.9519856798521,1.96435800386976,1894390.25172495,-1001.8842828476
2026-07-04 22:28:28,40.153174943486,1.93552675907317,1897404.11299876,-1008.74653404529
2026-07-04 22:28:29,40.3537277236713,1.906536132818,1900438.50632953,-1015.57476812595
2026-07-04 22:28:30,40.5536425929739,1.8773880658986,1903493.31919703,-1022.36895708355
2026-07-04 22:28:31,40.7529185546773,1.84808437580441,1906568.45065274,-1029.1290942142
2026-07-04 22:28:32,40.9515545046308,1.81862690003555,1909663.79680178,-1035.85517047381
2026-07-04 22:28:33,41.1495495915422,1.78901743706443,1912779.25694596,-1042.54718711721
2026-07-04 22:28:34,41.3469029420807,1.75925779031629,1915914.72898403,-1049.20514603747
2026-07-04 22:28:35,41.5436134561172,1.72934986173284,1919070.09994269,-1055.82903806484
2026-07-04 22:28:36,41.7396808995415,1.6992952331976,1922245.28839006,-1062.41889926101
2026-07-04 22:28:37,41.9351043709283,1.669095775982,1925440.18275416,-1068.97472997444
2026-07-04 22:28:38,42.1298831427651,1.63875327214965,1928654.67947959,-1075.4965427185
2026-07-04 22:28:39,42.3240167607692,1.60826946078124,1931888.6786082,-1081.98436052433
2026-07-04 22:28:40,42.5175045887829,1.57764611067757,1935142.07607907,-1088.43820152385
2026-07-04 22:28:41,42.7103462533755,1.54688494536564,1938414.77164085,-1094.85809416337
2026-07-04 22:28:42,42.9025413701745,1.51598769121425,1941706.66377752,-1101.24406760504
2026-07-04 22:28:43,43.0940892853592,1.48495618011984,1945017.63911964,-1107.59613865104
2026-07-04 22:28:44,43.2849902139401,1.45379191129026,1948347.617553,-1113.91436836014
2026-07-04 22:28:45,43.4752437051924,1.42249668031384,1951696.48758793,-1120.19878265693
2026-07-04 22:28:46,43.6648495422607,1.391072178997,1955064.14736072,-1126.44942121048
2026-07-04 22:28:47,43.8538075916029,1.35952008561794,1958450.49544227,-1132.66632743033
2026-07-04 22:28:48,44.0421178585479,1.32784204966045,1961855.43244221,-1138.84955064903
2026-07-04 22:28:49,44.2297802181659,1.29603974366797,1965278.85547572,-1144.99913675137
2026-07-04 22:28:50,44.4167945353765,1.26411490188695,1968720.65432128,-1151.11512793697
2026-07-04 22:28:51,44.6031612895907,1.23206895853264,1972180.74887332,-1157.19760138377
2026-07-04 22:28:52,44.7888804016232,1.19990363333843,1975659.02839472,-1163.2466030571
2026-07-04 22:28:53,44.9739520485554,1.16762053349118,1979155.39280691,-1169.26219304801
2026-07-04 22:28:54,45.1583764657862,1.13522125511728,1982669.74217657,-1175.24443413962
2026-07-04 22:28:55,45.3421538879862,1.1027073888923,1986201.9760751,-1181.19339019209
2026-07-04 22:28:56,45.5252846646213,1.07008050320981,1989751.99542665,-1187.10912959321
2026-07-04 22:28:57,45.7077689296524,1.03734226626216,1993319.68957106,-1192.99171017678
2026-07-04 22:28:58,45.8896074705128,1.00449402899528,1996904.98019128,-1198.84122536708
2026-07-04 22:28:59,46.0708005992089,0.971537419420482,2000507.75885917,-1204.65774041158
2026-07-04 22:29:00,46.2513487561224,0.938473972704824,2004127.925778,-1210.44133012856
2026-07-04 22:29:01,46.4312525288244,0.905305194069592,2007765.38334394,-1216.19207476687
2026-07-04 22:29:02,46.6105124211079,0.872032599819033,2011420.03164502,-1221.91005266397
2026-07-04 22:29:03,46.7891290915946,0.838657671225406,2015091.77350738,-1227.59534798221
2026-07-04 22:29:04,46.967103196926,0.805181887317026,2018780.51092357,-1233.24804539158
2026-07-04 22:29:05,47.1444352597616,0.771606813263529,2022486.1356305,-1238.86822166116
2026-07-04 22:29:06,47.3211263581757,0.737933704558938,2026208.57134968,-1244.45598518039
2026-07-04 22:29:07,47.497177161526,0.704164087940688,2029947.71188963,-1250.01141867287
2026-07-04 22:29:08,47.6725883942972,0.670299409738113,2033703.4584579,-1255.5346116379
2026-07-04 22:29:09,47.8473609434669,0.636341079063798,2037475.71528052,-1261.02565936675
2026-07-04 22:29:10,48.0214956999348,0.60229049779889,2041264.38628736,-1266.48465791987
2026-07-04 22:29:11,48.1949936028314,0.568149054590373,2045069.37579429,-1271.91170532176
2026-07-04 22:29:12,48.3678554093438,0.533918235625047,2048890.57647353,-1277.30689015259
2026-07-04 22:29:13,48.5400824674359,0.499599200819063,2052727.91526082,-1282.67033309275
2026-07-04 22:29:14,48.7116756524148,0.465193401130838,2056581.28659678,-1288.00212740362
2026-07-04 22:29:15,48.8826359893099,0.430702184834332,2060450.59492841,-1293.30237587075
2026-07-04 22:29:16,49.0529645873005,0.39612687720782,2064335.74619001,-1298.57118436167
2026-07-04 22:29:17,49.2226625731411,0.361468792671205,2068236.64644496,-1303.80865979836
2026-07-04 22:29:18,49.3917311169968,0.326729232335625,2072153.20218035,-1309.01491075031
2026-07-04 22:29:19,49.5601713715349,0.291909493673395,2076085.31920588,-1314.19004571319
2026-07-04 22:29:20,49.7279844129883,0.257010953539486,2080032.89360176,-1319.33416693341
2026-07-04 22:29:21,49.8951717999793,0.222034674210466,2083995.85493607,-1324.44740466727
2026-07-04 22:29:22,50.0617346481656,0.186982011011942,2087974.09960143,-1329.52986304548
2026-07-04 22:29:23,50.2276742578109,0.151854205621552,2091967.53542897,-1334.58165645687
2026-07-04 22:29:24,50.3929919766638,0.116652481492007,2095976.07125092,-1339.60290113095
2026-07-04 22:29:25,50.5576891242456,0.0813780636660228,2099999.61466868,-1344.59371258843
2026-07-04 22:29:26,50.721767132292,0.0460321447700446,2104038.07591593,-1349.55421011916
2026-07-04 22:29:27,50.8852271784977,0.0106160370436139,2108091.35081517,-1354.48450133557
2026-07-04 23:56:29,325.01940804321,0.0260072875731737,2083746.17251716,2091.8715629609
2026-07-04 23:56:30,325.109134209244,0.083931141881722,2077477.15611891,2090.4243544836
2026-07-04 23:56:31,325.199383045812,0.141993055536967,2071212.50077618,2088.96156812317
2026-07-04 23:56:32,325.290159109574,0.200193888092257,2064952.25526132,2087.48303343181
2026-07-04 23:56:33,325.381467069924,0.25853454388852,2058696.4644611,2085.98857664377
2026-07-04 23:56:34,325.473311573332,0.317015887772392,2052445.17844855,2084.47802296047
2026-07-04 23:56:35,325.56569737362,0.375638821268828,2046198.44428773,2082.95119418539
2026-07-04 23:56:36,325.658629237094,0.434404228899603,2039956.31180158,2081.40791048579
2026-07-04 23:56:37,325.752111728833,0.493312921586145,2033718.83972752,2079.84799638494
2026-07-04 23:56:38,325.846150242777,0.552365955639048,2027486.06108952,2078.27125325775
2026-07-04 23:56:39,325.940749495582,0.611564178414837,2021258.03266086,2076.67749990338
2026-07-04 23:56:40,326.035914417223,0.670908460268907,2015034.80942907,2075.06654738805
2026-07-04 23:56:41,326.131650102015,0.730399745061681,2008816.43958095,2073.4382023897
2026-07-04 23:56:42,326.227961607399,0.79003892197356,2002602.97794735,2071.7922705085
2026-07-04 23:56:43,326.32485406648,0.849826898905449,1996394.47830171,2070.12855445066
2026-07-04 23:56:44,326.422332456165,0.909764539989867,1990191.00004361,2068.44686046077
2026-07-04 23:56:45,326.52040253848,0.969852906255398,1983992.58247931,2066.74697173599
2026-07-04 23:56:46,326.619069369093,1.03009284798171,1977799.28828362,2065.02868972095
2026-07-04 23:56:47,326.718338333959,1.09048529921344,1971611.17213157,2063.29180572379
2026-07-04 23:56:48,326.818214844818,1.15103118102958,1965428.29092625,2061.5361089269
2026-07-04 23:56:49,326.91870437111,1.21173141366129,1959250.70251934,2059.76138559631
2026-07-04 23:56:50,327.019812499277,1.27258695537083,1953078.46177298,2057.9674181133
2026-07-04 23:56:51,327.121544520721,1.33359864341933,1946911.63687437,2056.15399493834
2026-07-04 23:56:52,327.223906681704,1.39476758768782,1940750.26868957,2054.32087766526
2026-07-04 23:56:53,327.326904404997,1.45609463504246,1934594.42617033,2052.46784860361
2026-07-04 23:56:54,327.430543503969,1.51758074074901,1928444.16794542,2050.59467843924
2026-07-04 23:56:55,327.534829800554,1.57922683362948,1922299.55614389,2048.70113585785
2026-07-04 23:56:56,327.639769217234,1.64103386416089,1916160.65155524,2046.78698567734
2026-07-04 23:56:57,327.745367744238,1.70300278514841,1910027.51556889,2044.85198943011
2026-07-04 23:56:58,327.851631394091,1.76513452900205,1903900.21241446,2042.89590629945
2026-07-04 23:56:59,327.958566000396,1.82742997604939,1897778.8124119,2040.91849932985
2026-07-04 23:57:00,328.066178297766,1.88989022126543,1891663.3649992,2038.91950484313
2026-07-04 23:57:01,328.17447425126,1.95251614538217,1885553.94207799,2036.89867923627
2026-07-04 23:57:02,328.283460128685,2.01530867723177,1879450.61136054,2034.85576854179
2026-07-04 23:57:03,328.393142356749,2.07826879683728,1873353.43634314,2032.7905136074
2026-07-04 23:57:04,328.50352730806,2.14139741428615,1867262.48805512,2030.70265412248
2026-07-04 23:57:05,328.614621544779,2.20469550822817,1861177.83163199,2028.5919239755
2026-07-04 23:57:06,328.726431314796,2.26816393234624,1855099.54512018,2026.45806349317
2026-07-04 23:57:07,328.838963880644,2.33180379295783,1849027.68249832,2024.30078326879
2026-07-04 23:57:08,328.952225630684,2.39561594060541,1842962.32353018,2022.11981635603
2026-07-04 23:57:09,329.066223404525,2.45960134415252,1836903.53714571,2019.91488210939
2026-07-04 23:57:10,329.180964028167,2.52376092416848,1830851.39753204,2017.68569783665
2026-07-04 23:57:11,329.296454455693,2.58809562691849,1824805.97708388,2015.43197588741
2026-07-04 23:57:12,329.412701719429,2.65260640065983,1818767.34866161,2013.1534247201
2026-07-04 23:57:13,329.52971285933,2.71729415283062,1812735.58955935,2010.84975016974
2026-07-04 23:57:14,329.647494749762,2.78215975248019,1806710.78138051,2008.52066160718
2026-07-04 23:57:15,329.766055239377,2.84720426792588,1800692.98725869,2006.1658384438
2026-07-04 23:57:16,329.885401372524,2.91242856800756,1794682.2900072,2003.78498156103
2026-07-04 23:57:17,330.005540505641,2.97783355134343,1788678.76999057,2001.37778041869
2026-07-04 23:57:18,330.126480136686,3.04342014530797,1782682.50544155,1998.94391900881
2026-07-04 23:57:19,330.248227794557,3.10918924605638,1776693.57795182,1996.48307806016
2026-07-04 23:57:20,330.370791136517,3.17514177050073,1770712.06769543,1993.99493303768
2026-07-04 23:57:21,330.494177499949,3.24127851577672,1764738.06630194,1991.47916600178
2026-07-04 23:57:22,330.618395410259,3.30760056292866,1758771.63965026,1988.93542372851
2026-07-04 23:57:23,330.743452366496,3.37410869507269,1752812.8814956,1986.36337947176
2026-07-04 23:57:24,330.869356360269,3.44080380464037,1746861.87590606,1983.7626907943
2026-07-04 23:57:25,330.996115409107,3.50768674796897,1740918.71053421,1981.13301194887
2026-07-04 23:57:26,331.123737673122,3.57475840166697,1734983.47154943,1978.47399130356
2026-07-04 23:57:27,331.252231340028,3.64201960532685,1729056.24870472,1975.78527380274
2026-07-04 23:57:28,331.381604387524,3.70947113683351,1723137.13758166,1973.066508627
2026-07-04 23:57:29,331.511865885047,3.77711397933236,1717226.21548914,1970.31731071526
2026-07-04 23:57:30,331.643023972066,3.8449488834902,1711323.58087971,1967.53731984713
2026-07-04 23:57:31,331.775087243865,3.91297667734638,1705429.3254147,1964.72616038293
2026-07-04 23:57:32,331.908064284406,3.98119812815416,1699543.54616453,1961.8834539175
2026-07-04 23:57:33,332.041963901717,4.04961405565772,1693666.33575877,1959.00881403788
2026-07-04 23:57:34,332.176794928545,4.11822523681111,1687797.79061222,1956.10185074911
2026-07-04 23:57:35,332.31256626935,4.18703242317615,1681938.00934079,1953.16216928139
2026-07-04 23:57:36,332.449286582265,4.25603629064669,1676087.0971231,1950.18937990271
2026-07-04 23:57:37,332.586965758905,4.32523775230608,1670245.13851848,1947.18305427114
2026-07-04 23:57:38,332.725612576655,4.39463741924814,1664412.24411498,1944.14279349969
2026-07-04 23:57:39,332.865236365257,4.4642360098708,1658588.51510552,1941.06818051726
2026-07-04 23:57:40,333.005846527709,4.53403421308009,1652774.05500736,1937.9587932396
2026-07-04 23:57:41,333.147452568434,4.60403270532229,1646968.96818699,1934.81420401396
2026-07-04 23:57:42,333.290064063503,4.67423213136022,1641173.36139832,1931.63398014915
2026-07-04 23:57:43,333.433690292845,4.74463303535208,1635387.34951921,1928.41769502705
2026-07-04 23:57:44,333.578341853805,4.81523620631664,1629611.02650822,1925.16488042171
2026-07-04 23:57:45,333.724028190551,4.88604213201596,1623844.51118156,1921.87509901477
2026-07-04 23:57:46,333.870759350356,4.9570514114914,1618087.91261949,1918.54789345233
2026-07-04 23:57:47,334.018545365777,5.02826456894071,1612341.34551192,1915.18280320048
2026-07-04 23:57:48,334.167396452025,5.09968214206102,1606604.92291407,1911.77935987718
2026-07-04 23:57:49,334.317322857315,5.17130461359003,1600878.76172246,1908.33709073993
2026-07-04 23:57:50,334.468335016349,5.24313247826432,1595162.97723277,1904.85551499339
2026-07-04 23:57:51,334.62044290261,5.31516605600656,1589457.69806692,1901.33416180175
2026-07-04 23:57:52,334.773658036118,5.3874059763454,1583763.02712176,1897.77251198993
2026-07-04 23:57:53,334.927990651738,5.45985252535109,1578079.09415772,1894.17008099945
2026-07-04 23:57:54,335.08345152316,5.53250605307134,1572406.02279915,1890.52636511695
2026-07-04 23:57:55,335.240051565054,5.60536689392719,1566743.93695731,1886.84085341883
2026-07-04 23:57:56,335.397801808543,5.67843535647771,1561092.96157884,1883.11302836448
2026-07-04 23:57:57,335.556713276912,5.75171166413977,1555453.22713337,1879.34236868961
2026-07-04 23:57:58,335.716796811991,5.82519599169395,1549824.86679127,1875.52835644926
2026-07-04 23:57:59,335.878064601945,5.89888869491568,1544207.99829046,1871.67042886321
2026-07-04 23:58:00,336.040527553665,5.97278980777208,1538602.7631589,1867.76805840688
2026-07-04 23:58:01,336.204197291496,6.0468994871682,1533009.29204211,1863.82069343278
2026-07-04 23:58:02,336.369085359335,6.12121776707486,1527427.72348624,1859.82778019817
2026-07-04 23:58:03,336.535203506686,6.19574468427494,1521858.19431955,1855.78875588178
2026-07-04 23:58:04,336.702563625994,6.27048024770274,1516300.84191925,1851.70305002664
2026-07-04 23:58:05,336.871177626815,6.34542438318993,1510755.80822837,1847.57008763648
2026-07-04 23:58:06,337.04105706898,6.42057689109258,1505223.24283305,1843.38930114841
2026-07-04 23:58:07,337.212215104127,6.49593781391466,1499703.27532368,1839.16007068391
2026-07-04 23:58:08,337.38466345248,6.57150683099552,1494196.06054206,1834.88181626897
2026-07-04 23:58:09,337.558414511363,6.64728370193164,1488701.74529064,1830.55393405468
2026-07-04 23:58:10,337.733480758194,6.72326811962156,1483220.47917798,1826.17581386405
2026-07-04 23:58:11,337.909874784923,6.79945972825559,1477752.4132044,1821.74683841763
2026-07-04 23:58:12,338.087609271901,6.87585810787205,1472297.70076154,1817.2663839003
2026-07-04 23:58:13,338.26669645315,6.95246267124437,1466856.50493881,1812.73383652099
2026-07-04 23:58:14,338.447150253868,7.02927307258759,1461428.96890154,1808.14852634139
2026-07-04 23:58:15,338.628983139877,7.10628860969193,1456015.25900139,1803.50982492999
2026-07-04 23:58:16,338.812208215701,7.18350862286563,1450615.53579191,1798.81708039294
2026-07-04 23:58:17,338.996838681483,7.26093238003433,1445229.96219649,1794.06963393568
2026-07-04 23:58:18,339.182887868394,7.33855909483058,1439858.70213011,1789.26681905105
2026-07-04 23:58:19,339.370369071278,7.41638785483017,1434501.92532476,1784.40796582318
2026-07-04 23:58:20,339.559295386765,7.49441767846416,1429159.80332549,1779.49240810385
2026-07-04 23:58:21,339.749681331714,7.57264767174254,1423832.49826122,1774.51942939437
2026-07-04 23:58:22,339.941540125039,7.65107666872935,1418520.18798934,1769.4883515004
2026-07-04 23:58:23,340.134885542237,7.72970348962195,1413223.04780154,1764.39847442484
2026-07-04 23:58:24,340.329731508264,7.80852689043559,1407941.25387755,1759.24908974011
2026-07-04 23:58:25,340.526091885644,7.88754548453103,1402674.98839918,1754.03948639815
2026-07-04 23:58:26,340.723980859498,7.96675788698006,1397424.42974966,1748.76894032254
2026-07-04 23:58:27,340.923412474321,8.04616253419919,1392189.7643912,1743.43672688328
2026-07-04 23:58:28,341.124400464597,8.12575774536553,1386971.1826411,1738.04212850442
2026-07-04 23:58:29,341.326960280888,8.20554198875832,1381768.86072846,1732.58436797353
2026-07-04 23:58:30,341.531105703901,8.28551334168175,1376582.99664823,1727.06271778581
2026-07-04 23:58:31,341.736851258003,8.36566991019683,1371413.78205199,1721.47642311876
2026-07-04 23:58:32,341.944211540547,8.44600969081496,1366261.4112694,1715.82472280702
2026-07-04 23:58:33,342.153201143234,8.52653054696717,1361126.08263662,1710.1068517159
2026-07-04 23:58:34,342.363834787097,8.60723025070703,1356007.99563851,1704.32203689304
2026-07-04 23:58:35,342.576126804052,8.68810642397091,1350907.35456625,1698.46951506025
2026-07-04 23:58:36,342.790093023369,8.76915671001849,1345824.35716837,1692.54846831018
2026-07-04 23:58:37,343.005747898025,8.85037848928663,1340759.21297124,1686.55812170254
2026-07-04 23:58:38,343.223106358791,8.93176904841356,1335712.1320092,1680.49768013917
2026-07-04 23:58:39,343.442183478958,9.01332557609788,1330683.32504137,1674.36634045671
2026-07-04 23:58:40,343.662994353421,9.09504512350223,1325673.00584368,1668.16329501001
2026-07-04 23:58:41,343.885554155189,9.1769246193349,1320681.39008883,1661.88773005462
2026-07-04 23:58:42,344.109878057665,9.25896084111091,1315708.69691404,1655.53882803406
2026-07-04 23:58:43,344.335980726494,9.34115037053887,1310755.15147198,1649.11578524384
2026-07-04 23:58:44,344.563878563124,9.42348983900234,1305820.96962228,1642.6177355634
2026-07-04 23:58:45,344.793586303116,9.5059755407359,1300906.38157808,1636.04386600961
2026-07-04 23:58:46,345.025119395416,9.58860372368614,1296011.61384366,1629.39333656588
2026-07-04 23:58:47,345.258493057271,9.67137039866759,1291136.90049591,1622.66531058237
2026-07-04 23:58:48,345.493722824243,9.75427152224578,1286282.47215659,1615.85893880625
2026-07-04 23:58:49,345.730823974895,9.83730279947665,1281448.5674201,1608.97337624711
2026-07-04 23:58:50,345.969811364095,9.9204597690849,1276635.42765545,1602.00779036893
2026-07-04 23:58:51,346.210701631699,10.0037379822257,1271843.28622729,1594.9612839624
2026-07-04 23:58:52,346.453509531084,10.0871326061633,1267072.39167392,1587.83302150271
2026-07-04 23:58:53,346.698250470312,10.1706387153661,1262322.99031535,1580.62214235015
2026-07-04 23:58:54,346.94493993068,10.2542512389811,1257595.32922678,1573.32778108237
2026-07-04 23:58:55,347.193593135229,10.3379648482462,1252889.66239494,1565.94907745977
2026-07-04 23:58:56,347.444225472238,10.4217740896431,1248206.24296018,1558.48516385831
2026-07-04 23:58:57,347.696851658051,10.5056732629441,1243545.32993442,1550.93519377796
2026-07-04 23:58:58,347.951488045623,10.5896565854205,1238907.17858104,1543.29826011064
2026-07-04 23:58:59,348.208149339269,10.6737179917612,1234292.05174737,1535.57351259776
2026-07-04 23:59:00,348.466850583479,10.7578512046763,1229700.21539964,1527.76008599524
2026-07-04 23:59:01,348.727606894818,10.8420497853311,1225131.93573306,1519.85711123598
2026-07-04 23:59:02,348.990433185988,10.9263070509774,1220587.48346418,1511.86372412682
2026-07-04 23:59:03,349.255344409122,11.0106161419959,1216067.12997611,1503.77905794482
2026-07-04 23:59:04,349.522355265345,11.0949699387549,1211571.15158866,1495.60225270639
2026-07-04 23:59:05,349.79147989496,11.1793611125273,1207099.82664418,1487.33246808113
2026-07-04 23:59:06,350.062734077587,11.2637821989949,1202653.43123285,1478.96880297384
2026-07-04 23:59:07,350.336131651965,11.3482253996549,1198232.24983347,1470.51042526258
2026-07-04 23:59:08,350.611686858426,11.432682700991,1193836.56852887,1461.9564871329
2026-07-04 23:59:09,350.889413887446,11.5171458875696,1189466.67421217,1453.30614242552
2026-07-04 23:59:10,351.169326638432,11.6016064638786,1185122.85844403,1444.55855429682
2026-07-04 23:59:11,351.451439029964,11.6860557510368,1180805.41226251,1435.71288585969
2026-07-04 23:59:12,351.735763938871,11.7704847320485,1176514.6339648,1426.76833713381
2026-07-04 23:59:13,352.022316143338,11.8548842836198,1172250.81691195,1417.72403937448
2026-07-04 23:59:14,352.311108165284,11.9392449028185,1168014.26352285,1408.57920613316
2026-07-04 23:59:15,352.602152929968,12.0235568574873,1163805.27722153,1399.33303661802
2026-07-04 23:59:16,352.895463294674,12.1078102069794,1159624.16131811,1389.98473410115
2026-07-04 23:59:17,353.191051651544,12.1919946896332,1155471.22444038,1380.53351888984
2026-07-04 23:59:18,353.48893026007,12.2760998137539,1151346.77582456,1370.97861794721
2026-07-04 23:59:19,353.789111078939,12.3601148192447,1147251.12706527,1361.31927075632
2026-07-04 23:59:20,354.09160501282,12.4440286289435,1143184.5943346,1351.55475725233
2026-07-04 23:59:21,354.396424735634,12.5278299788881,1139147.49176792,1341.68429358262
2026-07-04 23:59:22,354.703580668359,12.6115072853779,1135140.13798669,1331.70718241297
2026-07-04 23:59:23,355.013083366967,12.6950486613346,1131162.85497689,1321.6227229643
2026-07-04 23:59:24,355.324943184423,12.7784419829665,1127215.96480339,1311.43022549751
2026-07-04 23:59:25,355.639169978642,12.8616748130525,1123299.79313769,1301.12902119587
2026-07-04 23:59:26,355.955773324529,12.9447344653387,1119414.66608776,1290.71845572362
2026-07-04 23:59:27,356.274761567128,13.0276079255994,1115560.91380956,1280.19792417335
2026-07-04 23:59:28,356.596144777099,13.1102819496726,1111738.86573568,1269.56676030142
2026-07-04 23:59:29,356.919930585005,13.1927429940601,1107948.85386475,1258.82439481787
2026-07-04 23:59:30,357.246126656057,13.2749771940258,1104191.21356254,1247.97026064752
2026-07-04 23:59:31,357.574740324587,13.3569704402409,1100466.27998812,1237.00380877006
2026-07-04 23:59:32,357.905778305507,13.4387083054356,1096774.39138375,1225.92451814214
2026-07-04 23:59:33,358.239246906764,13.5201761096363,1093115.88605509,1214.73188919178
2026-07-04 23:59:34,358.575151734744,13.6013588479685,1089491.10558143,1203.4254540288
2026-07-04 23:59:35,358.913497346858,13.6822412908987,1085900.39029849,1192.00479223534
2026-07-04 23:59:36,359.254289608682,13.7628078583986,1082344.08486187,1180.46943770234
2026-07-04 23:59:37,359.597531907133,13.8430427567774,1078822.53220546,1168.81902777177
2026-07-04 23:59:38,359.943227497585,13.9229298658439,1075336.07850636,1157.05321080197
2026-07-04 23:59:39,0.291379049024079,14.0024527982591,1071885.07057954,1145.1716652092
2026-07-04 23:59:40,0.641988590783322,14.0815949020749,1068469.85580795,1133.17410188582
2026-07-04 23:59:41,0.995057613561398,14.1603392874909,1065090.78104934,1121.06026111972
2026-07-04 23:59:42,1.35058579957467,14.2386687365485,1061748.19656467,1108.82996037052
2026-07-04 23:59:43,1.70857470535661,14.3165658033434,1058442.45180378,1096.48295362356
2026-07-04 23:59:44,2.0690228012952,14.3940128047482,1055173.89587844,1084.01912401033
2026-07-04 23:59:45,2.43192834487755,14.4709917543254,1051942.88047696,1071.43837128884
2026-07-04 23:59:46,2.79728899143131,14.5474844587092,1048749.75590218,1058.74062911476
2026-07-04 23:59:47,3.16510168335058,14.6234724994121,1045594.8720009,1045.92586922172
2026-07-04 23:59:48,3.53536232158375,14.6989371876179,1042478.58018756,1032.99411356433
2026-07-04 23:59:49,3.90806521099627,14.7738596400271,1039401.23043542,1019.94545775032
2026-07-04 23:59:50,4.28320630575812,14.848220708422,1036363.17445543,1006.77994315682
2026-07-04 23:59:51,4.6607781125201,14.922001071937,1033364.76196187,993.497757902063
2026-07-04 23:59:52,5.04077315020528,14.9951812091248,1030406.34214213,980.099101464424
2026-07-04 23:59:53,5.42318296801049,15.06774139941,1027488.26380553,966.584223203805
2026-07-04 23:59:54,5.80799822673846,15.1396617465698,1024610.87468527,952.953419805603
2026-07-04 23:59:55,6.19520848018748,15.2109221623838,1021774.52235459,939.207043651957
2026-07-04 23:59:56,6.58480248126743,15.2815024253059,1018979.55217035,925.345492125077
2026-07-04 23:59:57,6.97676703106793,15.3513821880273,1016226.30725088,911.369252989218
2026-07-04 23:59:58,7.37109034034307,15.4205408296572,1013515.1347752,897.278769672186
2026-07-04 23:59:59,7.7677573734834,15.4889577725321,1010846.37358287,883.074630253513
2026-07-05 00:00:00,8.16675257326929,15.5566122389868,1008220.36427499,868.75745580392
2026-07-05 00:00:01,8.5680595444321,15.623483386139,1005637.44425654,854.327915479056
2026-07-05 00:00:02,8.97166062666291,15.6895502626696,1003097.94979832,839.78674241197
2026-07-05 00:00:03,9.37753729038738,15.7547918804035,1000602.21367834,825.134719558849
2026-07-05 00:00:04,9.78566869000447,15.8191872041909,998150.565931225,810.372736334124
2026-07-05 00:00:05,10.1960359172579,15.8827150557048,995743.338192357,795.50161929697
2026-07-05 00:00:06,10.6086160125135,15.9453543578117,993380.85443514,780.522372480879
2026-07-05 00:00:07,11.0233857995065,16.0070839815072,991063.437534134,765.436023371591
2026-07-05 00:00:08,11.4403210431533,16.0678828232773,988791.406737769,750.243657405813
2026-07-05 00:00:09,11.8593964096094,16.1277298154352,986565.077773905,734.946419553282
2026-07-05 00:00:10,12.2805850467646,16.1866038947108,984384.764500893,719.545529979181
2026-07-05 00:00:11,12.7038595242867,16.2444841389667,982250.774350067,704.042249525132
2026-07-05 00:00:12,13.1291899924662,16.3013497507123,980163.40938936,688.437951605824
2026-07-05 00:00:13,13.5565478786433,16.3571797686375,978122.977811481,672.733970495141
2026-07-05 00:00:14,13.9859013624758,16.4119536679147,976129.77184568,656.93179129627
2026-07-05 00:00:15,14.4172177946294,16.465650928319,974184.084552651,641.03294560162
2026-07-05 00:00:16,14.8504636807259,16.5182512325396,972286.203029244,625.03901572602
2026-07-05 00:00:17,15.2856042619822,16.5697344414784,970436.409870449,608.951650293451
2026-07-05 00:00:18,15.7226036762569,16.6200806280123,968634.982520128,592.772558118868
2026-07-05 00:00:19,16.161423907476,16.6692701925826,966882.189574868,576.503551410135
2026-07-05 00:00:20,16.6020285284238,16.7172834765916,965178.305698756,560.146390098783
2026-07-05 00:00:21,17.0443772438023,16.7641014002553,963523.588607684,543.703009011614
2026-07-05 00:00:22,17.4884296122135,16.8097050848005,961918.293699672,527.175363137961
2026-07-05 00:00:23,17.9341440476245,16.854075959809,960362.670665403,510.56546850737
2026-07-05 00:00:24,18.3814778864511,16.8971957988525,958856.962802945,493.87539964933
2026-07-05 00:00:25,18.8303872605895,16.9390467186372,957401.407625661,477.107293904196
2026-07-05 00:00:26,19.2808265608862,16.979611366809,955996.230708921,460.263375632551
2026-07-05 00:00:27,19.7327515307679,17.0188723815851,954641.665779607,443.34582302847
2026-07-05 00:00:28,20.1861143961063,17.0568132204936,953337.925348219,426.356975524794
2026-07-05 00:00:29,20.6408671290076,17.0934176463177,952085.219882532,409.299194379871
2026-07-05 00:00:30,21.0969609450033,17.1286699028903,950883.752069363,392.174885279815
2026-07-05 00:00:31,21.5543460302132,17.1625547055153,949733.717680386,374.98650804446
2026-07-05 00:00:32,22.0129713385236,17.1950572572196,948635.305513366,357.736584058393
2026-07-05 00:00:33,22.4727854056237,17.226163311107,947588.69580309,340.427664904904
2026-07-05 00:00:34,22.9337347333754,17.2558592998246,946594.056059808,323.062397298171
2026-07-05 00:00:35,23.3957674728241,17.284131740417,945651.562732857,305.643366130996
2026-07-05 00:00:36,23.8588287254187,17.3109682092415,944761.36712522,288.173297220208
2026-07-05 00:00:37,24.3228635494438,17.3363567153733,943923.618085054,270.654926069789
2026-07-05 00:00:38,24.7878159882657,17.3602858636028,943138.456645725,253.091038236647
2026-07-05 00:00:39,25.2536299122963,17.382744907779,942406.01467976,235.484436816473
2026-07-05 00:00:40,25.7202480133496,17.4037237183403,941726.416331106,217.837979922964
2026-07-05 00:00:41,26.1876118312974,17.4232130170422,941099.770266305,200.154583553607
2026-07-05 00:00:42,26.6556649221248,17.4412036497549,940526.19554391,182.437082789408
2026-07-05 00:00:43,27.1243474332014,17.4576876702761,940005.783850432,164.688463684907
2026-07-05 00:00:44,27.5936001683501,17.4726576559201,939538.623943267,146.911690546818
2026-07-05 00:00:45,28.063363446028,17.4861068815538,939124.79578688,129.109752907509
2026-07-05 00:00:46,28.533577077643,17.4980293336406,938764.37032307,111.28566572384
2026-07-05 00:00:47,29.0041804818954,17.5084197159559,938457.409516614,93.4424641658487
2026-07-05 00:00:48,29.4751130497696,17.5172734660878,938203.966029469,75.5831890705961
2026-07-05 00:00:49,29.9463127917002,17.5245869583541,938004.076260384,57.710942189168
2026-07-05 00:00:50,30.4177201593572,17.530356686431,937857.789055934,39.8287216124732
2026-07-05 00:00:51,30.8892726834118,17.5345805061391,937765.122440333,21.9396526070397
2026-07-05 00:00:52,31.3609090472961,17.5372568177078,937726.092312864,4.04681345995193
2026-07-05 00:00:53,31.8325674966033,17.5383847655874,937740.705446715,-13.8467002942421
2026-07-05 00:00:54,32.3041864307447,17.5379642505805,937808.959164549,-31.7377989791205
2026-07-05 00:00:55,32.775704247279,17.5359959192056,937930.841683954,-49.6233938601409
2026-07-05 00:00:56,33.2470587589247,17.5324813962091,938106.324004789,-67.500370912175
2026-07-05 00:00:57,33.7181898777233,17.5274223767766,938335.391431447,-85.3657125263827
2026-07-05 00:00:58,34.189035724022,17.5208219715764,938617.996695678,-103.216322203077
2026-07-05 00:00:59,34.6595353350224,17.5126838105326,938954.091016609,-121.049146943893
2026-07-05 00:01:00,35.1296278475452,17.5030122563204,939343.616500946,-138.861142472931
2026-07-05 00:01:01,35.5992530846564,17.4918123938258,939786.506395276,-156.649296078002
2026-07-05 00:01:02,36.0683507645264,17.4790900389754,940282.684477625,-174.410597425805
2026-07-05 00:01:03,36.5368613473172,17.4648517107725,940832.065886927,-192.142071415195
2026-07-05 00:01:04,37.0047249968859,17.4491048776581,941434.548185582,-209.840734725171
2026-07-05 00:01:05,37.4718843688611,17.4318569617186,942090.045947984,-227.503721509943
2026-07-05 00:01:06,37.9382806056605,17.4131168069437,942798.439043255,-245.128103204779
2026-07-05 00:01:07,38.4038563645973,17.392893659988,943559.607998213,-262.711023563652
2026-07-05 00:01:08,38.8685544745742,17.3711974529958,944373.423661301,-280.249643189991
2026-07-05 00:01:09,39.3323187838565,17.3480387344721,945239.74932448,-297.741172655114
2026-07-05 00:01:10,39.7950937874917,17.3234286838061,946158.439763868,-315.182858759876
2026-07-05 00:01:11,40.2568239167291,17.2973793618554,947129.331919953,-332.571953490213
2026-07-05 00:01:12,40.7174565854746,17.2699026182388,948152.283160727,-349.905849288182
2026-07-05 00:01:13,41.1769377991491,17.2410116867036,949227.114321257,-367.181884154513
2026-07-05 00:01:14,41.635215293895,17.2107200755609,950353.648503592,-384.397480648463
2026-07-05 00:01:15,42.092237477048,17.1790418550537,951531.700370208,-401.550101149281
2026-07-05 00:01:16,42.5479538525736,17.1459916025327,952761.077613335,-418.63726453538
2026-07-05 00:01:17,43.0023146391196,17.1115844120199,954041.580037481,-435.656532297441
2026-07-05 00:01:18,43.4552707084037,17.0758361158072,955372.991091435,-452.605501575418
2026-07-05 00:01:19,43.9067754770689,17.0387622047102,956755.116051715,-469.48189647098
2026-07-05 00:01:20,44.3567817238252,17.0003794195589,958187.724350863,-486.283419157439
2026-07-05 00:01:21,44.8052437410209,16.9607046655885,959670.587930225,-503.00785072556
2026-07-05 00:01:22,45.2521168889716,16.919755243926,961203.472373871,-519.653029990804
2026-07-05 00:01:23,45.6973576315852,16.8775488387931,962786.136787917,-536.216854866924
2026-07-05 00:01:24,46.1409237210301,16.8341034654306,964418.335117268,-552.697289768117
2026-07-05 00:01:25,46.5827735451923,16.7894375329989,966099.813187017,-569.092341163143
2026-07-05 00:01:26,47.02286658761,16.74356999507,967830.302628932,-585.400070190963
2026-07-05 00:01:27,47.4611647344344,16.6965192809507,969609.55948578,-601.618661371776
2026-07-05 00:01:28,47.8976294108791,16.6483049517137,971437.302825746,-617.746286004817
2026-07-05 00:01:29,48.33222400611,16.5989464980631,973313.258297917,-633.781212779908
2026-07-05 00:01:30,48.7649127377154,16.5484636885018,975237.144691367,-649.721760322996
2026-07-05 00:01:31,49.1956611799422,16.4968764716424,977208.677011911,-665.566317156604
2026-07-05 00:01:32,49.6244360616528,16.4442049910989,979227.565330816,-681.313333954148
2026-07-05 00:01:33,50.0512046713608,16.3904698677029,981293.503545235,-696.961296683912
2026-07-05 00:01:34,50.4759370052476,16.335690984572,983406.214558157,-712.508825917181
2026-07-05 00:01:35,50.8986028992771,16.279889211203,985565.384876902,-727.954540698454
2026-07-05 00:01:36,51.3191735919976,16.2230852679414,987770.706677985,-743.297136397802
2026-07-05 00:01:37,51.7376216999194,16.1652999357603,990021.869460136,-758.535378503083
2026-07-05 00:01:38,52.1539208228515,16.1065540955215,992318.557974104,-773.66808794688
2026-07-05 00:01:39,52.5680459012714,16.0468686456964,994660.454878026,-788.694154254954
2026-07-05 00:01:40,52.9799728392206,15.9862645544669,997047.238190561,-803.612521249821
2026-07-05 00:01:41,53.3896783540319,15.9247630812994,999478.57215773,-818.422176702577
2026-07-05 00:01:42,53.7971416948105,15.8623845826431,1001954.15321173,-833.122234477506
2026-07-05 00:01:43,54.2023416950444,15.7991503225888,1004473.63913464,-847.711796979642
2026-07-05 00:01:44,54.6052589446321,15.7350811983331,1007036.6981094,-862.190054082515
2026-07-05 00:01:45,55.0058749573627,15.6701980922449,1009642.99457189,-876.556247373103
2026-07-05 00:01:46,55.4041725109096,15.6045217843766,1012292.19226065,-890.809682417379
2026-07-05 00:01:47,55.8001352433762,15.538073017181,1014983.9512071,-904.949713618427
2026-07-05 00:01:48,56.1937477609229,15.4708726816068,1017717.91987055,-918.975742971639
2026-07-05 00:01:49,56.5849965290562,15.4029407324796,1020493.77822611,-932.887271558503
2026-07-05 00:01:50,56.97386821576,15.3342978322491,1023311.17160748,-946.683809749254
2026-07-05 00:01:51,57.3603506484939,15.2649642557722,1026169.75412338,-960.364931260246
2026-07-05 00:01:52,57.7444327206796,15.1949601241667,1029069.17902693,-973.930264231786
2026-07-05 00:01:53,58.1261041968416,15.1243054167052,1032009.09789748,-987.37948412221
2026-07-05 00:01:54,58.5053561820596,15.0530198724966,1034989.16444275,-1000.71232974004
2026-07-05 00:01:55,58.8821798475301,14.9811234553349,1038009.01487913,-1013.92855278606
2026-07-05 00:01:56,59.2565687144554,14.9086349696912,1041068.32514714,-1027.02801807935
2026-07-05 00:01:57,59.6285160789132,14.8355739320751,1044166.73307916,-1040.01058223827
2026-07-05 00:01:58,59.998016272859,14.7619593950144,1047303.88681817,-1052.87615781224
2026-07-05 00:01:59,60.365064711339,14.6878101554458,1050479.43608456,-1065.62470931308
2026-07-05 00:02:00,60.7296575854938,14.6131447962018,1053693.03022603,-1078.25624218371
2026-07-05 00:02:01,61.0917919399462,14.5379816679916,1056944.31881493,-1090.77080484285
2026-07-05 00:02:02,61.4514655088887,14.4623389124245,1060232.95048334,-1103.16848256389
2026-07-05 00:02:03,61.8086766424911,14.3862346912937,1063558.56283961,-1115.44938973817
2026-07-05 00:02:04,62.1634252634,14.309686055485,1066920.83127586,-1127.61372193469
2026-07-05 00:02:05,62.5157111772154,14.2327106783041,1070319.39397699,-1139.66166757602
2026-07-05 00:02:06,62.8655351973313,14.1553256838265,1073753.90237578,-1151.59346606657
2026-07-05 00:02:07,63.2128988699352,14.0775479278713,1077224.00898222,-1163.40939284488
2026-07-05 00:02:08,63.5578043193869,13.9993940207849,1080729.3662966,-1175.1097537285
2026-07-05 00:02:09,63.9002544609791,13.9208802785123,1084269.62894884,-1186.69489152687
2026-07-05 00:02:10,64.2402524387088,13.8420230687583,1087844.43808333,-1198.16516181602
2026-07-05 00:02:11,64.5778029817911,13.7628375662654,1091453.47729586,-1209.52099777321
2026-07-05 00:02:12,64.9129104414658,13.6833395916074,1095096.39006005,-1220.76281402932
2026-07-05 00:02:13,65.2455801644968,13.6035443563016,1098772.83603077,-1231.89107226526
2026-07-05 00:02:14,65.5758179180798,13.5234668286682,1102482.47461186,-1242.90625636433
2026-07-05 00:02:15,65.9036301137683,13.4431216646516,1106224.96816392,-1253.80887966974
2026-07-05 00:02:16,66.2290237067903,13.3625232380536,1109999.98067127,-1264.59948089773
2026-07-05 00:02:17,66.5520059267323,13.2816856957785,1113807.17518198,-1275.27861493825
2026-07-05 00:02:18,66.8725845487529,13.2006231164929,1117646.2063812,-1285.84685670544
2026-07-05 00:02:19,67.190768370959,13.1193484629034,1121516.7699436,-1296.3048353919
2026-07-05 00:02:20,67.5065658751832,13.037875300889,1125418.52188046,-1306.65316127888
2026-07-05 00:02:21,67.8199862960935,12.9562166052767,1129351.13465123,-1316.89247965534
2026-07-05 00:02:22,68.1310393138043,12.8743850534741,1133314.28353596,-1327.02345567796
2026-07-05 00:02:23,68.4397348044209,12.7923931055755,1137307.64286818,-1337.04676550777
2026-07-05 00:02:24,68.7460832099371,12.7102528881435,1141330.89177205,-1346.9631082963
2026-07-05 00:02:25,69.0500950753949,12.6279765513834,1145383.69683615,-1356.77318600234
2026-07-05 00:02:26,69.3517818957543,12.5455751162144,1149465.76867567,-1366.47774900005
2026-07-05 00:02:27,69.651154846191,12.4630601966863,1153576.77787459,-1376.07752676106
2026-07-05 00:02:28,69.9482256059851,12.3804428582156,1157716.41085367,-1385.5732727309
2026-07-05 00:02:29,70.2430062395174,12.2977338707682,1161884.3577346,-1394.96575554508
2026-07-05 00:02:30,70.5355089435828,12.2149437798577,1166080.3089368,-1404.25575058783
2026-07-05 00:02:31,70.8257463819813,12.1320828142162,1170303.96000987,-1413.44405024414
2026-07-05 00:02:32,71.1137312659176,12.0491609992331,1174555.00605447,-1422.5314503354
2026-07-05 00:02:33,71.3994765333953,11.9661883402988,1178833.13243806,-1431.51875093408
2026-07-05 00:02:34,71.6829956937935,11.8831737947893,1183138.06770063,-1440.40678507338
2026-07-05 00:02:35,71.9643021409056,11.8001268548306,1187469.50272592,-1449.19636957072
2026-07-05 00:02:36,72.2434093664223,11.7170565714014,1191827.14071217,-1457.88832960085
2026-07-05 00:02:37,72.5203314160543,11.6339716303111,1196210.69372916,-1466.48350840098
2026-07-05 00:02:38,72.7950822210212,11.5508805745378,1200619.87127981,-1474.98274569537
2026-07-05 00:02:39,73.0676759335013,11.4677916858806,1205054.38668118,-1483.38688827802
2026-07-05 00:02:40,73.3381267857818,11.3847132683723,1209513.94214159,-1491.69678080203
2026-07-05 00:02:41,73.6064495425811,11.3016525799697,1213998.28605826,-1499.91329718496
2026-07-05 00:02:42,73.872658534334,11.2186175221806,1218507.12302084,-1508.0372840472
2026-07-05 00:02:43,74.1367685753142,11.1356154264052,1223040.17878044,-1516.06960651904
2026-07-05 00:02:44,74.3987945057505,11.0526534274846,1227597.18051843,-1524.01112952352
2026-07-05 00:02:45,74.6587511019006,10.9697385065353,1232177.85465723,-1531.86271466352
2026-07-05 00:02:46,74.9166535178639,10.8868773298621,1236781.93594654,-1539.62523377984
2026-07-05 00:02:47,75.1725166054846,10.8040767170646,1241409.14169634,-1547.29954360099
2026-07-05 00:02:48,75.4263557213838,10.7213424512618,1246059.23815367,-1554.88652714696
2026-07-05 00:02:49,75.6781860491031,10.6386808785599,1250731.95186865,-1562.38704748606
2026-07-05 00:02:50,75.9280227924025,10.5560979335121,1255427.02392333,-1569.80197044662
2026-07-05 00:02:51,76.1758812004649,10.4735993594816,1260144.19794049,-1577.13216097901
2026-07-05 00:02:52,76.4217767333677,10.3911906476853,1264883.22381121,-1584.37848798772
2026-07-05 00:02:53,76.6657246312852,10.3088771965151,1269643.84877936,-1591.54181120779
2026-07-05 00:02:54,76.9077403307046,10.2266641584121,1274425.8264325,-1598.6229936343
2026-07-05 00:02:55,77.147839170902,10.1445567812079,1279228.89707308,-1605.62288843669
2026-07-05 00:02:56,77.3860367118926,10.0625593771844,1284052.84801723,-1612.54236466839
2026-07-05 00:02:57,77.6223483002417,9.98067684964712,1288897.42492829,-1619.3822697965
2026-07-05 00:02:58,77.8567892493446,9.89891372281319,1293762.38835924,-1626.14345125774
2026-07-05 00:02:59,78.0893750754323,9.81727427724987,1298647.5062589,-1632.82675923877
2026-07-05 00:03:00,78.3201210907141,9.73576270810375,1303552.54477315,-1639.43303457669
2026-07-05 00:03:01,78.5490426809759,9.6543830173432,1308477.27486292,-1645.96311688984
2026-07-05 00:03:02,78.776155144416,9.57313931081085,1313421.45450993,-1652.41783574074
2026-07-05 00:03:03,79.0014739095131,9.49203479942153,1318384.88952685,-1658.79803272111
2026-07-05 00:03:04,79.2250140930008,9.41107333830742,1323367.34043006,-1665.10452494179
2026-07-05 00:03:05,79.4467910366335,9.33025831429242,1328368.5900724,-1671.33813615644
2026-07-05 00:03:06,79.6668198592577,9.24959304351378,1333388.4196537,-1677.49967997041
2026-07-05 00:03:07,79.8851157202033,9.16908067601957,1338426.61478537,-1683.58996723871
2026-07-05 00:03:08,80.1016937045092,9.08872423644392,1343482.96317015,-1689.60980282861
2026-07-05 00:03:09,80.3165688836979,9.00852660866035,1348557.255757,-1695.55998717028
2026-07-05 00:03:10,80.529756107365,8.92849084354945,1353649.26736947,-1701.44130666988
2026-07-05 00:03:11,80.7412704383185,8.84861907421062,1358758.82574948,-1707.25456103356
2026-07-05 00:03:12,80.9511265954209,8.76891411511066,1363885.71032024,-1713.00052476955
2026-07-05 00:03:13,81.1593393718717,8.68937837473198,1369029.72125725,-1718.67997421036
2026-07-05 00:03:14,81.3659235496401,8.61001412926227,1374190.66238784,-1724.29368108003
2026-07-05 00:03:15,81.5708936502605,8.53082362151528,1379368.33491625,-1729.84240568715
2026-07-05 00:03:16,81.774264262726,8.4518089254425,1384562.54638916,-1735.32690601348
2026-07-05 00:03:17,81.9760498816737,8.37297224838511,1389773.09099318,-1740.74792947023
2026-07-05 00:03:18,82.176264842197,8.294315044212,1394999.80820411,-1746.10622577522
2026-07-05 00:03:19,82.3749234506881,8.21583932869928,1400242.49628146,-1751.40252861355
2026-07-05 00:03:20,82.572040001853,8.13754676722601,1405500.97250368,-1756.63757059286
2026-07-05 00:03:21,82.7676285250725,8.05943900112732,1410775.05173361,-1761.81207290969
2026-07-05 00:03:22,82.9617031174073,7.98151752163647,1416064.55503159,-1766.92675413021
2026-07-05 00:03:23,83.1542776869194,7.90378376931821,1421369.30311187,-1771.98232345733
2026-07-05 00:03:24,83.3453661313722,7.82623929553893,1426689.10535876,-1776.97948189873
2026-07-05 00:03:25,83.5349821639976,7.74888492152459,1432023.81761257,-1781.9189317293
2026-07-05 00:03:26,83.7231394891756,7.67172203525927,1437373.25357425,-1786.80136007342
2026-07-05 00:03:27,83.9098516550892,7.59475174585617,1442737.24270502,-1791.62744905195
2026-07-05 00:03:28,84.0951321306722,7.517975077993,1448115.61711236,-1796.39787434588
2026-07-05 00:03:29,84.2789942680379,7.44139299235586,1453508.21025969,-1801.11330419235
2026-07-05 00:03:30,84.4614513370055,7.36500636611102,1458914.85846784,-1805.77440039518
2026-07-05 00:03:31,84.6425165791901,7.28881598084991,1464335.40192993,-1810.38181957102
2026-07-05 00:03:32,84.8222029965782,7.21282283796322,1469769.66230784,-1814.9362045012
2026-07-05 00:03:33,85.0005235784116,7.13702714739507,1475217.51508046,-1819.43820337849
2026-07-05 00:03:34,85.177491138755,7.06142977715953,1480678.78620041,-1823.88844548348
2026-07-05 00:03:35,85.3531184719007,6.98603126650183,1486153.32260347,-1828.28755867889
2026-07-05 00:03:36,85.5274182325108,6.91083211120637,1491640.97197614,-1832.63616298826
2026-07-05 00:03:37,85.7004029887268,6.83583274470825,1497141.58423148,-1836.93487192912
2026-07-05 00:03:38,85.872085134472,6.76103357181778,1502655.00913886,-1841.18429045391
2026-07-05 00:03:39,86.0424771525045,6.68643508788063,1508181.08755948,-1845.38501823638
2026-07-05 00:03:40,86.2115910820887,6.61203720197953,1513719.70170582,-1849.53764933332
2026-07-05 00:03:41,86.3794391421803,6.53784033044435,1519270.69435985,-1853.64276844078
2026-07-05 00:03:42,86.5460333744825,6.4638446463833,1524833.92441574,-1857.70095487772
2026-07-05 00:03:43,86.7113856648983,6.39005029617897,1530409.25096617,-1861.71278002387
2026-07-05 00:03:44,86.8755078602611,6.31645735207475,1535996.53697214,-1865.67881015448
2026-07-05 00:03:45,87.0384116361111,6.24306587156098,1541595.64487037,-1869.59960328504
2026-07-05 00:03:46,87.2001086279257,6.16987584058725,1547206.44097723,-1873.47571237316
2026-07-05 00:03:47,87.3606103724499,6.09688742909574,1552828.77591775,-1877.30768090028
2026-07-05 00:03:48,87.5199281528822,6.02410014857625,1558462.54959996,-1881.09605140173
2026-07-05 00:03:49,87.6780732802263,5.95151410238765,1564107.6150699,-1884.84135388484
2026-07-05 00:03:50,87.83505699928,5.87912910277035,1569763.84652837,-1888.54411595571
2026-07-05 00:03:51,87.9908903425927,5.8069449830964,1575431.11532817,-1892.20485616707
2026-07-05 00:03:52,88.145584315127,5.73496150176974,1581109.29754752,-1895.82408858674
2026-07-05 00:03:53,88.2991497578377,5.66317841689999,1586798.26821279,-1899.40231949873
2026-07-05 00:03:54,88.4515975510316,5.59159561181882,1592497.89130462,-1902.94004941037
2026-07-05 00:03:55,88.6029381505389,5.52021240792035,1598208.07460519,-1906.43777382285
2026-07-05 00:03:56,88.7531822601672,5.44902861659668,1603928.68607248,-1909.89598151096
2026-07-05 00:03:57,88.9023403096485,5.37804387247673,1609659.60686831,-1913.31515408289
2026-07-05 00:03:58,89.0504226582319,5.30725777017358,1615400.72059487,-1916.69576779667
2026-07-05 00:03:59,89.1974395632388,5.23666987584191,1621151.91244118,-1920.03829293209
2026-07-05 00:04:00,89.3434011536319,5.16627974676769,1626913.06764562,-1923.34319316931
2026-07-05 00:04:01,89.4883175440683,5.09608687047209,1632684.07654669,-1926.61092829882
2026-07-05 00:04:02,89.6321987442448,5.02609094656081,1638464.81139976,-1929.84194935333
2026-07-05 00:04:03,89.7750544399292,4.95629107195958,1644255.19374179,-1933.03670483348
2026-07-05 00:04:04,89.9168944993704,4.88668687372351,1650055.10092263,-1936.19563556309
2026-07-05 00:04:05,90.057728571204,4.81727778702215,1655864.42570243,-1939.31917675511
2026-07-05 00:04:06,90.1975661960149,4.74806323845024,1661683.0611801,-1942.40775772748
2026-07-05 00:04:07,90.3364168974705,4.67904258648614,1667510.90586473,-1945.46180413278
2026-07-05 00:04:08,90.4742900098029,4.610215226333,1673347.85490764,-1948.48173398203
2026-07-05 00:04:09,90.6111949437195,4.54158067626642,1679193.79267401,-1951.4679610487
2026-07-05 00:04:10,90.7471406507514,4.47313793139658,1685048.64796055,-1954.4208936453
2026-07-05 00:04:11,90.8821363529892,4.40488647972839,1690912.30745851,-1957.34093483983
2026-07-05 00:04:12,91.0161910348926,4.33682563352199,1696784.67270086,-1960.22848197023
2026-07-05 00:04:13,91.1493135788574,4.26895470201593,1702665.64539851,-1963.08392691798
2026-07-05 00:04:14,91.2815128507956,4.20127293254126,1708555.13259815,-1965.90765815893
2026-07-05 00:04:15,91.4127975370932,4.13377961303782,1714453.03783456,-1968.70005710951
2026-07-05 00:04:16,91.543176410401,4.06647415491361,1720359.25377299,-1971.4615014794
2026-07-05 00:04:17,91.6726577668801,3.99935546633557,1726273.71739325,-1974.19236329461
2026-07-05 00:04:18,91.8012502008726,3.93242293767007,1732196.32347066,-1976.89301038545
2026-07-05 00:04:19,91.928962042821,3.86567580707808,1738126.98024518,-1979.56380454993
2026-07-05 00:04:20,92.0558016386061,3.79911325012467,1744065.6016923,-1982.20510494387
2026-07-05 00:04:21,92.1817771084318,3.73273450574324,1750012.09634598,-1984.81726310096
2026-07-05 00:04:22,92.3068966245324,3.66653872896553,1755966.38047274,-1987.40062878279
2026-07-05 00:04:23,92.4311681889676,3.6005251164604,1761928.36687894,-1989.95554532009
2026-07-05 00:04:24,92.5545998510374,3.53469301363153,1767897.95509866,-1992.48235189797
2026-07-05 00:04:25,92.6771992299051,3.46904125202377,1773875.09166796,-1994.98138312014
2026-07-05 00:04:26,92.7989742689021,3.40356912999225,1779859.6811313,-1997.45297045913
2026-07-05 00:04:27,92.9199326021377,3.33827583237843,1785851.63865192,-1999.89743868862
2026-07-05 00:04:28,93.0400818685506,3.27316049274216,1791850.88446795,-2002.31510999204
2026-07-05 00:04:29,93.1594296225516,3.20822223390108,1797857.34024395,-2004.70630225692
2026-07-05 00:04:30,93.2779832734779,3.14346021949329,1803870.92430573,-2007.07132773916
2026-07-05 00:04:31,93.395750334604,3.07887373209956,1809891.54425845,-2009.41049603628
2026-07-05 00:04:32,93.5127378846096,3.01446155081053,1815919.15525563,-2011.72411218493
2026-07-05 00:04:33,93.6289532475191,2.95022297230205,1821953.6646519,-2014.01247688547
2026-07-05 00:04:34,93.7444035551256,2.88615711778644,1827994.99667306,-2016.27588679152
2026-07-05 00:04:35,93.8590959000691,2.82226308805235,1834043.07801429,-2018.51463528873
2026-07-05 00:04:36,93.9730372519252,2.75854000328162,1840097.83410068,-2020.72901095926
2026-07-05 00:04:37,94.0862345421175,2.69498696347347,1846159.19284667,-2022.91929921404
2026-07-05 00:04:38,94.1986946168072,2.63160307186758,1852227.08245916,-2025.08578144081
2026-07-05 00:04:39,94.3104243942142,2.56838757978695,1858301.41746538,-2027.22873598366
2026-07-05 00:04:40,94.4214302879763,2.50533928502651,1864382.15673304,-2029.34843540235
2026-07-05 00:04:41,94.5317190821239,2.44245742770639,1870469.21720101,-2031.44515087913
2026-07-05 00:04:42,94.6412973280163,2.37974111220967,1876562.52950798,-2033.51914890692
2026-07-05 00:04:43,94.7501714934364,2.31718944389532,1882662.02485812,-2035.57069221993
2026-07-05 00:04:44,94.8583480429086,2.25480149042266,1888767.63882209,-2037.60004127582
2026-07-05 00:04:45,94.9658333087679,2.19257635760217,1894879.30395196,-2039.60745185031
2026-07-05 00:04:46,95.0726337059591,2.13051329701538,1900996.9390566,-2041.5931771546
2026-07-05 00:04:47,95.1787551869495,2.06861108766844,1907120.51040195,-2043.5574655581
2026-07-05 00:04:48,95.2842040624817,2.00686896047898,1913249.94036309,-2045.50056414221
2026-07-05 00:04:49,95.3889863607399,1.9452860476931,1919385.16175342,-2047.42271458456
2026-07-05 00:04:50,95.493108176077,1.8838613962235,1925526.11663529,-2049.32415781014
2026-07-05 00:04:51,95.5965754353538,1.82259411626321,1931672.74154226,-2051.20512964115
2026-07-05 00:04:52,95.6993940266636,1.76148330978555,1937824.97458896,-2053.06586316878
2026-07-05 00:04:53,95.8015699359718,1.70052821247848,1943982.74108651,-2054.90658949111
2026-07-05 00:04:54,95.9031086675835,1.63972760861842,1950146.01292725,-2056.72753458792
2026-07-05 00:04:55,96.0040160165206,1.57908078307276,1956314.7120902,-2058.52892221861
2026-07-05 00:04:56,96.1042977004138,1.51858678899382,1962488.78484421,-2060.31097475237
2026-07-05 00:04:57,96.203959290168,1.45824473976611,1968668.17216,-2062.07391002177
2026-07-05 00:04:58,96.3030062761728,1.39805376023192,1974852.8146378,-2063.81794262663
2026-07-05 00:04:59,96.4014441894148,1.33801291747343,1981042.6596439,-2065.54328605829
2026-07-05 00:05:00,96.4992783953071,1.2781213473164,1987237.64831181,-2067.2501490948
2026-07-05 00:05:01,96.5965144185386,1.21837828971933,1993437.71169951,-2068.93873982
2026-07-05 00:05:02,96.6931572623137,1.15878256407587,1999642.82556351,-2070.60926062859
2026-07-05 00:05:03,96.789212327854,1.09933342153752,2005852.9215729,-2072.26191397745
2026-07-05 00:05:04,96.8846847860886,1.04002999001814,2012067.94506013,-2073.89689832212
2026-07-05 00:05:05,96.9795797869658,0.980871372142323,2018287.84487157,-2075.51441012586
2026-07-05 00:05:06,97.0739023939142,0.921856702285093,2024512.5673884,-2077.11464265229
2026-07-05 00:05:07,97.1676576407711,0.862985095694001,2030742.06187685,-2078.69778707388
2026-07-05 00:05:08,97.2608506533065,0.804255819798264,2036976.2622501,-2080.26403286736
2026-07-05 00:05:09,97.3534860570648,0.745667714139332,2043215.14893568,-2081.81356429168
2026-07-05 00:05:10,97.4455688537385,0.687220063571769,2049458.65580721,-2083.3465655744
2026-07-05 00:05:11,97.5371038797934,0.628911991841277,2055706.7347738,-2084.86321819988
2026-07-05 00:05:12,97.6280958933457,0.570742643337264,2061959.33642905,-2086.36370081645
2026-07-05 00:05:13,97.7185496018134,0.512711164969683,2068216.4119809,-2087.84818973093
2026-07-05 00:05:14,97.8084696821791,0.454816696335002,2074477.9143185,-2089.31685924467
2026-07-05 00:05:15,97.8978607515772,0.397058384760629,2080743.79639743,-2090.76988121906
2026-07-05 00:05:16,97.9867275549362,0.339435509324757,2087013.99764696,-2092.20742663171
2026-07-05 00:05:17,98.075074258925,0.281946979184325,2093288.49887259,-2093.6296600732
2026-07-05 00:05:18,98.1629055368745,0.224592061803446,2099567.24261906,-2095.03674852333
2026-07-05 00:05:19,98.2502257926806,0.167369939242965,2105850.18165075,-2096.42885464982
2026-07-05 00:05:20,98.3370394141294,0.110279770068595,2112137.27220562,-2097.80613952836
2026-07-05 00:05:21,98.4233507409893,0.0533207280498487,2118428.4697532,-2099.16876204625
2026-07-05 01:29:37,303.407960142485,0.0279185174605263,2110580.18803241,2274.45164196286
2026-07-05 01:29:38,303.365089649171,0.090124131060362,2103762.31099033,2274.03554038023
2026-07-05 01:29:39,303.32192015276,0.15252078305495,2096945.69088977,2273.61270997076
2026-07-05 01:29:40,303.278448705869,0.215110211153614,2090130.34997741,2273.18307305394
2026-07-05 01:29:41,303.234672291881,0.277894216987158,2083316.30600191,2272.74655041559
2026-07-05 01:29:42,303.190587747313,0.340874468064458,2076503.5938853,2272.30305970628
2026-07-05 01:29:43,303.146192261164,0.404053007983748,2069692.20987653,2271.85252361181
2026-07-05 01:29:44,303.101482573417,0.467431572961103,2062882.18657078,2271.39485705221
2026-07-05 01:29:45,303.056455532471,0.531012011626765,2056073.5467861,2270.92997591677
2026-07-05 01:29:46,303.011107929457,0.59479621175027,2049266.31174444,2270.45779457636
2026-07-05 01:29:47,302.965436520762,0.658786079969057,2042460.50328459,2269.97822612597
2026-07-05 01:29:48,302.919438012576,0.722983549872603,2035656.14304438,2269.49118217361
2026-07-05 01:29:49,302.873108944329,0.787390438782758,2028853.26777124,2268.9965708713
2026-07-05 01:29:50,302.826446197599,0.852008979191035,2022051.87259361,2268.49430519898
2026-07-05 01:29:51,302.779446234915,0.916841014829798,2015251.99696407,2267.98429051018
2026-07-05 01:29:52,302.73210557094,0.981888594451046,2008453.66130785,2267.46643243038
2026-07-05 01:29:53,302.68442068751,1.04715376131603,2001656.88945964,2266.940635174
2026-07-05 01:29:54,302.636388031393,1.11263857281179,1994861.70660686,2266.4068015424
2026-07-05 01:29:55,302.588003985352,1.17834512951292,1988068.1363158,2265.86483256129
2026-07-05 01:29:56,302.539264877309,1.24427556343197,1981276.20181354,2265.31462756035
2026-07-05 01:29:57,302.490166868935,1.31043187601545,1974485.94279897,2264.756082259
2026-07-05 01:29:58,302.440706487323,1.3768164703801,1967697.36021461,2264.18909730363
2026-07-05 01:29:59,302.390879745073,1.4434314686464,1960910.48739213,2263.61356447801
2026-07-05 01:30:00,302.340682802022,1.51027905247663,1954125.35437004,2263.02937669523
2026-07-05 01:30:01,302.290111722076,1.57736149230417,1947341.98520327,2262.43642459635
2026-07-05 01:30:02,302.239162540633,1.64468105339549,1940560.40757096,2261.83459730048
2026-07-05 01:30:03,302.187831214781,1.71224005327514,1933780.64701007,2261.22378178248
2026-07-05 01:30:04,302.136113527097,1.78004067754687,1927002.74553688,2260.60386115392
2026-07-05 01:30:05,302.084005602148,1.8480855703875,1920226.70206192,2259.97472302389
2026-07-05 01:30:06,302.031503106203,1.91637697414651,1913452.559401,2259.33624657828
2026-07-05 01:30:07,301.978601766364,1.98491732292644,1906680.34431422,2258.68831097941
2026-07-05 01:30:08,301.925297268071,2.05370905119506,1899910.08682897,2258.03079355352
2026-07-05 01:30:09,301.8715852184,2.1227546546955,1893141.81426347,2257.3635693363
2026-07-05 01:30:10,301.817461182732,2.19205662003015,1886375.55820718,2256.68651146279
2026-07-05 01:30:11,301.762920630951,2.26161751822459,1879611.34539842,2255.99949050649
2026-07-05 01:30:12,301.707958841753,2.33143978184637,1872849.21958236,2255.30237274102
2026-07-05 01:30:13,301.652571492386,2.40152624934511,1866089.1882137,2254.59502941832
2026-07-05 01:30:14,301.596753700315,2.4718794630899,1859331.2914491,2253.87732187863
2026-07-05 01:30:15,301.540500696584,2.54250207567188,1852575.56215809,2253.14911184094
2026-07-05 01:30:16,301.483807647705,2.61339677667404,1845822.03323151,2252.41025869276
2026-07-05 01:30:17,301.426669619064,2.68456632256603,1839070.73481717,2251.66061895849
2026-07-05 01:30:18,301.369081615999,2.75601349077049,1832321.69876454,2250.90004680578
2026-07-05 01:30:19,301.3110384499,2.82774091229299,1825574.9745108,2250.12839186711
2026-07-05 01:30:20,301.252535263958,2.89975173651113,1818830.56604175,2249.34550766393
2026-07-05 01:30:21,301.193566702889,2.97204868728365,1812088.52164855,2248.55123833286
2026-07-05 01:30:22,301.134127487915,3.04463466036545,1805348.8771041,2247.74542769983
2026-07-05 01:30:23,301.074212233203,3.11751262513346,1798611.66520478,2246.92791642932
2026-07-05 01:30:24,301.013815486635,3.19068557574171,1791876.92038543,2246.0985425374
2026-07-05 01:30:25,300.952931744327,3.26415649397601,1785144.68215457,2245.25714154367
2026-07-05 01:30:26,300.891555202427,3.33792834543134,1778414.99552705,2244.40354274533
2026-07-05 01:30:27,300.829680501728,3.41200448021591,1771687.87409808,2243.53758058101
2026-07-05 01:30:28,300.767301707274,3.48638788721627,1764963.36893254,2242.65907879423
2026-07-05 01:30:29,300.704412924845,3.56108177490139,1758241.51507504,2241.76786003729
2026-07-05 01:30:30,300.641008210985,3.6360893366695,1751522.35309958,2240.86374431181
2026-07-05 01:30:31,300.577081505092,3.71141384852659,1744805.92035728,2239.9465479777
2026-07-05 01:30:32,300.512626673464,3.78705859234386,1738092.25792747,2239.01608431995
2026-07-05 01:30:33,300.447637468078,3.86302692707117,1731381.40431817,2238.07216292577
2026-07-05 01:30:34,300.382107408759,3.9393220634055,1724673.41551274,2237.1145877385
2026-07-05 01:30:35,300.316030366334,4.01594775618163,1717968.3036256,2236.14316617878
2026-07-05 01:30:36,300.249399665315,4.09290730466123,1711266.12570549,2235.1576950245
2026-07-05 01:30:37,300.182208653447,4.17020424703358,1704566.92214713,2234.15796931607
2026-07-05 01:30:38,300.114450628596,4.24784210456146,1697870.739316,2233.14378109624
2026-07-05 01:30:39,300.046118716035,4.32582452118335,1691177.61752954,2232.11491752902
2026-07-05 01:30:40,299.977205979799,4.40415513179662,1684487.60250635,2231.07116250827
2026-07-05 01:30:41,299.90770520866,4.48283746494704,1677800.75369646,2230.01229330931
2026-07-05 01:30:42,299.837609540586,4.56187560444232,1671117.08767887,2228.93809025475
2026-07-05 01:30:43,299.766911538921,4.64127317411614,1664436.66531566,2227.84832226234
2026-07-05 01:30:44,299.695603811611,4.72103400713475,1657759.53431444,2226.74275643877
2026-07-05 01:30:45,299.623678834906,4.80116200206657,1651085.74172763,2225.62115527463
2026-07-05 01:30:46,299.551128959097,4.88166111724139,1644415.33451926,2224.48327666794
2026-07-05 01:30:47,299.477946464759,4.96253529224095,1637748.36611457,2223.3288747513
2026-07-05 01:30:48,299.404123413912,5.04378863833126,1631084.88073345,2222.15769748234
2026-07-05 01:30:49,299.329651662774,5.12542503657771,1624424.94655807,2220.96948682838
2026-07-05 01:30:50,299.254523399205,5.20744897131176,1617768.58721513,2219.76398699605
2026-07-05 01:30:51,299.178730171642,5.28986449199984,1611115.86737929,2218.54092930666
2026-07-05 01:30:52,299.102263577137,5.37267584291035,1604466.84086077,2217.30004281567
2026-07-05 01:30:53,299.025115092416,5.45588730751689,1597821.56349696,2216.04105162558
2026-07-05 01:30:54,298.94727597726,5.53950330812201,1591180.08529941,2214.76367323283
2026-07-05 01:30:55,298.868737448305,5.62352821464144,1584542.46577022,2213.46762129665
2026-07-05 01:30:56,298.789490337087,5.7079663510755,1577908.7733562,2212.15260012413
2026-07-05 01:30:57,298.709525855184,5.7928226034378,1571279.03743722,2210.81831649148
2026-07-05 01:30:58,298.628834581739,5.87810136201955,1564653.3321887,2209.46446394073
2026-07-05 01:30:59,298.547407061733,5.96380730308404,1558031.71473104,2208.09073183991
2026-07-05 01:31:00,298.46523373056,6.04994511107798,1551414.24710159,2206.69680426108
2026-07-05 01:31:01,298.382304804461,6.1365195899399,1544800.98773815,2205.282358047
2026-07-05 01:31:02,298.298610387239,6.22353555576076,1538191.99980852,2203.84706452889
2026-07-05 01:31:03,298.214140402665,6.31099789034309,1531587.34714974,2202.39058830741
2026-07-05 01:31:04,298.128884409232,6.39891138143946,1524987.10642268,2200.91258427482
2026-07-05 01:31:05,298.042832332403,6.48728140981312,1518391.31524333,2199.41270885823
2026-07-05 01:31:06,297.955973411068,6.57611285444938,1511800.05512124,2197.89060371189
2026-07-05 01:31:07,297.86829682351,6.665410897933,1505213.39058984,2196.34590509584
2026-07-05 01:31:08,297.77979161486,6.75518073535154,1498631.39120405,2194.77824288
2026-07-05 01:31:09,297.690446630681,6.84542763440677,1492054.12713245,2193.18723929038
2026-07-05 01:31:10,297.600250508778,6.9361569503864,1485481.66816159,2191.5725086449
2026-07-05 01:31:11,297.509191503899,7.02737391963931,1478914.0987557,2189.93365457642
2026-07-05 01:31:12,297.417258247538,7.11908437194885,1472351.46645025,2188.27028170024
2026-07-05 01:31:13,297.324438581992,7.21129369361314,1465793.85727202,2186.58197735953
2026-07-05 01:31:14,297.230720346115,7.30400749190559,1459241.3474218,2184.86832378332
2026-07-05 01:31:15,297.136091177935,7.39723143795645,1452694.01479055,2183.12889487913
2026-07-05 01:31:16,297.040538431578,7.49097133973158,1446151.9339431,2181.36325459207
2026-07-05 01:31:17,296.944049339729,7.58523297103201,1439615.18815964,2179.57095979393
2026-07-05 01:31:18,296.846610627752,7.68002208024048,1433083.86877692,2177.75155360218
2026-07-05 01:31:19,296.748209387001,7.77534503119082,1426558.03088484,2175.90457906445
2026-07-05 01:31:20,296.648831920894,7.87120767245079,1420037.77190178,2174.02956121778
2026-07-05 01:31:21,296.548464486229,7.96761610775753,1413523.17802068,2172.12601833446
2026-07-05 01:31:22,296.44709302602,8.0645765870506,1407014.33207596,2170.19345737157
2026-07-05 01:31:23,296.344703335337,8.16209532288477,1400511.3259788,2168.23137702937
2026-07-05 01:31:24,296.241280848719,8.26017871967111,1394014.24539297,2166.23926350499
2026-07-05 01:31:25,296.136810810515,8.35883317146112,1387523.1833295,2164.21659367721
2026-07-05 01:31:26,296.031277957903,8.45806499682711,1381038.24435575,2162.16282957975
2026-07-05 01:31:27,295.924667356874,8.55788117883452,1374559.49605407,2160.0774313243
2026-07-05 01:31:28,295.81696321941,8.65828816121703,1368087.04833496,2157.95983875245
2026-07-05 01:31:29,295.708149641595,8.75929269227243,1361620.99788237,2155.80948242833
2026-07-05 01:31:30,295.598210426921,8.86090159992886,1355161.44307022,2153.62578084594
2026-07-05 01:31:31,295.487129108571,8.96312175633601,1348708.48625412,2151.40814074175
2026-07-05 01:31:32,295.374888887743,9.06596015038965,1342262.22921666,2149.15595566052
2026-07-05 01:31:33,295.261472444865,9.16942364025617,1335822.78875538,2146.86860298988
2026-07-05 01:31:34,295.146862798463,9.2735197395212,1329390.24747969,2144.54545723667
2026-07-05 01:31:35,295.031041954644,9.37825550409702,1322964.72375638,2142.18586838085
2026-07-05 01:31:36,294.913991863725,9.48363819450732,1316546.32999604,2139.78917720881
2026-07-05 01:31:37,294.795694095701,9.58967519990632,1310135.17764456,2137.35470947329
2026-07-05 01:31:38,294.676129870017,9.6963739872019,1303731.38038203,2134.88177635553
2026-07-05 01:31:39,294.555280075924,9.80374208401568,1297335.05516913,2132.36967468534
2026-07-05 01:31:40,294.433125250097,9.91178708425138,1290946.32191736,2129.81768632181
2026-07-05 01:31:41,294.309645294728,10.0205165007219,1284565.31219755,2127.22507318282
2026-07-05 01:31:42,294.184820388996,10.1299385514038,1278192.12294001,2124.59109150873
2026-07-05 01:31:43,294.058629737846,10.2400608391033,1271826.8944151,2121.91497246827
2026-07-05 01:31:44,293.931052264391,10.3508913612655,1265469.75065835,2119.19593170497
2026-07-05 01:31:45,293.80206660642,10.4624380749681,1259120.82495204,2116.43317037426
2026-07-05 01:31:46,293.671650892924,10.5747091114472,1252780.24750714,2113.62587009102
2026-07-05 01:31:47,293.539782903234,10.687712606432,1246448.15516529,2110.77319619315
2026-07-05 01:31:48,293.406439702317,10.8014566120341,1240124.69620767,2107.87429093629
2026-07-05 01:31:49,293.271598591903,10.915949908432,1233809.98508515,2104.92828849782
2026-07-05 01:31:50,293.135235767398,11.0312006741095,1227504.17682603,2101.93429377297
2026-07-05 01:31:51,292.997327215743,11.147217361412,1221207.41787588,2098.89139618242
2026-07-05 01:31:52,292.857848398604,11.2640085419326,1214919.85490422,2095.79866390764
2026-07-05 01:31:53,292.716774361578,11.3815827942764,1208641.64086323,2092.65514610803
2026-07-05 01:31:54,292.574079568603,11.4999488595299,1202372.92662197,2089.45986890694
2026-07-05 01:31:55,292.429737875421,11.6191151924504,1196113.88470418,2086.21183623224
2026-07-05 01:31:56,292.283723148725,11.7390911639245,1189864.6457883,2082.910037075
2026-07-05 01:31:57,292.136008164301,11.8598853985842,1183625.38650558,2079.55343002854
2026-07-05 01:31:58,291.986565417836,11.9815067932254,1177396.2753687,2076.14095494871
2026-07-05 01:31:59,291.835366743905,12.1039644082181,1171177.47874423,2072.67152560147
2026-07-05 01:32:00,291.682383469171,12.2272673039327,1164969.16922163,2069.14403299127
2026-07-05 01:32:01,291.527586383196,12.351424575816,1158771.52367232,2065.55734436539
2026-07-05 01:32:02,291.370945642643,12.4764454035543,1152584.72071044,2061.9103008002
2026-07-05 01:32:03,291.21243059567,12.6023387465023,1146408.95562455,2058.20171462894
2026-07-05 01:32:04,291.052010659273,12.7291143745278,1140244.38950732,2054.43038234127
2026-07-05 01:32:05,290.88965396086,12.8567813169925,1134091.22565758,2050.59506361196
2026-07-05 01:32:06,290.725328157129,12.9853489520432,1127949.65569011,2046.69449273222
2026-07-05 01:32:07,290.559000326873,13.1148266144566,1121819.87863781,2042.7273778281
2026-07-05 01:32:08,290.39063689034,13.2452236725052,1115702.09705814,2038.69239857149
2026-07-05 01:32:09,290.220203469402,13.3765496063274,1109596.51327199,2034.5882025972
2026-07-05 01:32:10,290.047664964195,13.5088134728614,1103503.35399755,2030.41340917318
2026-07-05 01:32:11,289.87298602849,13.6420253407504,1097422.80377538,2026.16661200898
2026-07-05 01:32:12,289.696130026824,13.7761943636739,1091355.0940318,2021.84636634913
2026-07-05 01:32:13,289.517059831971,13.9113299550409,1085300.44827832,2017.45119960542
2026-07-05 01:32:14,289.335737487306,14.0474415669368,1079259.09228245,2012.97960502048
2026-07-05 01:32:15,289.152124340064,14.1845385848402,1073231.25854125,2008.43004459577
2026-07-05 01:32:16,288.966180875827,14.3226304206236,1067217.18190072,2003.80094479418
2026-07-05 01:32:17,288.777866847117,14.4617263916173,1061217.10459104,1999.09069948007
2026-07-05 01:32:18,288.587140949417,14.601835493459,1055231.28553636,1994.2976638523
2026-07-05 01:32:19,288.393961614342,14.742967627575,1049259.94755322,1989.42016463267
2026-07-05 01:32:20,288.198285841442,14.8851316727546,1043303.35978122,1984.45648471996
2026-07-05 01:32:21,288.000070004501,15.0283367154232,1037361.78433244,1979.40487369465
2026-07-05 01:32:22,287.799269487758,15.1725918240418,1031435.48579819,1974.26354078588
2026-07-05 01:32:23,287.595838930926,15.3179058572726,1025524.73877183,1969.03066084298
2026-07-05 01:32:24,287.389731867008,15.4642876896401,1019629.81818197,1963.7043648693
2026-07-05 01:32:25,287.180900791394,15.6117456661874,1013751.02081479,1958.28274411853
2026-07-05 01:32:26,286.969297811131,15.7602890085964,1007888.60861803,1952.76385619501
2026-07-05 01:32:27,286.754873438756,15.9099257992629,1002042.88895995,1947.14570940795
2026-07-05 01:32:28,286.537577432158,16.0606642550422,996214.162938437,1941.42627378642
2026-07-05 01:32:29,286.317358531331,16.2125123969481,990402.738106039,1935.60347678206
2026-07-05 01:32:30,286.094164426925,16.3654780665635,984608.927287817,1929.67520211749
2026-07-05 01:32:31,285.867941665228,16.5195689397897,978833.047550232,1923.63928719539
2026-07-05 01:32:32,285.638635944386,16.674792287808,973075.428535942,1917.49353089595
2026-07-05 01:32:33,285.406191443531,16.8311549300222,967336.413288656,1911.23567835599
2026-07-05 01:32:34,285.170551974349,16.9886643625793,961616.316268333,1904.86343999868
2026-07-05 01:32:35,284.931659550106,17.1473267669191,955915.495997246,1898.37447069527
2026-07-05 01:32:36,284.689455342971,17.3071482603714,950234.307985833,1891.76638376905
2026-07-05 01:32:37,284.443879203861,17.4681347296165,944573.110372955,1885.03674066833
2026-07-05 01:32:38,284.194869970816,17.630291549628,938932.273113241,1878.18305961011
2026-07-05 01:32:39,283.942365166433,17.7936237636037,933312.170760659,1871.20280718479
2026-07-05 01:32:40,283.686301057867,17.9581354939357,927713.201752688,1864.09340330303
2026-07-05 01:32:41,283.426613025466,18.1238316896021,922135.7279537,1856.85221838727
2026-07-05 01:32:42,283.163234867286,18.2907154940772,916580.163557956,1849.47657385663
2026-07-05 01:32:43,282.896099195433,18.4587899642699,911046.915259986,1841.9637401714
2026-07-05 01:32:44,282.625137324353,18.6280576003818,905536.397357039,1834.3109370957
2026-07-05 01:32:45,282.350279475435,18.7985201690491,900049.036404171,1826.51533973805
2026-07-05 01:32:46,282.071454302547,18.9701789513064,894585.262067161,1818.57406538194
2026-07-05 01:32:47,281.788589221308,19.1430339685243,889145.530562635,1810.4841866365
2026-07-05 01:32:48,281.50161070823,19.3170858393614,883730.26487383,1802.24272609395
2026-07-05 01:32:49,281.2104433964,19.4923331592058,878339.936300084,1793.84665222804
2026-07-05 01:32:50,280.915010768594,19.6687741028659,872975.012388286,1785.29288540274
2026-07-05 01:32:51,280.615235147861,19.8464058531193,867635.973475125,1776.57830181318
2026-07-05 01:32:52,280.31103722552,20.0252248633067,862323.303387631,1767.69972008004
2026-07-05 01:32:53,280.002336554668,20.2052264628759,857037.499918865,1758.65391649957
2026-07-05 01:32:54,279.68905135342,20.3864049570915,851779.070269807,1749.43761976044
2026-07-05 01:32:55,279.371098256847,20.5687531601738,846548.542941425,1740.04750833212
2026-07-05 01:32:56,279.048392899656,20.7522641705736,841346.415373693,1730.48021270592
2026-07-05 01:32:57,278.720849475583,20.936928314378,836173.240111274,1720.73232683643
2026-07-05 01:32:58,278.388380734883,21.1227352643909,831029.562132724,1710.8003931695
2026-07-05 01:32:59,278.050898259373,21.3096732857614,825915.9387743,1700.68091570813
2026-07-05 01:33:00,277.708312418951,21.4977291818345,820832.939374744,1690.37035998255
2026-07-05 01:33:01,277.360531984793,21.6868884910135,815781.138216445,1679.86514216333
2026-07-05 01:33:02,277.007464888628,21.8771344019961,810761.141564252,1669.16165768869
2026-07-05 01:33:03,276.649017742036,22.0684502337885,805773.520182297,1658.25625103786
2026-07-05 01:33:04,276.285095858714,22.2608160029819,800818.898290743,1647.14524282889
2026-07-05 01:33:05,275.915603551796,22.4542104231194,795897.898457755,1635.82492369099
2026-07-05 01:33:06,275.540444092595,22.6486103292625,791011.154806713,1624.29155857881
2026-07-05 01:33:07,275.159519496805,22.8439907408904,786159.309456057,1612.54138164781
2026-07-05 01:33:08,274.772731068329,23.0403244890284,781343.019791152,1600.57061487821
2026-07-05 01:33:09,274.379978972235,23.2375824297741,776562.951033844,1588.37545623342
2026-07-05 01:33:10,273.981162856466,23.4357324415788,771819.79826079,1575.95210555407
2026-07-05 01:33:11,273.576181197034,23.6347420762206,767114.220776163,1563.29672782591
2026-07-05 01:33:12,273.164932081842,23.8345746004575,762446.934880733,1550.40550640753
2026-07-05 01:33:13,272.747313024607,24.0351913725337,757818.654401179,1537.27462139754
2026-07-05 01:33:14,272.323220811792,24.2365513145139,753230.101335204,1523.90025101508
2026-07-05 01:33:15,271.89255211837,24.4386105215513,748682.012625133,1510.27859341438
2026-07-05 01:33:16,271.455203338912,24.6413223644428,744175.13550366,1496.4058630475
2026-07-05 01:33:17,271.011070750466,24.8446367376614,739710.241819304,1482.27830283107
2026-07-05 01:33:18,270.560050451797,25.0485024739022,735288.072918014,1467.89216574319
2026-07-05 01:33:19,270.10203911862,25.2528633688712,730909.42479472,1453.24376871426
2026-07-05 01:33:20,269.636933403392,25.4576608387111,726575.087357836,1438.32945716673
2026-07-05 01:33:21,269.164630770948,25.6628329313484,722285.863902742,1423.1456384688
2026-07-05 01:33:22,268.685029380532,25.8683143473531,718042.568455281,1407.68878052534
2026-07-05 01:33:23,268.198028180981,26.0740364467517,713846.023592536,1391.95541649205
2026-07-05 01:33:24,267.703527633915,26.2799262764448,709697.078070314,1375.94217520009
2026-07-05 01:33:25,267.201429042296,26.4859093687283,705596.548498415,1359.64574260888
2026-07-05 01:33:26,266.691635587736,26.691905623531,701545.300595418,1343.06292505555
2026-07-05 01:33:27,266.17405262344,26.89783167013,697544.199397623,1326.19064226866
2026-07-05 01:33:28,265.648587538094,27.1036003856719,693594.117361978,1309.02592899786
2026-07-05 01:33:29,265.115149887521,27.3091208588145,689695.933556871,1291.56594096739
2026-07-05 01:33:30,264.573652606169,27.5142979884103,685850.539780339,1273.8079958188
2026-07-05 01:33:31,264.024011207747,27.7190328999794,682058.831271537,1255.74954790597
2026-07-05 01:33:32,263.466145161479,27.9232218311984,678321.726029441,1237.38823918118
2026-07-05 01:33:33,262.89997701625,28.126759122095,674640.109023705,1218.72185306866
2026-07-05 01:33:34,262.325434363969,28.3295328077418,671014.911969322,1199.74840646954
2026-07-05 01:33:35,261.742448724863,28.5314276908802,667447.056235201,1180.46609531218
2026-07-05 01:33:36,261.150957259775,28.7323242298767,663937.472506863,1160.87335566987
2026-07-05 01:33:37,260.55090183636,28.9320990556418,660487.091291871,1140.96883228429
2026-07-05 01:33:38,259.942230889975,29.1306244969762,657096.851064779,1120.7514396597
2026-07-05 01:33:39,259.324898888589,29.3277683205831,653767.702448092,1100.22034736973
2026-07-05 01:33:40,258.698866316021,29.5233965308774,650500.561462768,1079.37496153248
2026-07-05 01:33:41,258.064101972505,29.7173689826894,647296.384146497,1058.21502436504
2026-07-05 01:33:42,257.420581863946,29.9095425807846,644156.113225636,1036.74055852246
2026-07-05 01:33:43,256.768290184037,30.0997705961092,641080.690874761,1014.95190138895
2026-07-05 01:33:44,256.107220011947,30.2879027395471,638071.058846841,992.849725499418
2026-07-05 01:33:45,255.437373397622,30.4737854719106,635128.155116636,970.435037908795
2026-07-05 01:33:46,254.758762004756,30.6572621091332,632252.914171888,947.709198155181
2026-07-05 01:33:47,254.071408700636,30.8381720969544,629446.280360964,924.673970726247
2026-07-05 01:33:48,253.375344651328,31.0163548143811,626709.151505323,901.331409499686
2026-07-05 01:33:49,252.670614359691,31.1916446060243,624042.458809878,877.684042659564
2026-07-05 01:33:50,251.957273109029,31.3638745475067,621447.111526682,853.734767920945
2026-07-05 01:33:51,251.235388235394,31.5328758609421,618924.009630233,829.486893360922
2026-07-05 01:33:52,250.505039713428,31.6984782066695,616474.043151991,804.944151515712
2026-07-05 01:33:53,249.766320493909,31.8605100694358,614098.0904346,780.110704890833
2026-07-05 01:33:54,249.019337096918,32.0187984164404,611797.027263387,754.991162461863
2026-07-05 01:33:55,248.26420804496,32.1731722016657,609571.68062867,729.590510879695
2026-07-05 01:33:56,247.501067647149,32.3234580045239,607422.896893236,703.914250998308
2026-07-05 01:33:57,246.730063673281,32.4694837205497,605351.493230293,677.968303329103
2026-07-05 01:33:58,245.951358818877,32.6110781132361,603358.269554063,651.759054013801
2026-07-05 01:33:59,245.165129887993,32.7480714848874,601444.004513654,625.29332161149
2026-07-05 01:34:00,244.371568855979,32.8802960001522,599609.45662603,598.578387414929
2026-07-05 01:34:01,243.570882321862,33.0075863087661,597855.361390845,571.62197188982
2026-07-05 01:34:02,242.763292761719,33.1297791929972,596182.441919355,544.432273230018
2026-07-05 01:34:03,241.949034601102,33.2467174471216,594591.361973509,517.017826287433
2026-07-05 01:34:04,241.128359984535,33.3582453609163,593082.793724069,489.387700330851
2026-07-05 01:34:05,240.301534301918,33.4642127107425,591657.369290195,461.551340313528
2026-07-05 01:34:06,239.46883754266,33.5644743360563,590315.692694401,433.518611391566
2026-07-05 01:34:07,238.630563342139,33.6588907865505,589058.337171718,405.299765113667
2026-07-05 01:34:08,237.787018846444,33.7473287925885,587885.844795935,376.905433978939
2026-07-05 01:34:09,236.938525589861,33.8296609630765,586798.736112813,348.346660480736
2026-07-05 01:34:10,236.085413964758,33.9057695741438,585797.465920947,319.634713027052
2026-07-05 01:34:11,235.228029409094,33.975542172071,584882.486419263,290.781294170755
2026-07-05 01:34:12,234.366727907399,34.0388752192269,584054.204341306,261.798392460189
2026-07-05 01:34:13,233.501875248137,34.0956738255004,583312.989346076,232.698260600459
2026-07-05 01:34:14,232.633846818246,34.1458520733861,582659.1742484,203.493412605125
2026-07-05 01:34:15,231.763026924468,34.1893334052712,582093.054075935,174.196605866201
2026-07-05 01:34:16,230.88980811208,34.2260502377515,581614.894659287,144.82082175322
2026-07-05 01:34:17,230.014586550355,34.2559472258106,581224.89392994,115.379124594212
2026-07-05 01:34:18,229.137767198809,34.2789770142419,580923.239290901,85.8848307725164
2026-07-05 01:34:19,228.259758397666,34.2951034592041,580710.068484167,56.3513415298739
2026-07-05 01:34:20,227.380971708315,34.304301057874,580585.478721786,26.7921436519907
2026-07-05 01:34:21,226.501821279656,34.3065550202831,580549.527034002,-2.77920392818165
2026-07-05 01:34:22,225.622721516043,34.3018614007801,580602.229313793,-32.3491400406204
2026-07-05 01:34:23,224.744087611346,34.2902270497017,580743.561146662,-61.904075229808
2026-07-05 01:34:24,223.866334179893,34.2716689452647,580973.466018032,-91.4304332875509
2026-07-05 01:34:25,222.989869478335,34.2462168403881,581291.820551606,-120.914821490808
2026-07-05 01:34:26,222.115101911668,34.213908993539,581698.487757298,-150.343827370112
2026-07-05 01:34:27,221.242434200182,34.1747947844065,582193.281645683,-179.704191762285
2026-07-05 01:34:28,220.372263159299,34.1289337771443,582775.97680459,-208.982812904804
2026-07-05 01:34:29,219.504978435221,34.076395460245,583446.308847981,-238.166782168336
2026-07-05 01:34:30,218.640962173181,34.0172589493527,584203.974901728,-267.243389365451
2026-07-05 01:34:31,217.780588993813,33.9516120388893,585048.642137595,-296.200123735194
2026-07-05 01:34:32,216.924219142073,33.8795532136311,585979.917395689,-325.024877218514
2026-07-05 01:34:33,216.072206991377,33.8011876232638,586997.394995502,-353.705688312165
2026-07-05 01:34:34,215.224894278677,33.7166290955716,588100.62573178,-382.230944300141
2026-07-05 01:34:35,214.382610331808,33.6259989907425,589289.126649074,-410.58937705807
2026-07-05 01:34:36,213.545672560384,33.5294258228555,590562.380619402,-438.770045286871
2026-07-05 01:34:37,212.71438444976,33.4270446104116,591919.839289138,-466.762401457767
2026-07-05 01:34:38,211.889036221162,33.3189964615625,593360.92281385,-494.556270119668
2026-07-05 01:34:39,211.069905937785,33.2054275473805,594885.027730755,-522.1418193472
2026-07-05 01:34:40,210.257252063464,33.0864904675821,596491.502387671,-549.509783345824
2026-07-05 01:34:41,209.451323432326,32.9623407716517,598179.687900444,-576.651173931703
2026-07-05 01:34:42,208.652352880652,32.8331384740598,599948.891664377,-603.557468877076
2026-07-05 01:34:43,207.860558354769,32.6990469405262,601798.396413715,-630.220586003376
2026-07-05 01:34:44,207.076142138254,32.5602322715539,603727.462733311,-656.632913095124
2026-07-05 01:34:45,206.299292783382,32.416863034723,605735.326877048,-682.787248621941
2026-07-05 01:34:46,205.530185043292,32.2691091005294,607821.21133056,-708.67681747455
2026-07-05 01:34:47,204.768974351207,32.1171428943529,609984.301344932,-734.295427783845
2026-07-05 01:34:48,204.015806527822,31.9611364198012,612223.78174461,-759.637202023332
2026-07-05 01:34:49,203.270811899871,31.8012625280533,614538.81373751,-784.696746460093
2026-07-05 01:34:50,202.534106401176,31.637693885149,616928.54467793,-809.469128817259
2026-07-05 01:34:51,201.805792913956,31.4706027809683,619392.106083878,-833.94983913217
2026-07-05 01:34:52,201.085960773951,31.3001605325683,621928.617855357,-858.134812628907
2026-07-05 01:34:53,200.374688522702,31.1265369612721,624537.191901632,-882.020352991494
2026-07-05 01:34:54,199.672036882296,30.9499011232049,627216.917015243,-905.603334914605
2026-07-05 01:34:55,198.978060155689,30.7704192951567,629966.885634474,-928.880885507427
2026-07-05 01:34:56,198.292798901204,30.5882557141781,632786.179407198,-951.850596316885
2026-07-05 01:34:57,197.616283076622,30.4035721821141,635673.87212604,-974.510433221805
2026-07-05 01:34:58,196.948532269539,30.216527798713,638629.03105308,-996.858732906628
2026-07-05 01:34:59,196.289555415192,30.0272785049994,641650.721653501,-1018.89421680875
2026-07-05 01:35:00,195.639352408516,29.8359771699566,644738.004094919,-1040.61594147724
2026-07-05 01:35:01,194.997915726199,29.6427730829236,647889.939550531,-1062.02325822459
2026-07-05 01:35:02,194.365223955322,29.4478125336459,651105.579054228,-1083.11599056758
2026-07-05 01:35:03,193.74125275342,29.251237533357,654383.983221214,-1103.89413387547
2026-07-05 01:35:04,193.12596894049,29.0531866338788,657724.207780474,-1124.35801383972
2026-07-05 01:35:05,192.519331560622,28.8537943092828,661125.313100563,-1144.5082627684
2026-07-05 01:35:06,191.921293451001,28.6531912058789,664586.35951307,-1164.34576939216
2026-07-05 01:35:07,191.331801303368,28.4515039407071,668106.4104443,-1183.87167847855
2026-07-05 01:35:08,190.750797336896,28.2488548263183,671684.537287612,-1203.08734661589
2026-07-05 01:35:09,190.178213749324,28.0453625431282,675319.807714751,-1221.99448343595
2026-07-05 01:35:10,189.613983079861,27.8411413423929,679011.300175132,-1240.59487411384
2026-07-05 01:35:11,189.058031068436,27.6363012936403,682758.10024517,-1258.89057170469
2026-07-05 01:35:12,188.510279989898,27.4309485643728,686559.296326915,-1276.88379842785
2026-07-05 01:35:13,187.970648154278,27.2251851894221,690413.984768261,-1294.57696066675
2026-07-05 01:35:14,187.439050258623,27.0191090563003,694321.271362739,-1311.97263713108
2026-07-05 01:35:15,186.915398331959,26.8128141976074,698280.267136343,-1329.07354660392
2026-07-05 01:35:16,186.399602969945,26.6063905188394,702290.094960247,-1345.88251755617
2026-07-05 01:35:17,185.891567937464,26.3999243578135,706349.880245385,-1362.40261879455
2026-07-05 01:35:18,185.391199306409,26.1934979045623,710458.763921155,-1378.63692542521
2026-07-05 01:35:19,184.898400057736,25.9871897847773,714615.892771125,-1394.5886500562
2026-07-05 01:35:20,184.413071180583,25.7810748112083,718820.426211389,-1410.26111507871
2026-07-05 01:35:21,183.935112730651,25.575224348478,723071.53086553,-1425.65771737104
2026-07-05 01:35:22,183.464423342716,25.3697061349631,727368.386181089,-1440.78194141941
2026-07-05 01:35:23,183.000902648703,25.1645846231744,731710.179453289,-1455.63729095774
2026-07-05 01:35:24,182.544444657895,24.9599208444559,736096.110721184,-1470.22745506364
2026-07-05 01:35:25,182.094947720965,24.7557726509322,740525.389846801,-1484.55605211621
2026-07-05 01:35:26,181.652308211159,24.5521947167723,744997.238644165,-1498.62678680483
2026-07-05 01:35:27,181.216422344032,24.3492386773331,749510.890097561,-1512.44340032168
2026-07-05 01:35:28,180.787186402484,24.1469532660204,754065.587549982,-1526.0096609598
2026-07-05 01:35:29,180.364496863831,23.9453843698326,758660.585674056,-1539.32935852956
2026-07-05 01:35:30,179.948250326002,23.7445750871638,763295.151437282,-1552.40630362597
2026-07-05 01:35:31,179.538345225254,23.5445658687167,767968.563152203,-1565.24428313655
2026-07-05 01:35:32,179.134676447004,23.3453946779699,772680.108953696,-1577.84718409321
2026-07-05 01:35:33,178.737143355157,23.14709686336,777429.092064878,-1590.21880368219
2026-07-05 01:35:34,178.345645037978,22.9497056026914,782214.82245698,-1602.3629544226
2026-07-05 01:35:35,177.96008104637,22.7532516584115,787036.624852081,-1614.28344902488
2026-07-05 01:35:36,177.580351864694,22.5577636278203,791893.83490576,-1625.98408445368
2026-07-05 01:35:37,177.206358949497,22.3632680498166,796785.7986772,-1637.46863851272
2026-07-05 01:35:38,176.838006175985,22.169789522263,801711.871729647,-1648.74083467056
2026-07-05 01:35:39,176.475194068814,21.9773504372649,806671.428040723,-1659.80447534923
2026-07-05 01:35:40,176.117828763929,21.7859716805026,811663.844164066,-1670.66322824131
2026-07-05 01:35:41,175.765815884705,21.5956721951611,816688.512362232,-1681.32077083024
2026-07-05 01:35:42,175.419062222482,21.4064692429284,821744.835894552,-1691.78074781142
2026-07-05 01:35:43,175.077476033388,21.2183785938307,826832.225829783,-1702.04676132935
2026-07-05 01:35:44,174.740966514418,21.03141435258,831950.107577687,-1712.1223846994
2026-07-05 01:35:45,174.409445633324,20.8455893274594,837097.912708362,-1722.01111716507
2026-07-05 01:35:46,174.082822595082,20.6609146597397,842275.091010805,-1731.71650792641
2026-07-05 01:35:47,173.761011921236,20.4774004237018,847481.095579626,-1741.24197346228
2026-07-05 01:35:48,173.443928145921,20.2950553699785,852715.391580517,-1750.59091541366
2026-07-05 01:35:49,173.131487046275,20.1138870172084,857977.455377162,-1759.76669257322
2026-07-05 01:35:50,172.823605756019,19.9339017512226,863266.773316578,-1768.77261700771
2026-07-05 01:35:51,172.520202874806,19.7551049540094,868582.839476505,-1777.61195000279
2026-07-05 01:35:52,172.221198089947,19.5775008609192,873925.161418942,-1786.28791202692
2026-07-05 01:35:53,171.926513846849,19.4010929168027,879293.251007861,-1794.80364375243
2026-07-05 01:35:54,171.636070312551,19.2258834390479,884686.636048692,-1803.16231323408
2026-07-05 01:35:55,171.349792496114,19.0518740387006,890104.848816579,-1811.36696554108
2026-07-05 01:35:56,171.067605552196,18.8790654482626,895547.432650169,-1819.4206209569
2026-07-05 01:35:57,170.789436047214,18.7074576824016,901013.938224537,-1827.32624725985
2026-07-05 01:35:58,170.515211743918,18.5370499610144,906503.927225908,-1835.08676540438
2026-07-05 01:35:59,170.244861778,18.3678408706068,912016.968420447,-1842.70504409696
2026-07-05 01:36:00,169.97831776475,18.1998284487659,917552.635932397,-1850.18387776961
2026-07-05 01:36:01,169.715508977918,18.0330097829268,923110.523724309,-1857.52608548285
2026-07-05 01:36:02,169.456369689861,17.8673818029783,928690.220385217,-1864.73435863222
2026-07-05 01:36:03,169.200833996882,17.7029406637644,934291.330643638,-1871.81136997379
2026-07-05 01:36:04,168.948837349711,17.539682088807,939913.464918875,-1878.7597397486
2026-07-05 01:36:05,168.70031645467,17.3776013515821,945556.240827476,-1885.582038354
2026-07-05 01:36:06,168.455209228597,17.216693303696,951219.28309329,-1892.28078732123
2026-07-05 01:36:07,168.213454618993,17.0569522786807,956902.227860586,-1898.85846440731
2026-07-05 01:36:08,167.97499408268,16.898372490414,962604.709344288,-1905.31747178076
2026-07-05 01:36:09,167.739766748863,16.7409473749875,968326.384293158,-1911.66023360096
2026-07-05 01:36:10,167.507716305039,16.5846704177588,974066.902930777,-1917.88905975306
2026-07-05 01:36:11,167.278786344462,16.4295346379371,979825.928304562,-1924.00623833863
2026-07-05 01:36:12,167.052921657199,16.2755328232181,985603.128455905,-1930.01400951283
2026-07-05 01:36:13,166.830068106987,16.1226575014859,991398.178094931,-1935.91456864556
2026-07-05 01:36:14,166.61017256752,15.9709009310463,997210.759638746,-1941.71006811076
2026-07-05 01:36:15,166.393183986153,15.8202552410813,1003040.55841301,-1947.4025975584
2026-07-05 01:36:16,166.179049351468,15.6707121423955,1008887.27454688,-1952.99425827835
2026-07-05 01:36:17,165.96771965394,15.5222633811718,1014750.60581072,-1958.48705417954
2026-07-05 01:36:18,165.759145830532,15.3749004360119,1020630.2599778,-1963.88296692761
2026-07-05 01:36:19,165.553279954402,15.2286147399913,1026525.94652589,-1969.1839330168
2026-07-05 01:36:20,165.350074828485,15.083397443377,1032437.38662626,-1974.39185419317
2026-07-05 01:36:21,165.14948435846,14.9392396926946,1038364.3023797,-1979.50858820766
2026-07-05 01:36:22,164.951463305628,14.7961324708659,1044306.42369157,-1984.53595553577
2026-07-05 01:36:23,164.75596827334,14.6540667560625,1050263.48208228,-1989.47572172911
2026-07-05 01:36:24,164.562953916483,14.5130332008462,1056235.2246769,-1994.32966429653
2026-07-05 01:36:25,164.37237866894,14.3730226730984,1062221.39165494,-1999.09947219776
2026-07-05 01:36:26,164.184200719653,14.2340258045374,1068221.73572252,-2003.78681829352
2026-07-05 01:36:27,163.998379224276,14.0960332624342,1074236.01087962,-2008.39333662242
2026-07-05 01:36:28,163.814874134553,13.959035670797,1080263.97604262,-2012.92062666267
2026-07-05 01:36:29,163.633646084089,13.8230235274902,1086305.39904366,-2017.3702566012
2026-07-05 01:36:30,163.454657591867,13.6879875361554,1092360.04211891,-2021.74374103107
2026-07-05 01:36:31,163.277869032889,13.5539179978868,1098427.68949277,-2026.04261194817
2026-07-05 01:36:32,163.103244415784,13.4208055653037,1104508.11361754,-2030.26831946552
2026-07-05 01:36:33,162.930747423555,13.2886407029763,1110601.09977804,-2034.42230098597
2026-07-05 01:36:34,162.760342602241,13.1574139761255,1116706.43317087,-2038.50595965931
2026-07-05 01:36:35,162.591995088983,13.0271158930505,1122823.90633608,-2042.52067084693
2026-07-05 01:36:36,162.425670810518,12.8977370351679,1128953.31329759,-2046.46777808011
2026-07-05 01:36:37,162.261337162114,12.7692680465661,1135094.45007981,-2050.34858350187
2026-07-05 01:36:38,162.098959650332,12.6416993842816,1141247.12704073,-2054.16440154853
2026-07-05 01:36:39,161.938506950072,12.51502172787,1147411.1492203,-2057.91647866419
2026-07-05 01:36:40,161.779947622626,12.3892257922188,1153586.32545747,-2061.60604539585
2026-07-05 01:36:41,161.623250744869,12.2643022677731,1159772.47145249,-2065.2343078825
2026-07-05 01:36:42,161.468386049632,12.1402419173264,1165969.40516354,-2068.80244514474
2026-07-05 01:36:43,161.315323923928,12.0170356012965,1172176.94557243,-2072.31160929623
2026-07-05 01:36:44,161.164035206175,11.8946741327255,1178394.92007119,-2075.76293041174
2026-07-05 01:36:45,161.014492201396,11.7731485226236,1184623.15208663,-2079.15749980229
2026-07-05 01:36:46,160.866665280203,11.6524495727244,1190861.4821646,-2082.49642332239
2026-07-05 01:36:47,160.720527899027,11.5325684378717,1197109.73890691,-2085.78074399239
2026-07-05 01:36:48,160.576053076849,11.4134961558474,1203367.76338928,-2089.01149775604
2026-07-05 01:36:49,160.433214531594,11.2952239522972,1209635.39332809,-2092.18969447651
2026-07-05 01:36:50,160.291986383173,11.1777430459233,1215912.47330835,-2095.31632445974
2026-07-05 01:36:51,160.152343229167,11.0610447021256,1222198.85207707,-2098.39235716664
2026-07-05 01:36:52,160.014261030023,10.945120408276,1228494.37301204,-2101.41872771692
2026-07-05 01:36:53,159.877713816128,10.8299614455076,1234798.89755054,-2104.3963866062
2026-07-05 01:36:54,159.742678399954,10.715559365823,1241112.27907865,-2107.32623061149
2026-07-05 01:36:55,159.609131387078,10.6019058183334,1247434.3724112,-2110.20914599884
2026-07-05 01:36:56,159.477049733705,10.4889924475833,1253765.03941928,-2113.0460020786
2026-07-05 01:36:57,159.34641084193,10.3768109858678,1260104.14396878,-2115.83764932108
2026-07-05 01:36:58,159.217192594344,10.2653532780753,1266451.55046799,-2118.58491898269
2026-07-05 01:36:59,159.089373231602,10.1546112016747,1272807.12839005,-2121.28862578033
2026-07-05 01:37:00,158.962932233098,10.0445768503292,1279170.74164075,-2123.94955497032
2026-07-05 01:37:01,158.837847110784,9.93524207625267,1285542.27523188,-2126.56850876157
2026-07-05 01:37:02,158.714098157245,9.82659914351864,1291921.59712315,-2129.14623843583
2026-07-05 01:37:03,158.591665174919,9.71864022658057,1298308.58746432,-2131.6834920771
2026-07-05 01:37:04,158.470528452706,9.61135765913151,1304703.12399267,-2134.18099979495
2026-07-05 01:37:05,158.350668559025,9.50474379840841,1311105.09000579,-2136.63947786449
2026-07-05 01:37:06,158.232066493172,9.39879112791593,1317514.36820939,-2139.05962613076
2026-07-05 01:37:07,158.114704275023,9.29349224841314,1323930.84106782,-2141.44212098239
2026-07-05 01:37:08,157.998562165257,9.18883966523136,1330354.40402322,-2143.78765231843
2026-07-05 01:37:09,157.883622824236,9.08482609946909,1336784.94616807,-2146.09686878398
2026-07-05 01:37:10,157.769868619528,8.98144436706259,1343222.35769474,-2148.37041299106
2026-07-05 01:37:11,157.657282233414,8.87868734512265,1349666.53186927,-2150.60891436123
2026-07-05 01:37:12,157.545846606044,8.77654795728228,1356117.36595242,-2152.81299015095
2026-07-05 01:37:13,157.43554504122,8.67501924044552,1362574.75695446,-2154.98324381123
2026-07-05 01:37:14,157.326361868138,8.57409441027627,1369038.59723006,-2157.12025672635
2026-07-05 01:37:15,157.218279504063,8.47376644154131,1375508.80162049,-2159.22462725952
2026-07-05 01:37:16,157.111282839124,8.37402867885121,1381985.26791225,-2161.29691299982
2026-07-05 01:37:17,157.005356393602,8.27487451498788,1388467.89749377,-2163.33766801373
2026-07-05 01:37:18,156.900484840726,8.17629731073917,1394956.60058824,-2165.3474372699
2026-07-05 01:37:19,156.796653254291,8.07829061457821,1401451.28182368,-2167.32675215212
2026-07-05 01:37:20,156.69384688573,7.98084797272663,1407951.85263633,-2169.27613477366
2026-07-05 01:37:21,156.592051311031,7.88396306662457,1414458.22211539,-2171.19609535706
2026-07-05 01:37:22,156.491252974092,7.78762967364386,1420970.29939662,-2173.08712647964
2026-07-05 01:37:23,156.391436594223,7.69184145189792,1427488.00852261,-2174.94973477481
2026-07-05 01:37:24,156.292589130551,7.59659234813712,1434011.26035229,-2176.78439219357
2026-07-05 01:37:25,156.194697146679,7.50187633503664,1440539.97046356,-2178.59156867689
2026-07-05 01:37:26,156.09774740359,7.40768742112859,1447074.05842674,-2180.37172533936
2026-07-05 01:37:27,156.00172691844,7.3140197238672,1453613.44269919,-2182.12531341861
2026-07-05 01:37:28,155.906622928411,7.22086740783008,1460158.04482334,-2183.8527752893
2026-07-05 01:37:29,155.81242351614,7.12822478286744,1466707.78237652,-2185.55453696881
2026-07-05 01:37:30,155.719115089428,7.03608603907587,1473262.58794504,-2187.23103814946
2026-07-05 01:37:31,155.626686143938,6.94444560130886,1479822.38356401,-2188.88268794254
2026-07-05 01:37:32,155.535124789936,6.85329794265944,1486387.09405454,-2190.50989392246
2026-07-05 01:37:33,155.444419355614,6.76263760662405,1492956.64530718,-2192.11305537352
2026-07-05 01:37:34,155.354558295909,6.67245915605835,1499530.96794045,-2193.6925647537
2026-07-05 01:37:35,155.265530303543,6.58275724273841,1506109.99220884,-2195.24880613275
2026-07-05 01:37:36,155.177324311377,6.49352663804091,1512693.6456124,-2196.78215511186
2026-07-05 01:37:37,155.089929979011,6.40476217350343,1519281.85704794,-2198.29297418295
2026-07-05 01:37:38,155.003335313015,6.31645855623235,1525874.5708923,-2199.78163938285
2026-07-05 01:37:39,154.917530406332,6.22861081048094,1532471.7135965,-2201.2484976426
2026-07-05 01:37:40,154.83250485345,6.14121389672591,1539073.22223692,-2202.6938969945
2026-07-05 01:37:41,154.748248424181,6.05426285426881,1545679.03377536,-2204.11817854546
2026-07-05 01:37:42,154.66475112711,5.96775283163575,1552289.08261372,-2205.52167574739
2026-07-05 01:37:43,154.582003054054,5.88167897512908,1558903.30901152,-2206.90471682178
2026-07-05 01:37:44,154.499995122893,5.79603661135418,1565521.64491275,-2208.2676160939
2026-07-05 01:37:45,154.418716580068,5.71082089516115,1572144.04139464,-2209.61070192227
2026-07-05 01:37:46,154.338158579425,5.62602720252609,1578770.43779405,-2210.93427755084
2026-07-05 01:37:47,154.258311945323,5.54165099934868,1585400.77195767,-2212.23864510211
2026-07-05 01:37:48,154.179167571225,5.4576877394691,1592034.98810121,-2213.52410213432
2026-07-05 01:37:49,154.100716503513,5.37413294229368,1598673.0307014,-2214.7909404094
2026-07-05 01:37:50,154.022949965943,5.29098220280357,1605314.84359998,-2216.03944568791
2026-07-05 01:37:51,153.945859316753,5.20823117796314,1611960.37098869,-2217.26989833314
2026-07-05 01:37:52,153.869436605172,5.12587561222808,1618609.55516381,-2218.48256776707
2026-07-05 01:37:53,153.793672291548,5.04391111908266,1625262.35453037,-2219.67773627187
2026-07-05 01:37:54,153.718558705294,4.962333559922,1631918.71238348,-2220.8556627748
2026-07-05 01:37:55,153.644087783626,4.88113883470367,1638578.57399991,-2222.01660650628
2026-07-05 01:37:56,153.570251497144,4.80032281182707,1645241.8923091,-2223.16082320053
2026-07-05 01:37:57,153.497042018603,4.71988147148497,1651908.61608367,-2224.28856275347
2026-07-05 01:37:58,153.42445162834,4.63981084249353,1658578.69502336,-2225.40007056574
2026-07-05 01:37:59,153.352473265246,4.56010703656568,1665252.07671416,-2226.49558218537
2026-07-05 01:38:00,153.281098304034,4.4807660242317,1671928.72578032,-2227.57534572536
2026-07-05 01:38:01,153.210319958289,4.40178405608961,1678608.58792758,-2228.63958727116
2026-07-05 01:38:02,153.140130971065,4.32315733654133,1685291.61756944,-2229.6885347118
2026-07-05 01:38:03,153.070524186069,4.24488211624274,1691977.7699507,-2230.72241185636
2026-07-05 01:38:04,153.00149260541,4.16695472703364,1698666.99807254,-2231.74143779225
2026-07-05 01:38:05,152.933029266132,4.08937148936193,1705359.26056762,-2232.74582855125
2026-07-05 01:38:06,152.865127933921,4.01212889759226,1712054.50554551,-2233.73578988014
2026-07-05 01:38:07,152.797780783953,3.93522324733846,1718752.7032046,-2234.71154046861
2026-07-05 01:38:08,152.730981751211,3.85865109055899,1725453.80574991,-2235.6732789081
2026-07-05 01:38:09,152.664724351644,3.7824089775513,1732157.77002658,-2236.6212051318
2026-07-05 01:38:10,152.599002171653,3.70649348473265,1738864.55499666,-2237.55551579542
2026-07-05 01:38:11,152.533808874353,3.63090120216403,1745574.12281879,-2238.47640432047
2026-07-05 01:38:12,152.469138278538,3.55562882386827,1752286.43077297,-2239.3840598394
2026-07-05 01:38:13,152.404984263564,3.48067306096478,1759001.43887554,-2240.27866849796
2026-07-05 01:38:14,152.341341313223,3.40603069915508,1765719.10457307,-2241.16040842365
2026-07-05 01:38:15,152.278202442069,3.33169841603925,1772439.39959388,-2242.029468974
2026-07-05 01:38:16,152.215562317102,3.25767308530241,1779162.28186875,-2242.88602172302
2026-07-05 01:38:17,152.153415177779,3.18395157366112,1785887.71413973,-2243.73023990454
2026-07-05 01:38:18,152.091755350724,3.11053079353417,1792615.65905531,-2244.56229364697
2026-07-05 01:38:19,152.030577258242,3.03740769746677,1799346.07960948,-2245.3823499706
2026-07-05 01:38:20,151.969875366678,2.96457925124948,1806078.94157808,-2246.19057338601
2026-07-05 01:38:21,151.909644805643,2.89204257350306,1812814.20040252,-2246.98712007036
2026-07-05 01:38:22,151.849879124883,2.8197945313909,1819551.83913811,-2247.77215876925
2026-07-05 01:38:23,151.790573629606,2.74783233836021,1826291.81220073,-2248.54583981508
2026-07-05 01:38:24,151.731723090936,2.67615308669261,1833034.08920064,-2249.30831669786
2026-07-05 01:38:25,151.673322400384,2.60475395493828,1839778.63545297,-2250.05973967687
2026-07-05 01:38:26,151.615366527789,2.53363215079372,1846525.41725033,-2250.80025639832
2026-07-05 01:38:27,151.557850487162,2.46278489981687,1853274.40290409,-2251.53001225903
2026-07-05 01:38:28,151.500769374393,2.39220946316291,1860025.56101842,-2252.24915006049
2026-07-05 01:38:29,151.444118887368,2.32190323109027,1866778.85132015,-2252.95780542113
2026-07-05 01:38:30,151.387893229478,2.25186338217891,1873534.25781942,-2253.65612537496
2026-07-05 01:38:31,151.332088211312,2.18208734411567,1880291.74382935,-2254.3442410578
2026-07-05 01:38:32,151.276699236854,2.11257255141094,1887051.27555764,-2255.02228534038
2026-07-05 01:38:33,151.221721715969,2.04331640026823,1893812.82640776,-2255.69038954965
2026-07-05 01:38:34,151.167151174478,1.97431637472485,1900576.36467464,-2256.34868219121
2026-07-05 01:38:35,151.112983166126,1.9055699600633,1907341.86192827,-2256.99728998039
2026-07-05 01:38:36,151.059213821811,1.83707474732152,1914109.2825497,-2257.63633313165
2026-07-05 01:38:37,151.005837831688,1.76882815039454,1920878.61213973,-2258.26594248886
2026-07-05 01:38:38,150.952851463845,1.70082784023293,1927649.81382703,-2258.88623392166
2026-07-05 01:38:39,150.900250502446,1.63307140174316,1934422.86262915,-2259.49732601754
2026-07-05 01:38:40,150.848030835421,1.56555649735325,1941197.72905945,-2260.09933488915
2026-07-05 01:38:41,150.796188384591,1.49828079050376,1947974.38671182,-2260.69237498157
2026-07-05 01:38:42,150.744719112219,1.43124196452193,1954752.81035801,-2261.27655898838
2026-07-05 01:38:43,150.693619574926,1.36443784535513,1961532.96330587,-2261.85199323168
2026-07-05 01:38:44,150.642884866036,1.29786602118941,1968314.83646698,-2262.41879477308
2026-07-05 01:38:45,150.592511636781,1.23152436405139,1975098.39462958,-2262.97706643348
2026-07-05 01:38:46,150.542496060912,1.16541065331701,1981883.61513926,-2263.52691374293
2026-07-05 01:38:47,150.492834406086,1.09952274185026,1988670.4708094,-2264.06844006516
2026-07-05 01:38:48,150.443522962482,1.0338584748589,1995458.9381967,-2264.60174737774
2026-07-05 01:38:49,150.394558085467,0.968415748573657,2002248.99152335,-2265.12693582451
2026-07-05 01:38:50,150.34593616849,0.903192459432208,2009040.60788527,-2265.6441040682
2026-07-05 01:38:51,150.297654148522,0.838186631266176,2015833.75381696,-2266.15334521285
2026-07-05 01:38:52,150.249707544961,0.773396053941428,2022628.42354198,-2266.65476244349
2026-07-05 01:38:53,150.202093388651,0.70881879386496,2029424.58481177,-2267.14844576474
2026-07-05 01:38:54,150.154808273144,0.644452863489575,2036222.21388313,-2267.63448751512
2026-07-05 01:38:55,150.107848827977,0.580296285899658,2043021.28863695,-2268.1129786524
2026-07-05 01:38:56,150.061211712511,0.516347099463462,2049821.78807068,-2268.58400880704
2026-07-05 01:38:57,150.014893676517,0.4526034063882,2056623.68707649,-2269.04766576132
2026-07-05 01:38:58,149.968891937422,0.389063361044955,2063426.95745611,-2269.50403274264
2026-07-05 01:38:59,149.923202362775,0.325724936777523,2070231.593457,-2269.95320220414
2026-07-05 01:39:00,149.877822284492,0.262586364728766,2077037.56391686,-2270.39525435587
2026-07-05 01:39:01,149.832748567693,0.199645776534014,2083844.85104765,-2270.83027204616
2026-07-05 01:39:02,149.787978166877,0.13690138856053,2090653.43045647,-2271.25833636085
2026-07-05 01:39:03,149.743508043117,0.0743513939472448,2097463.28277132,-2271.67952743157
2026-07-05 01:39:04,149.69933520284,0.0119940187207164,2104274.38754638,-2272.09392407421
