Time_UTC,Azimuth_deg,Elevation_deg,Range_m,Doppler_Hz
2026-07-04 16:08:30,141.614382460622,0.0095513357152646,2355741.84180529,767.571442979952
2026-07-04 16:08:31,141.445509002965,0.0305676623294129,2353449.88795743,761.46276737476
2026-07-04 16:08:32,141.27630461805,0.0514396119909082,2351176.27555708,755.335158198443
2026-07-04 16:08:33,141.106770960589,0.0721662462114494,2348921.06130069,749.188694180067
2026-07-04 16:08:34,140.936910104006,0.0927467149300693,2346684.29197797,743.023467710515
2026-07-04 16:08:35,140.766722989378,0.113179910680275,2344466.04287006,736.839537945096
2026-07-04 16:08:36,140.596211744581,0.133464985284835,2342266.36038806,730.637000927157
2026-07-04 16:08:37,140.425378141966,0.153601006984595,2340085.30016123,724.415942964467
2026-07-04 16:08:38,140.254223981103,0.173587045648368,2337922.91758015,718.176452200947
2026-07-04 16:08:39,140.082751093243,0.193422173512524,2335779.26772346,711.918618762789
2026-07-04 16:08:40,139.910961329997,0.213105463282024,2333654.40557709,705.642534408493
2026-07-04 16:08:41,139.73885696561,0.232636081276462,2331548.37577365,699.348304740205
2026-07-04 16:08:42,139.566439146647,0.252012927928837,2329461.25224325,693.036002188479
2026-07-04 16:08:43,139.393710198685,0.271235172564,2327393.07924069,686.705735961899
2026-07-04 16:08:44,139.220672094037,0.290301898789458,2325343.91047451,680.357605591868
2026-07-04 16:08:45,139.047326836534,0.309212193774962,2323313.79926553,673.991712597248
2026-07-04 16:08:46,138.873676451722,0.327965145806833,2321302.79882489,667.608160193893
2026-07-04 16:08:47,138.699723003056,0.346559848514775,2319310.96179937,661.207053783619
2026-07-04 16:08:48,138.525468952582,0.364995488223576,2317338.33071347,654.788511921588
2026-07-04 16:08:49,138.35091565647,0.383270980649715,2315384.97778386,648.352620591297
2026-07-04 16:08:50,138.176065640717,0.401385520049552,2313450.94474835,641.899502366805
2026-07-04 16:08:51,138.000921074871,0.419338211612274,2311536.28317031,635.42927003309
2026-07-04 16:08:52,137.825484164487,0.437128166072131,2309641.04407617,628.942038512266
2026-07-04 16:08:53,137.649757135605,0.454754496306484,2307765.27833737,622.437924387277
2026-07-04 16:08:54,137.473742248712,0.472216320460375,2305909.03633858,615.917046335731
2026-07-04 16:08:55,137.29744178745,0.48951275990201,2304072.36821127,609.379524774836
2026-07-04 16:08:56,137.120858444257,0.50664303622856,2302255.31328912,602.825493616135
2026-07-04 16:08:57,136.943993809254,0.523606090370599,2300457.94156648,596.255054242945
2026-07-04 16:08:58,136.766850626823,0.540401151622624,2298680.2917753,589.668344220825
2026-07-04 16:08:59,136.58943130024,0.557027361051528,2296922.41239197,583.065491772021
2026-07-04 16:09:00,136.411738252714,0.573483862827467,2295184.35170261,576.446626757666
2026-07-04 16:09:01,136.233773940899,0.589769807474323,2293466.15745982,569.811881094716
2026-07-04 16:09:02,136.055540844828,0.605884349657069,2291767.87713322,563.161388443831
2026-07-04 16:09:03,135.877041847553,0.621826748143023,2290089.54710476,556.495295775777
2026-07-04 16:09:04,135.698278741955,0.637595973739879,2288431.23510287,549.813717870498
2026-07-04 16:09:05,135.519254462098,0.653191294889336,2286792.97683516,543.116805302945
2026-07-04 16:09:06,135.339971603961,0.668611890137483,2285174.81794855,536.404699371495
2026-07-04 16:09:07,135.160432783221,0.68385694206237,2283576.80386942,529.677542991778
2026-07-04 16:09:08,134.980640645315,0.698925640153102,2281998.97950279,522.935480999355
2026-07-04 16:09:09,134.800597866668,0.713817181224641,2280441.38919816,516.178660185643
2026-07-04 16:09:10,134.620307141166,0.728530765964671,2278904.07713172,509.407228880987
2026-07-04 16:09:11,134.439771562606,0.743065704275864,2277387.07598653,502.621348602502
2026-07-04 16:09:12,134.258993150058,0.757421010569823,2275890.45049569,495.821149116045
2026-07-04 16:09:13,134.077975046377,0.771596006709549,2274414.23258487,489.006795424663
2026-07-04 16:09:14,133.896720056927,0.785589922283855,2272958.46439497,482.178443231354
2026-07-04 16:09:15,133.715231008089,0.799401992540591,2271523.18775171,475.336249863245
2026-07-04 16:09:16,133.53351075968,0.813031462243609,2270108.44376189,468.480374640275
2026-07-04 16:09:17,133.351562186559,0.826477580706251,2268714.27335636,461.610978308665
2026-07-04 16:09:18,133.16938855771,0.839739710142337,2267340.70570135,454.728234577498
2026-07-04 16:09:19,132.986992081117,0.852816910608599,2265987.80264271,447.832285810997
2026-07-04 16:09:20,132.804376068884,0.865708557411201,2264655.59260889,440.923308937857
2026-07-04 16:09:21,132.621543504719,0.87841393368147,2263344.11425224,434.001471826474
2026-07-04 16:09:22,132.438497388357,0.890932327990244,2262053.40600258,427.066943773238
2026-07-04 16:09:23,132.255240751837,0.903263039781469,2260783.50549665,420.11989597933
2026-07-04 16:09:24,132.071776641004,0.915405373943796,2259534.45016756,413.160500984823
2026-07-04 16:09:25,131.888108488592,0.927358751909032,2258306.26541306,406.188943995407
2026-07-04 16:09:26,131.704238680681,0.939122286089193,2257099.00996668,399.205379316632
2026-07-04 16:09:27,131.520170689767,0.950695412902682,2255912.70842264,392.20999515881
2026-07-04 16:09:28,131.335907663855,0.96207747497822,2254747.39579196,385.202970754192
2026-07-04 16:09:29,131.151452764669,0.973267821304,2253603.10683135,378.184486626959
2026-07-04 16:09:30,130.966809182114,0.984265812149855,2252479.87552888,371.154725014896
2026-07-04 16:09:31,130.781980127149,0.995070816439501,2251377.73539244,364.113869657478
2026-07-04 16:09:32,130.596968825033,1.00568221077368,2250296.71956304,357.06210556173
2026-07-04 16:09:33,130.411778884975,1.01609949376993,2249236.84869051,349.999630202531
2026-07-04 16:09:34,130.226412871118,1.02632184288039,2248198.17797398,342.926610223035
2026-07-04 16:09:35,130.040874432262,1.03634877527752,2247180.72702805,335.843245930158
2026-07-04 16:09:36,129.855166882421,1.04617970798428,2246184.52658253,328.749728292535
2026-07-04 16:09:37,129.669293551929,1.05581406717695,2245209.60688749,321.646249555068
2026-07-04 16:09:38,129.483257798966,1.06525129162533,2244255.997357,314.533003584583
2026-07-04 16:09:39,129.297062989898,1.07449082702662,2243323.72717793,307.410185255371
2026-07-04 16:09:40,129.110712865127,1.08353224418528,2242412.81281936,300.278001479209
2026-07-04 16:09:41,128.924210143268,1.09237478859292,2241523.30567955,293.136629077622
2026-07-04 16:09:42,128.7375585966,1.10101805000116,2240655.22126915,285.986277394623
2026-07-04 16:09:43,128.550761672667,1.10946151884603,2239808.58614425,278.827146681437
2026-07-04 16:09:44,128.363822832216,1.1177046948372,2238983.42642483,271.659438289459
2026-07-04 16:09:45,128.176745560292,1.1257470911487,2238179.76736003,264.483354983318
2026-07-04 16:09:46,127.989533349371,1.13358822887603,2237397.63392077,257.299100423541
2026-07-04 16:09:47,127.802189715151,1.14122764246104,2236637.05023433,250.106879627387
2026-07-04 16:09:48,127.6147185246,1.14866499134722,2235898.02782264,242.906908783154
2026-07-04 16:09:49,127.427122646588,1.15589960358804,2235180.61372119,235.69937477582
2026-07-04 16:09:50,127.239405980884,1.16293116142265,2234484.81820709,228.484496027471
2026-07-04 16:09:51,127.05157210006,1.16975924333105,2233810.66309029,221.262481741993
2026-07-04 16:09:52,126.863624598047,1.1763834419938,2233158.16928211,214.033542340883
2026-07-04 16:09:53,126.675567073962,1.18280335861701,2232527.35739923,206.797888971318
2026-07-04 16:09:54,126.48740314476,1.18901860782163,2231918.24725502,199.555733861323
2026-07-04 16:09:55,126.299136777468,1.1950289346767,2231330.84555802,192.307300207411
2026-07-04 16:09:56,126.110770946292,1.2008337428411,2230765.19554464,185.052782131375
2026-07-04 16:09:57,125.922309640392,1.20643279982513,2230221.30280489,177.792404517832
2026-07-04 16:09:58,125.733756527257,1.21182576832998,2229699.18458552,170.526383145495
2026-07-04 16:09:59,125.54511528538,1.21701232327561,2229198.85748468,163.254934584784
2026-07-04 16:10:00,125.356389606655,1.22199215251498,2228720.33738185,155.978276260601
2026-07-04 16:10:01,125.167583185643,1.22676495364317,2228263.63977817,148.696626105468
2026-07-04 16:10:02,124.978699740506,1.23133044125391,2227828.77903882,141.41020317528
2026-07-04 16:10:03,124.789743308962,1.23568845691052,2227415.75685695,134.119236358196
2026-07-04 16:10:04,124.600716975245,1.23983850042952,2227024.6114525,126.823926753698
2026-07-04 16:10:05,124.411624801615,1.24378044019199,2226655.34302057,119.524504732473
2026-07-04 16:10:06,124.222470535239,1.24751403846375,2226307.96356159,112.221191698433
2026-07-04 16:10:07,124.033257931227,1.25103907055968,2225982.48437631,104.914209609358
2026-07-04 16:10:08,123.843990749741,1.25435532322179,2225678.91623909,97.6037808910009
2026-07-04 16:10:09,123.654672763825,1.25746259867168,2225397.26897685,90.2901286278735
2026-07-04 16:10:10,123.465308061021,1.26036082974296,2225137.53940352,82.9734853910142
2026-07-04 16:10:11,123.275899791884,1.26304960148875,2224899.76147127,75.6540565583245
2026-07-04 16:10:12,123.086452061064,1.26552887396026,2224683.9305044,68.3320757021761
2026-07-04 16:10:13,122.896968661042,1.26779849936203,2224490.05382048,61.0077674556146
2026-07-04 16:10:14,122.707453390104,1.26985834324046,2224318.13802753,53.6813568195959
2026-07-04 16:10:15,122.51791004707,1.27170828281847,2224168.18920072,46.3530689858896
2026-07-04 16:10:16,122.328342440179,1.27334821041244,2224040.21252623,39.0231295826342
2026-07-04 16:10:17,122.138754686896,1.27477815375022,2223934.19970022,31.6917733291802
2026-07-04 16:10:18,121.949149977735,1.27599778320751,2223850.18054672,24.3592081994463
2026-07-04 16:10:19,121.759532438213,1.27700715315199,2223788.14536269,17.0256693794053
2026-07-04 16:10:20,121.569905881593,1.27780620630122,2223748.09683875,9.69138307793319
2026-07-04 16:10:21,121.380274127385,1.27839490057191,2223730.03677232,2.35657574191702
2026-07-04 16:10:22,121.190640992786,1.27877320567062,2223733.96642514,-4.978526206993
2026-07-04 16:10:23,121.001010296128,1.27894110480702,2223759.88634446,-12.3136962957075
2026-07-04 16:10:24,120.811385857617,1.27889859505088,2223807.79632571,-19.6487079948628
2026-07-04 16:10:25,120.621771791031,1.27864580959208,2223877.68260874,-26.9833264084746
2026-07-04 16:10:26,120.432171315012,1.27818252200167,2223969.56979488,-34.3173422756561
2026-07-04 16:10:27,120.24258854561,1.2775088929279,2224083.44264728,-41.6505207167622
2026-07-04 16:10:28,120.053027296342,1.2766249713766,2224219.29831975,-48.9826355942305
2026-07-04 16:10:29,119.86349137824,1.27553081948565,2224377.13328855,-56.3134609419243
2026-07-04 16:10:30,119.673984599545,1.27422651251313,2224556.94335266,-63.6427709923238
2026-07-04 16:10:31,119.484510767005,1.2727121395239,2224758.72356049,-70.9703401581643
2026-07-04 16:10:32,119.295073969411,1.27098792720828,2224982.45523615,-78.2959350688739
2026-07-04 16:10:33,119.105677421609,1.26905373766282,2225228.15859342,-85.6193471807895
2026-07-04 16:10:34,118.916325207989,1.26690982484067,2225495.81348503,-92.9403436088696
2026-07-04 16:10:35,118.727021115359,1.26455632925814,2225785.412336,-100.258700092767
2026-07-04 16:10:36,118.537768925869,1.26199340475596,2226096.94686181,-107.574192741225
2026-07-04 16:10:37,118.348572411707,1.25922121667082,2226430.40825765,-114.886598209096
2026-07-04 16:10:38,118.159435345421,1.25623994607514,2226785.78675099,-122.195693415562
2026-07-04 16:10:39,117.970361483555,1.25304978298768,2227163.07231058,-129.501256029185
2026-07-04 16:10:40,117.781354865746,1.24965106248437,2227562.24036786,-136.803056198693
2026-07-04 16:10:41,117.592418670224,1.24604374468123,2227983.30635176,-144.100888290286
2026-07-04 16:10:42,117.403556918318,1.2422281884953,2228426.24453828,-151.394523642155
2026-07-04 16:10:43,117.214773338304,1.2382046369749,2228891.04201967,-158.683742108968
2026-07-04 16:10:44,117.026071649518,1.23397334577734,2229377.68522749,-165.968324187276
2026-07-04 16:10:45,116.837455561119,1.22953458308081,2229886.15993794,-173.248051076941
2026-07-04 16:10:46,116.648928773803,1.22488863026404,2230416.45119595,-180.522704646361
2026-07-04 16:10:47,116.460495246511,1.22003590865116,2230968.52999749,-187.792060197168
2026-07-04 16:10:48,116.272158108947,1.2149764648056,2231542.40734584,-195.055916095741
2026-07-04 16:10:49,116.08392130395,1.20971074699885,2232138.05269699,-202.314049037087
2026-07-04 16:10:50,115.895788483189,1.20423908404061,2232755.44868789,-209.566244173414
2026-07-04 16:10:51,115.70776328889,1.19856181830273,2233394.57716168,-216.812287447998
2026-07-04 16:10:52,115.51984934972,1.19267930384632,2234055.41935897,-224.051965723834
2026-07-04 16:10:53,115.332050282449,1.18659190741865,2234737.95580742,-231.285066758687
2026-07-04 16:10:54,115.14436995113,1.18030013637558,2235442.15285184,-238.511372301241
2026-07-04 16:10:55,114.956811412985,1.1738041191995,2236168.0173194,-245.730686264082
2026-07-04 16:10:56,114.769378509796,1.16710438913237,2236915.51404936,-252.94279220956
2026-07-04 16:10:57,114.58207479785,1.1602013581473,2237684.62123809,-260.147481984164
2026-07-04 16:10:58,114.394903820955,1.15309545119528,2238475.31630743,-267.344548431069
2026-07-04 16:10:59,114.207869106868,1.14578710432108,2239287.57609618,-274.533785496483
2026-07-04 16:11:00,114.020974168668,1.13827676564038,2240121.37675054,-281.7149882144
2026-07-04 16:11:01,113.83422249764,1.13056489193734,2240976.69407591,-288.887952913128
2026-07-04 16:11:02,113.647617830681,1.12265208652905,2241853.48897791,-296.052470256116
2026-07-04 16:11:03,113.461163116856,1.11453856621652,2242751.76371498,-303.208352198046
2026-07-04 16:11:04,113.274862055348,1.10622495396965,2243671.47823627,-310.35539188461
2026-07-04 16:11:05,113.088718072447,1.09771175272405,2244612.60570071,-317.493390378162
2026-07-04 16:11:06,112.902734575649,1.08899947578149,2245575.11871035,-324.62215002764
2026-07-04 16:11:07,112.71691495416,1.08008864707516,2246558.98927448,-331.741474468295
2026-07-04 16:11:08,112.531262578619,1.07097980138678,2247564.18877887,-338.851168651185
2026-07-04 16:11:09,112.345781045564,1.06167361608856,2248590.6740291,-345.951032645571
2026-07-04 16:11:10,112.160473189545,1.05217037936973,2249638.44353813,-353.040886764749
2026-07-04 16:11:11,111.975342574843,1.04247079189533,2250707.45266073,-360.120533618284
2026-07-04 16:11:12,111.790392487135,1.03257542631112,2251797.67079167,-367.189783822185
2026-07-04 16:11:13,111.605626200087,1.02248486963014,2252909.06628747,-374.248449202625
2026-07-04 16:11:14,111.421046961292,1.01219971571877,2254041.60725403,-381.296343166334
2026-07-04 16:11:15,111.236658000164,1.00172056993294,2255195.26104638,-388.333280521828
2026-07-04 16:11:16,111.052462521935,0.991048045688823,2256369.99462372,-395.359077637992
2026-07-04 16:11:17,110.868463947945,0.98018290031929,2257565.76009828,-402.373546541709
2026-07-04 16:11:18,110.684664969405,0.969125500744871,2258782.55152078,-409.37651823581
2026-07-04 16:11:19,110.50106896024,0.957876620403373,2260020.32017625,-416.36780788159
2026-07-04 16:11:20,110.317679041582,0.946436912200833,2261279.03057966,-423.347237890905
2026-07-04 16:11:21,110.13449830596,0.934807034932583,2262558.64703579,-430.314632407174
2026-07-04 16:11:22,109.951529826307,0.922987658036667,2263859.13312359,-437.269817085232
2026-07-04 16:11:23,109.768776649372,0.910979458077442,2265180.45206147,-444.212619268809
2026-07-04 16:11:24,109.586242027234,0.898783255177634,2266522.55213587,-451.142862473662
2026-07-04 16:11:25,109.403928505891,0.886399476379767,2267885.4239612,-458.060388169029
2026-07-04 16:11:26,109.221839287407,0.873828956446266,2269269.01502239,-464.965023209975
2026-07-04 16:11:27,109.039977324648,0.861072406552269,2270673.2863486,-471.85660152429
2026-07-04 16:11:28,108.858345544693,0.848130545078323,2272098.19855174,-478.73495876183
2026-07-04 16:11:29,108.676946849039,0.835004097822524,2273543.7117942,-485.599932300965
2026-07-04 16:11:30,108.495784117059,0.821693800098085,2275009.78555435,-492.451361176356
2026-07-04 16:11:31,108.314860197442,0.808200391389215,2276496.37918883,-499.289086283009
2026-07-04 16:11:32,108.134178134619,0.794524755575942,2278003.43687967,-506.112945193154
2026-07-04 16:11:33,107.953740294882,0.780667380562521,2279530.94558776,-512.922792223826
2026-07-04 16:11:34,107.773549667817,0.766629161862848,2281078.84885944,-519.718468533485
2026-07-04 16:11:35,107.593609005296,0.752410871365516,2282647.10378048,-526.499821933131
2026-07-04 16:11:36,107.413921026499,0.738013284296795,2284235.66735546,-533.266702189646
2026-07-04 16:11:37,107.234488430689,0.723437186017845,2285844.4957667,-540.018960709804
2026-07-04 16:11:38,107.055313883728,0.708683364575536,2287473.54516572,-546.756450880259
2026-07-04 16:11:39,106.876400237693,0.69375275173137,2289122.75645903,-553.479023205939
2026-07-04 16:11:40,106.69774969089,0.678645881397456,2290792.11367625,-560.186543879378
2026-07-04 16:11:41,106.51936503851,0.663363694975054,2292481.55716325,-566.878867115213
2026-07-04 16:11:42,106.341248844662,0.647907008882127,2294191.04094917,-573.555853498709
2026-07-04 16:11:43,106.163403641377,0.632276642311383,2295920.51897302,-580.217365575333
2026-07-04 16:11:44,105.985831936226,0.616473421982275,2297669.94456049,-586.863267683987
2026-07-04 16:11:45,105.808536206938,0.600498178609788,2299439.27079535,-593.4934260793
2026-07-04 16:11:46,105.631519104929,0.584351884189594,2301228.43562932,-600.107704637931
2026-07-04 16:11:47,105.454782653469,0.56803511181485,2303037.42041199,-606.705981821169
2026-07-04 16:11:48,105.278329446378,0.551548841505153,2304866.1625693,-613.288125274798
2026-07-04 16:11:49,105.102161854014,0.534893927134512,2306714.61333979,-619.854008686038
2026-07-04 16:11:50,104.926282213727,0.518071224291691,2308582.72391781,-626.403507743788
2026-07-04 16:11:51,104.750692836793,0.501081594360304,2310470.44500047,-632.936499980067
2026-07-04 16:11:52,104.575396008234,0.483925904685325,2312377.72675908,-639.452864785853
2026-07-04 16:11:53,104.400393979838,0.466605023566765,2314304.51937432,-645.952483552938
2026-07-04 16:11:54,104.225689170219,0.449119961717559,2316250.7575938,-652.435235671962
2026-07-04 16:11:55,104.051283392705,0.431471325999974,2318216.42030932,-658.901013988352
2026-07-04 16:11:56,103.877179010226,0.413660135099074,2320201.44159009,-665.349701645735
2026-07-04 16:11:57,103.703378163241,0.39568727508067,2322205.77003725,-671.781187600541
2026-07-04 16:11:58,103.52988296244,0.377553634552696,2324229.35404004,-678.195362731213
2026-07-04 16:11:59,103.356695493882,0.359260108583678,2326272.14133742,-684.592119746282
2026-07-04 16:12:00,103.183817809173,0.340807591447534,2328334.07980261,-690.971353373629
2026-07-04 16:12:01,103.011252119288,0.322197119504879,2330415.10175078,-697.332956681854
2026-07-04 16:12:02,102.839000055181,0.303429325311888,2332515.18383968,-703.676835102019
2026-07-04 16:12:03,102.667063768628,0.284505249007083,2334634.2580313,-710.002885510153
2026-07-04 16:12:04,102.495445200461,0.265425799829281,2336772.27065395,-716.311010163877
2026-07-04 16:12:05,102.324146260526,0.246191887825769,2338929.16794853,-722.601113255155
2026-07-04 16:12:06,102.153168833768,0.226804428532984,2341104.89554411,-728.873100801708
2026-07-04 16:12:07,101.982514771583,0.207264335830333,2343299.3992358,-735.126880789163
2026-07-04 16:12:08,101.812185901359,0.18757252986458,2345512.62410251,-741.362363017416
2026-07-04 16:12:09,101.642184191768,0.167730065116658,2347744.50033324,-747.579456178152
2026-07-04 16:12:10,101.472511062498,0.147737593618813,2349995.00256578,-753.7780800128
2026-07-04 16:12:11,101.303168429011,0.127596175972139,2352264.06023248,-759.958146862579
2026-07-04 16:12:12,101.134157999981,0.107306736652222,2354551.61774544,-766.119574100047
2026-07-04 16:12:13,100.965481460212,0.086870205143776,2356857.61889309,-772.26228087214
2026-07-04 16:12:14,100.797140460217,0.0662875082078211,2359182.00768919,-778.386188293021
2026-07-04 16:12:15,100.629136626906,0.045559577388298,2361524.72753144,-784.491219233245
2026-07-04 16:12:16,100.461471723912,0.024687480194532,2363885.70658579,-790.577295718773
2026-07-04 16:12:17,100.294146984677,0.00367187739584072,2366264.91818707,-796.644349841011
2026-07-04 17:41:05,212.552888277853,0.017210555447133,2353836.19536504,2262.46913079093
2026-07-04 17:41:06,212.520026569752,0.0786368969126507,2347054.02174439,2262.2140805412
2026-07-04 17:41:07,212.486966450557,0.140235702125457,2340272.62005796,2261.95410867307
2026-07-04 17:41:08,212.453706116499,0.202008410214695,2333492.00518646,2261.68916633336
2026-07-04 17:41:09,212.42024415039,0.263956402984668,2326712.20016806,2261.41920645772
2026-07-04 17:41:10,212.386577876476,0.326081298816939,2319933.20384789,2261.14417376573
2026-07-04 17:41:11,212.352705837198,0.388384510314181,2313155.03966635,2260.86401978011
2026-07-04 17:41:12,212.318626138836,0.45086754005571,2306377.72305614,2260.5786927903
2026-07-04 17:41:13,212.284336866094,0.51353190669531,2299601.26962573,2260.28814035186
2026-07-04 17:41:14,212.249836075932,0.576379146233046,2292825.69504629,2259.99230923775
2026-07-04 17:41:15,212.215121811313,0.639410809558125,2286051.01534375,2259.69114551331
2026-07-04 17:41:16,212.18019207853,0.702628466866931,2279277.2464455,2259.38459438387
2026-07-04 17:41:17,212.145045297222,0.766033627723943,2272504.41279732,2259.07260302814
2026-07-04 17:41:18,212.10967858076,0.829628046722425,2265732.51452724,2258.75510972553
2026-07-04 17:41:19,212.07409029358,0.893413269311198,2258961.576337,2258.43205997887
2026-07-04 17:41:20,212.038278350381,0.957390934207214,2252191.61496755,2258.10339578513
2026-07-04 17:41:21,212.002240640288,1.02156269812013,2245422.64733775,2257.76905829325
2026-07-04 17:41:22,211.965975026485,1.08593023595891,2238654.69054986,2257.42898778967
2026-07-04 17:41:23,211.929479348099,1.15049524080958,2231887.76191975,2257.08312369808
2026-07-04 17:41:24,211.892751842519,1.21525934933318,2225121.88684089,2256.73140733125
2026-07-04 17:41:25,211.855789430675,1.28022444506635,2218357.06692717,2256.37377066956
2026-07-04 17:41:26,211.818590303506,1.34539220132309,2211593.3281356,2256.01015323411
2026-07-04 17:41:27,211.781152182167,1.41076438904358,2204830.68838016,2255.64049072795
2026-07-04 17:41:28,211.743472767784,1.47634279741724,2198069.16592464,2255.26471795293
2026-07-04 17:41:29,211.705549730172,1.54212923605522,2191308.77918526,2254.88276872159
2026-07-04 17:41:30,211.667380712227,1.60812553442754,2184549.54681957,2254.49457587221
2026-07-04 17:41:31,211.628963318523,1.67433354398031,2177791.48753877,2254.10007117791
2026-07-04 17:41:32,211.59029557699,1.74075505737884,2171034.62840065,2253.69918847202
2026-07-04 17:41:33,211.551374154562,1.80739212187946,2164278.97276066,2253.29185150713
2026-07-04 17:41:34,211.512197006039,1.87424657447753,2157524.54793006,2252.87799192002
2026-07-04 17:41:35,211.47276162059,1.94132035000751,2150771.37361461,2252.45753732825
2026-07-04 17:41:36,211.433065452769,2.00861540557789,2144019.46970303,2252.03041423273
2026-07-04 17:41:37,211.393105926739,2.07613372030005,2137268.85632747,2251.59654803008
2026-07-04 17:41:38,211.352880424886,2.14387729704724,2130519.5537199,2251.15586291787
2026-07-04 17:41:39,211.312386759193,2.21184808087189,2123771.59039,2250.70828519481
2026-07-04 17:41:40,211.271621348198,2.28004827697749,2117024.97139421,2250.25373042372
2026-07-04 17:41:41,211.230581923294,2.34847987887178,2110279.72554748,2249.79212242347
2026-07-04 17:41:42,211.18926573721,2.41714498105136,2103535.87416643,2249.32338068315
2026-07-04 17:41:43,211.147670004067,2.48604570265245,2096793.43875309,2248.84742342645
2026-07-04 17:41:44,211.105791901458,2.55518418713627,2090052.44106221,2248.36416760819
2026-07-04 17:41:45,211.063628571092,2.62456260245003,2083312.90312112,2247.8735289002
2026-07-04 17:41:46,211.021177575657,2.69418306190246,2076574.85496287,2247.3754250023
2026-07-04 17:41:47,210.978435057094,2.76404794429878,2069838.30349153,2246.86976221503
2026-07-04 17:41:48,210.935398504339,2.83415941337643,2063103.27935583,2246.35645554375
2026-07-04 17:41:49,210.892064896541,2.9045197406603,2056369.80549362,2245.83541519334
2026-07-04 17:41:50,210.848431185484,2.97513122185152,2049637.90533044,2245.30655004876
2026-07-04 17:41:51,210.804494271722,3.04599618110439,2042907.60240538,2244.76976747825
2026-07-04 17:41:52,210.76025102056,3.11711696873275,2036178.92063133,2244.22497342915
2026-07-04 17:41:53,210.715698249871,3.1884959633095,2029451.88413318,2243.67207231599
2026-07-04 17:41:54,210.670833213057,3.26013548894342,2022726.52509386,2243.11097065787
2026-07-04 17:41:55,210.625651698454,3.33203814299362,2016002.85284434,2242.54156266485
2026-07-04 17:41:56,210.580150861821,3.40420630794502,2009280.9000493,2241.96375163567
2026-07-04 17:41:57,210.53432735376,3.47664247463175,2002560.69216137,2241.3774357904
2026-07-04 17:41:58,210.488177768216,3.54934916522652,1995842.2547611,2240.78251162735
2026-07-04 17:41:59,210.441698659154,3.62232893042644,1989125.61386259,2240.17887402655
2026-07-04 17:42:00,210.394886527529,3.69558435222522,1982410.79569839,2239.56641612298
2026-07-04 17:42:01,210.347738316255,3.7691179590265,1975697.83455106,2238.9450331663
2026-07-04 17:42:02,210.300249463407,3.84293256023497,1968986.74207101,2238.31460723024
2026-07-04 17:42:03,210.252416804312,3.9170307481608,1962277.55310754,2237.6750299116
2026-07-04 17:42:04,210.204236646912,3.99141522895047,1955570.29530176,2237.02618724977
2026-07-04 17:42:05,210.155705244856,4.06608874137037,1948864.99661352,2236.36796339472
2026-07-04 17:42:06,210.106818797598,4.14105405745132,1942161.68530943,2235.70024057715
2026-07-04 17:42:07,210.057573456728,4.21631398129731,1935460.39011586,2235.02289913184
2026-07-04 17:42:08,210.007965310957,4.29187135232252,1928761.13997498,2234.33581734544
2026-07-04 17:42:09,209.957990903409,4.36772895695069,1922063.97192636,2233.63887565257
2026-07-04 17:42:10,209.907645208766,4.44388987420528,1915368.90046694,2232.93194009733
2026-07-04 17:42:11,209.856924651779,4.52035696102877,1908675.96334947,2232.21488690245
2026-07-04 17:42:12,209.805825102043,4.59713319474895,1901985.19115596,2231.4875861153
2026-07-04 17:42:13,209.754342360098,4.67422159024761,1895296.61472883,2230.7499055254
2026-07-04 17:42:14,209.702472177158,4.75162519719509,1888610.26546328,2230.00171079278
2026-07-04 17:42:15,209.650210233167,4.82934710387613,1881926.17502296,2229.24286523221
2026-07-04 17:42:16,209.597552665158,4.90739034813794,1875244.38305228,2228.47323424671
2026-07-04 17:42:17,209.544494007583,4.98575826659336,1868564.90715958,2227.69266788512
2026-07-04 17:42:18,209.491030258556,5.06445397537402,1861887.78772785,2226.90102668689
2026-07-04 17:42:19,209.437156852215,5.14348071420543,1855213.05827342,2226.098164552
2026-07-04 17:42:20,209.38286914423,5.22284176418669,1848540.7526056,2225.28393278929
2026-07-04 17:42:21,209.328162427357,5.30254044594922,1841870.90503815,2224.45818020787
2026-07-04 17:42:22,209.273031923627,5.38258012069014,1835203.55035449,2223.62075301363
2026-07-04 17:42:23,209.217473311532,5.46296410236672,1828538.73117375,2222.77149938762
2026-07-04 17:42:24,209.161480619715,5.54369601229555,1821876.46844216,2221.9102510029
2026-07-04 17:42:25,209.105049371724,5.62477925015748,1815216.80564456,2221.0368504818
2026-07-04 17:42:26,209.048174505492,5.70621734453927,1808559.77956427,2220.15113318405
2026-07-04 17:42:27,208.990850870921,5.78801386966735,1801905.42731091,2219.25293149916
2026-07-04 17:42:28,208.9330732463,5.87017244282813,1795253.78659075,2218.34207494737
2026-07-04 17:42:29,208.874836329259,5.95269672651022,1788604.89558865,2217.41839005173
2026-07-04 17:42:30,208.816134735735,6.03559042846483,1781958.7930214,2216.48170028418
2026-07-04 17:42:31,208.756963552378,6.11885721039947,1775315.52551105,2215.53183105874
2026-07-04 17:42:32,208.697316133156,6.20250105604181,1768675.11812021,2214.56858958876
2026-07-04 17:42:33,208.637187394273,6.28652572091874,1762037.61860093,2213.59179485016
2026-07-04 17:42:34,208.576571615772,6.37093510044796,1755403.06785768,2212.60125752865
2026-07-04 17:42:35,208.51546298501,6.45573313908877,1748771.50732394,2211.59678490626
2026-07-04 17:42:36,208.453855609955,6.54092382883151,1742142.97914238,2210.57818092969
2026-07-04 17:42:37,208.391743496302,6.6265112131707,1735517.52591426,2209.54524594416
2026-07-04 17:42:38,208.329121121762,6.71249929226349,1728895.19809747,2208.4977820721
2026-07-04 17:42:39,208.265981193529,6.79889239532109,1722276.02523776,2207.43557195463
2026-07-04 17:42:40,208.202317990202,6.88569462665145,1715660.05897561,2206.35841024814
2026-07-04 17:42:41,208.138125141037,6.97291023422882,1709047.34450087,2205.26608262545
2026-07-04 17:42:42,208.073396166713,7.06054352057142,1702437.92754749,2204.15837080445
2026-07-04 17:42:43,208.008124496174,7.14859884036563,1695831.85463941,2203.03505264787
2026-07-04 17:42:44,207.94230344281,7.23708060462795,1689229.17284028,2201.89590187138
2026-07-04 17:42:45,207.8759262213,7.32599327833018,1682629.92999917,2200.7406881417
2026-07-04 17:42:46,207.808986510677,7.41534128828583,1676034.18163882,2199.56918256891
2026-07-04 17:42:47,207.74147614644,7.50512940299986,1669441.96283989,2198.38113489363
2026-07-04 17:42:48,207.673388589356,7.59536216254345,1662853.33066655,2197.17630756002
2026-07-04 17:42:49,207.604716596869,7.68604426182562,1656268.3357215,2195.95445275593
2026-07-04 17:42:50,207.53545282165,7.77718045285443,1649687.02949315,2194.71531821735
2026-07-04 17:42:51,207.465589785535,7.86877554889786,1643109.46411948,2193.45864689806
2026-07-04 17:42:52,207.395119892901,7.96083442307768,1636535.69256066,2192.18417702552
2026-07-04 17:42:53,207.324036027114,8.05336191127443,1629965.77558486,2190.89164813299
2026-07-04 17:42:54,207.252329139858,8.14636320582957,1623399.75374416,2189.58077633628
2026-07-04 17:42:55,207.179991857018,8.23984326739949,1616837.68947252,2188.25129107029
2026-07-04 17:42:56,207.107016063114,8.33380721961615,1610279.63891698,2186.90291037519
2026-07-04 17:42:57,207.033393519486,8.42826024853666,1603725.65921106,2185.53534711093
2026-07-04 17:42:58,206.959115844844,8.52320760628834,1597175.80828907,2184.14830867041
2026-07-04 17:42:59,206.884174512703,8.618654611517,1590630.14492784,2182.74149686676
2026-07-04 17:43:00,206.808560866888,8.71460664744444,1584088.72895193,2181.31460800668
2026-07-04 17:43:01,206.732266704733,8.81106906808503,1577551.62767681,2179.86733903215
2026-07-04 17:43:02,206.655281839671,8.90804759186967,1571018.88918106,2178.39936143271
2026-07-04 17:43:03,206.577597775527,9.00554770871158,1564490.58281215,2176.91036028436
2026-07-04 17:43:04,206.499205240139,9.10357507883683,1557966.7720226,2175.4000079173
2026-07-04 17:43:05,206.420094815135,9.20213543113339,1551447.52139218,2173.86797051172
2026-07-04 17:43:06,206.340256906675,9.30123456820471,1544932.89636258,2172.31390767978
2026-07-04 17:43:07,206.259681771659,9.40087836239197,1538422.96357472,2170.73747264881
2026-07-04 17:43:08,206.178360117663,9.50107266023981,1531917.79715723,2169.13831881195
2026-07-04 17:43:09,206.096280585799,9.60182368519895,1525417.4525359,2167.51607175127
2026-07-04 17:43:10,206.013433544001,9.70313743091686,1518922.00614002,2165.87037107071
2026-07-04 17:43:11,205.929808540156,9.80502006925474,1512431.52878103,2164.20084215951
2026-07-04 17:43:12,205.845394951814,9.90747784629201,1505946.09253697,2162.50710324746
2026-07-04 17:43:13,205.760181955318,10.0105170876316,1499465.77048567,2160.78876493982
2026-07-04 17:43:14,205.674158552641,10.114144194042,1492990.63705429,2159.04543040441
2026-07-04 17:43:15,205.587314191045,10.2183655437004,1486520.77417094,2157.27670238963
2026-07-04 17:43:16,205.499636160779,10.3231879039644,1480056.24566369,2155.48215318007
2026-07-04 17:43:17,205.411113514844,10.4286178112731,1473597.13606024,2153.66136947463
2026-07-04 17:43:18,205.32173443665,10.5346619878274,1467143.52459414,2151.81392207526
2026-07-04 17:43:19,205.231486908765,10.6413272357954,1460695.49190212,2149.93937341547
2026-07-04 17:43:20,205.140358691962,10.7486204405124,1454253.1198976,2148.037277184
2026-07-04 17:43:21,205.04833732026,10.8565485713856,1447816.49178728,2146.10717812713
2026-07-04 17:43:22,204.955410116934,10.9651186791926,1441385.69230182,2144.14861210122
2026-07-04 17:43:23,204.861564839917,11.074337795689,1434960.81367925,2142.16111369489
2026-07-04 17:43:24,204.766786973594,11.1842133551975,1428541.93082988,2140.14418356672
2026-07-04 17:43:25,204.671063811086,11.2947525583836,1422129.13905193,2138.09733724508
2026-07-04 17:43:26,204.574381707299,11.4059628002197,1415722.52872978,2136.02007208526
2026-07-04 17:43:27,204.476726775192,11.5178515612543,1409322.19185327,2133.91187544302
2026-07-04 17:43:28,204.378084861168,11.6304264110651,1402928.22188153,2131.77222421911
2026-07-04 17:43:29,204.278441564291,11.7436950052018,1396540.71398081,2129.60058493423
2026-07-04 17:43:30,204.177782905077,11.8576649818072,1390159.77088185,2127.39642193252
2026-07-04 17:43:31,204.076092518124,11.9723443922328,1383785.47873494,2125.15916218741
2026-07-04 17:43:32,203.973355880736,12.0877410516992,1377417.94373691,2122.88824781292
2026-07-04 17:43:33,203.869557467213,12.2038629748551,1371057.26761479,2120.5831004957
2026-07-04 17:43:34,203.764681467968,12.3207182659419,1364703.55388856,2118.24313024424
2026-07-04 17:43:35,203.658711764413,12.4383151208582,1358356.90781064,2115.86773490387
2026-07-04 17:43:36,203.551631947456,12.5566618243403,1352017.4365709,2113.45630020535
2026-07-04 17:43:37,203.443425275089,12.6757667550018,1345685.249073,2111.00819904283
2026-07-04 17:43:38,203.334075436423,12.7956382701511,1339360.46207656,2108.52280125068
2026-07-04 17:43:39,203.223563582918,12.9162851509268,1333043.17666113,2105.999434714
2026-07-04 17:43:40,203.111872729644,13.0377159389682,1326733.51347274,2103.43744247732
2026-07-04 17:43:41,202.998984824066,13.1599393767026,1320431.58935192,2100.8361444368
2026-07-04 17:43:42,202.884881453311,13.2829642994053,1314137.52312389,2098.19484631941
2026-07-04 17:43:43,202.769543858764,13.406799631931,1307851.43580222,2095.5128396709
2026-07-04 17:43:44,202.652952911705,13.5314543906005,1301573.45052163,2092.78940132979
2026-07-04 17:43:45,202.535089864685,13.6569375711461,1295303.69817562,2090.02380341629
2026-07-04 17:43:46,202.415933302576,13.7832585964847,1289042.2949868,2087.2152717867
2026-07-04 17:43:47,202.295463715979,13.9104266399396,1282789.3765336,2084.36304773496
2026-07-04 17:43:48,202.173660412629,14.0384510799409,1276545.07487699,2081.46634600831
2026-07-04 17:43:49,202.050502305842,14.1673413805734,1270309.52459351,2078.52436524365
2026-07-04 17:43:50,201.925967884834,14.2971070944684,1264082.86264043,2075.53628732819
2026-07-04 17:43:51,201.800035214128,14.4277578602224,1257865.22848595,2072.50127716726
2026-07-04 17:43:52,201.672681903785,14.5593034042347,1251656.76402169,2069.4184820368
2026-07-04 17:43:53,201.543885936736,14.6917534194819,1245457.61924454,2066.28704309126
2026-07-04 17:43:54,201.413622427595,14.8251180274784,1239267.93054613,2063.10604918723
2026-07-04 17:43:55,201.281868406946,14.9594070885556,1233087.853162,2059.87460436788
2026-07-04 17:43:56,201.14859964016,15.0946306554682,1226917.53975247,2056.59178265646
2026-07-04 17:43:57,201.013791395656,15.2307988597138,1220757.14574784,2053.25663865203
2026-07-04 17:43:58,200.877418442629,15.3679219081209,1214606.82947105,2049.86820725282
2026-07-04 17:43:59,200.739455018594,15.5060100836062,1208466.75206459,2046.42550293664
2026-07-04 17:44:00,200.599875693147,15.6450736205806,1202337.08294793,2042.92753226433
2026-07-04 17:44:01,200.458651975207,15.7851231740078,1196217.97901702,2039.37324360653
2026-07-04 17:44:02,200.315757323125,15.9261691151024,1190109.61579971,2035.76160066344
2026-07-04 17:44:03,200.171163805339,16.0682219933561,1184012.16686039,2032.09153310964
2026-07-04 17:44:04,200.024842899838,16.2112924194772,1177925.80893304,2028.36194807185
2026-07-04 17:44:05,199.876765506704,16.3553910581807,1171850.72214558,2024.57173006363
2026-07-04 17:44:06,199.726901913366,16.500528626963,1165787.08997527,2020.7197402123
2026-07-04 17:44:07,199.575222657734,16.6467157744987,1159735.10418771,2016.80482925341
2026-07-04 17:44:08,199.421695030838,16.7939635449114,1153694.94544451,2012.82578364707
2026-07-04 17:44:09,199.266288281096,16.9422826692218,1147666.81267089,2008.78140502275
2026-07-04 17:44:10,199.108970129493,17.0916840286293,1141650.90358903,2004.67045663634
2026-07-04 17:44:11,198.949707614438,17.2421785329253,1135647.4196511,2000.49167601448
2026-07-04 17:44:12,198.788467078106,17.3937771145321,1129656.56612326,1996.2437744904
2026-07-04 17:44:13,198.625214155941,17.54649072107,1123678.55221276,1991.92543680046
2026-07-04 17:44:14,198.459913734364,17.700330312441,1117713.59100304,1987.53532016664
2026-07-04 17:44:15,198.292530906672,17.8553067287463,1111761.90434471,1983.07206940882
2026-07-04 17:44:16,198.123027227494,18.0114311621262,1105823.70447238,1978.53425663479
2026-07-04 17:44:17,197.951366215166,18.16871443795,1099899.22153641,1973.92046914707
2026-07-04 17:44:18,197.777509688889,18.3271674761823,1093988.68550313,1969.22925062985
2026-07-04 17:44:19,197.601418645468,18.4868011671594,1088092.3307145,1964.4591149231
2026-07-04 17:44:20,197.423053251247,18.6476263604529,1082210.39603699,1959.60854568246
2026-07-04 17:44:21,197.24237279673,18.8096538578651,1076343.12483822,1954.67599542982
2026-07-04 17:44:22,197.059336695946,18.9728942787104,1070490.76952967,1949.65990204252
2026-07-04 17:44:23,196.873900560699,19.1373585249061,1064653.57452852,1944.55862310302
2026-07-04 17:44:24,196.68602196297,19.3030570621772,1058831.8018269,1939.37053169239
2026-07-04 17:44:25,196.49565659625,19.4700003746641,1053025.71420203,1934.09395238648
2026-07-04 17:44:26,196.3027591927,19.6381988364164,1047235.57948283,1928.72717633042
2026-07-04 17:44:27,196.10728351229,19.8076626962001,1041461.67068427,1923.26846091399
2026-07-04 17:44:28,195.909182294024,19.9784020652061,1035704.26601612,1917.71602882171
2026-07-04 17:44:29,195.708407289011,20.1504268949928,1029963.64919717,1912.06806849359
2026-07-04 17:44:30,195.504910209944,20.3237468510826,1024240.11317442,1906.32275063386
2026-07-04 17:44:31,195.298638634682,20.498371756834,1018533.94495364,1900.47815672939
2026-07-04 17:44:32,195.089542116583,20.6743108777738,1012845.44884366,1894.53238537668
2026-07-04 17:44:33,194.877568087753,20.8515733665818,1007174.93110305,1888.48348103007
2026-07-04 17:44:34,194.662662827895,21.0301681283249,1001522.70386106,1882.32945081774
2026-07-04 17:44:35,194.444771468104,21.2101037964305,995889.085304052,1876.06826462118
2026-07-04 17:44:36,194.223837953703,21.3913887105449,990274.39976471,1869.69785447937
2026-07-04 17:44:37,193.99980609635,21.5740307811892,984678.98124489,1863.21613374201
2026-07-04 17:44:38,193.772615266237,21.7580379114058,979103.159807969,1856.62091918532
2026-07-04 17:44:39,193.542206764376,21.9434172997629,973547.282339658,1849.91004639311
2026-07-04 17:44:40,193.308519573224,22.1301758575293,968011.698922506,1843.08129318838
2026-07-04 17:44:41,193.071491346125,22.3183200714465,962496.766300295,1836.13239769395
2026-07-04 17:44:42,192.831058418014,22.5078559700102,957002.848088315,1829.06105877646
2026-07-04 17:44:43,192.587155765821,22.6987890927864,951530.314848553,1821.86493561869
2026-07-04 17:44:44,192.339718119146,22.8911243503906,946079.547220954,1814.54166897154
2026-07-04 17:44:45,192.088675423159,23.0848664132455,940650.923999836,1807.08879628319
2026-07-04 17:44:46,191.833959551646,23.2800190390252,935244.840357454,1799.50387812762
2026-07-04 17:44:47,191.575499835312,23.4765854553418,929861.695926651,1791.78441489127
2026-07-04 17:44:48,191.313224104048,23.674568218203,924501.897821147,1783.92786680577
2026-07-04 17:44:49,191.047058702782,23.8739691658441,919165.86086352,1775.93165485872
2026-07-04 17:44:50,190.776928453324,24.0747893759572,913854.007665621,1767.79316073149
2026-07-04 17:44:51,190.502756634388,24.2770291203297,908566.768727714,1759.50972712721
2026-07-04 17:44:52,190.224466173046,24.4806877192811,903304.585072587,1751.07868194803
2026-07-04 17:44:53,189.941974792436,24.6857638779523,898067.898356084,1742.49724414109
2026-07-04 17:44:54,189.655202220979,24.8922550541984,892857.166037364,1733.76266559781
2026-07-04 17:44:55,189.364065381484,25.1001577900796,887672.851439223,1724.872138225
2026-07-04 17:44:56,189.068479535734,25.3094675621056,882515.426294231,1715.82281731388
2026-07-04 17:44:57,188.768358322542,25.520178717309,877385.370977776,1706.61182347587
2026-07-04 17:44:58,188.46361369231,25.7322844163419,872283.174505235,1697.23624257217
2026-07-04 17:44:59,188.154157203838,25.9457764857029,867209.336634669,1687.69315332865
2026-07-04 17:45:00,187.839894932917,26.1606456812495,862164.360118898,1677.97952562497
2026-07-04 17:45:01,187.520735031459,26.3768811242422,857148.762633636,1668.09237493513
2026-07-04 17:45:02,187.196582728784,26.5944705614184,852163.068938557,1658.02866289164
2026-07-04 17:45:03,186.867341525777,26.8134002102819,847207.812918165,1647.7853230797
2026-07-04 17:45:04,186.532913255469,27.0336546808824,842283.537715496,1637.35926403534
2026-07-04 17:45:05,186.19319803441,27.2552169001384,837390.795744588,1626.74737011719
2026-07-04 17:45:06,185.848094315664,27.4780680281909,832530.14881991,1615.94650457125
2026-07-04 17:45:07,185.497500226175,27.7021873166128,827702.169471835,1604.95353972814
2026-07-04 17:45:08,185.141308184869,27.9275522661937,822907.435743166,1593.76524603898
2026-07-04 17:45:09,184.779413044662,28.1541381664792,818146.539288044,1582.3784652563
2026-07-04 17:45:10,184.411706685258,28.3819182578921,813420.079920235,1570.78999937197
2026-07-04 17:45:11,184.038079432631,28.6108635727152,808728.667075943,1558.99664280876
2026-07-04 17:45:12,183.658420078129,28.840942841151,804072.91980236,1546.99518533608
2026-07-04 17:45:13,183.272615924369,29.0721223935456,799453.466771179,1534.78241565283
2026-07-04 17:45:14,182.880554296601,29.304366026319,794870.946955237,1522.35515680259
2026-07-04 17:45:15,182.482116815519,29.537635041928,790326.006818417,1509.71014495844
2026-07-04 17:45:16,182.077188125591,29.7718879267924,785819.304624383,1496.84422099293
2026-07-04 17:45:17,181.665650189627,30.0070803974236,781351.507394463,1483.75421010789
2026-07-04 17:45:18,181.247383845256,30.2431652540022,776923.291654041,1470.43695840676
2026-07-04 17:45:19,180.822268900478,30.4800922742476,772535.343339281,1456.88933795773
2026-07-04 17:45:20,180.390184201484,30.717808104972,768188.357716383,1443.10825130792
2026-07-04 17:45:21,179.951007818168,30.9562561525995,763883.039292413,1429.09063861887
2026-07-04 17:45:22,179.504618618612,31.1953764813009,759620.101568267,1414.83351586543
2026-07-04 17:45:23,179.050890405234,31.4351056842408,755400.26725819,1400.33384698329
2026-07-04 17:45:24,178.589701140459,31.6753767962105,751224.267754711,1385.58875260086
2026-07-04 17:45:25,178.120927050706,31.9161191775791,747092.84311048,1370.59538168119
2026-07-04 17:45:26,177.644444371848,32.1572584098915,743006.741815869,1355.3509533316
2026-07-04 17:45:27,177.160129493139,32.398716190977,738966.720598932,1339.85276288419
2026-07-04 17:45:28,176.667859226911,32.6404102357163,734973.544151229,1324.09819069893
2026-07-04 17:45:29,176.167512613943,32.8822542281989,731027.98404785,1308.08474604787
2026-07-04 17:45:30,175.658964805687,33.1241575273734,727130.821735325,1291.80992969559
2026-07-04 17:45:31,175.142096912233,33.3660253698697,723282.843422562,1275.2714610497
2026-07-04 17:45:32,174.616789901447,33.6077585968863,719484.842854937,1258.46714104349
2026-07-04 17:45:33,174.082926554479,33.8492536244663,715737.620158657,1241.39489859052
2026-07-04 17:45:34,173.540391738216,34.0904023705138,712041.981486448,1224.05279840373
2026-07-04 17:45:35,172.98907281848,34.3310921946525,708398.738560321,1206.43905179555
2026-07-04 17:45:36,172.428861685006,34.5712059533593,704808.706600609,1188.55206482764
2026-07-04 17:45:37,171.859648447943,34.8106215252812,701272.710314424,1170.39029168971
2026-07-04 17:45:38,171.28133194955,35.0492124165935,697791.57379829,1151.9524799969
2026-07-04 17:45:39,170.693813457385,35.2868473214161,694366.126328905,1133.23752356844
2026-07-04 17:45:40,170.096998872981,35.5233902231152,690997.200165752,1114.24451317789
2026-07-04 17:45:41,169.490799178576,35.7587003990764,687685.629999743,1094.97274581681
2026-07-04 17:45:42,168.875130954421,35.9926324437522,684432.252332782,1075.42173513357
2026-07-04 17:45:43,168.249916968678,36.2250363151732,681237.904736469,1055.59122305954
2026-07-04 17:45:44,167.615088406103,36.4557575796539,678103.422639015,1035.48122998807
2026-07-04 17:45:45,166.970578502154,36.6846367360259,675029.648882627,1015.09189953759
2026-07-04 17:45:46,166.316333642799,36.91151043916,672017.417597888,994.42375883542
2026-07-04 17:45:47,165.652306932927,37.1362108779511,669067.563606514,973.47756074816
2026-07-04 17:45:48,164.978460632535,37.3585661069236,666180.919030413,952.25433662013
2026-07-04 17:45:49,164.294766744195,37.5784002102812,663358.312503046,930.755404360545
2026-07-04 17:45:50,163.601207734774,37.7955335028006,660600.568199817,908.982379247623
2026-07-04 17:45:51,162.897778913711,38.0097830172161,657908.501569516,886.9372243334
2026-07-04 17:45:52,162.184481946517,38.2209616555616,655282.932226006,864.622085336319
2026-07-04 17:45:53,161.461336338811,38.4288801017971,652724.662263866,842.03956055663
2026-07-04 17:45:54,160.728372815177,38.633346032387,650234.489130534,819.192531740222
2026-07-04 17:45:55,159.985635877653,38.834164731723,647813.20101623,796.084216775783
2026-07-04 17:45:56,159.233184344725,39.0311394338388,645461.576057908,772.718173134019
2026-07-04 17:45:57,158.471092059102,39.2240717274384,643180.381103826,749.098305104317
2026-07-04 17:45:58,157.699448389637,39.4127619535182,640970.370896635,725.228865801761
2026-07-04 17:45:59,156.918360708382,39.5970100600172,638832.282233682,701.114507867439
2026-07-04 17:46:00,156.127947573681,39.7766145086277,636766.851178614,676.760104284214
2026-07-04 17:46:01,155.328350145993,39.9513750789293,634774.78499733,652.171020009019
2026-07-04 17:46:02,154.51972539867,40.1210918825492,632856.778781858,627.35293395347
2026-07-04 17:46:03,153.702248232927,40.2855662646166,631013.510191068,602.311881182723
2026-07-04 17:46:04,152.876111875561,40.4446013899858,629245.638161696,577.054253151688
2026-07-04 17:46:05,152.041528080352,40.5980028187796,627553.801965169,551.586793614306
2026-07-04 17:46:06,151.198729096053,40.7455796061078,625938.614670554,525.916639874402
2026-07-04 17:46:07,150.347960576824,40.8871429385427,624400.683965349,500.051136215718
2026-07-04 17:46:08,149.489492413811,41.0225097182133,622940.578407707,473.998100414549
2026-07-04 17:46:09,148.623611390521,41.1515012298243,621558.848213085,447.765633085956
2026-07-04 17:46:10,147.750622844878,41.2739442732721,620256.018764926,421.362155158021
2026-07-04 17:46:11,146.870850341245,41.3896717842064,619032.589822123,394.796396523991
2026-07-04 17:46:12,145.984635340975,41.4985234842549,617889.034383149,368.077386051283
2026-07-04 17:46:13,145.092338363769,41.6003470850505,616825.791629181,341.214481859514
2026-07-04 17:46:14,144.194331482721,41.6949964826891,615843.291639767,314.217178549304
2026-07-04 17:46:15,143.291008069427,41.7823359665754,614941.916172771,287.095362721981
2026-07-04 17:46:16,142.382774961266,41.8622383718029,614122.023535809,259.859115379611
2026-07-04 17:46:17,141.470053330179,41.934586225512,613383.941400955,232.518740882779
2026-07-04 17:46:18,140.55327761957,41.9992722342992,612727.966334723,205.084747566499
2026-07-04 17:46:19,139.632894492617,42.0561997757884,612154.362959753,177.567830250827
2026-07-04 17:46:20,138.709361542335,42.1052832911449,611663.363783997,149.978847932263
2026-07-04 17:46:21,137.783147698938,42.1464494328797,611255.160836675,122.328848733595
2026-07-04 17:46:22,136.854725372085,42.1796344661411,610929.935540078,94.6288730941292
2026-07-04 17:46:23,135.92457873938,42.2047889042297,610687.813439196,66.890193396654
2026-07-04 17:46:24,134.993195805183,42.2218748632143,610528.893637801,39.1241175442897
2026-07-04 17:46:25,134.061068469527,42.230866936452,610453.241360042,11.3420087160648
2026-07-04 17:46:26,133.128691028214,42.2317523352687,610460.887575588,-16.4447363994548
2026-07-04 17:46:27,132.196558568853,42.2245309307008,610551.82911079,-44.2247118762355
2026-07-04 17:46:28,131.265166832229,42.2092160674322,610726.020278826,-71.9864851662737
2026-07-04 17:46:29,130.335004879942,42.1858312567807,610983.406357282,-99.7187835390101
2026-07-04 17:46:30,129.406562253505,42.1544149270737,611323.873679491,-127.410271118778
2026-07-04 17:46:31,128.480321625477,42.1150170151024,611747.283091562,-155.049736071163
2026-07-04 17:46:32,127.55675877599,42.0676995361356,612253.462004276,-182.626072119986
2026-07-04 17:46:33,126.63634117742,42.0125363023192,612842.20471569,-210.128300229777
2026-07-04 17:46:34,125.719526636995,41.9496125922268,613513.27277788,-237.545589859236
2026-07-04 17:46:35,124.806761978708,41.8790247439774,614266.395725147,-264.867280536311
2026-07-04 17:46:36,123.898483135379,41.8008806747148,615101.261685479,-292.082862225989
2026-07-04 17:46:37,122.995109032134,41.7152957855073,616017.555989779,-319.182146283991
2026-07-04 17:46:38,122.097048019686,41.6223978262284,617014.905614977,-346.155057503631
2026-07-04 17:46:39,121.204691998404,41.5223228165672,618092.916946189,-372.991801004884
2026-07-04 17:46:40,120.318416820037,41.4152153513792,619251.167447559,-399.682841432378
2026-07-04 17:46:41,119.438581596702,41.301228024943,620489.206343086,-426.218917177881
2026-07-04 17:46:42,118.565528061351,41.1805207991532,621806.555741693,-452.591055194542
2026-07-04 17:46:43,117.699581148431,41.0532613703653,623202.70080036,-478.790547998267
2026-07-04 17:46:44,116.84104445032,40.9196207583569,624677.131692304,-504.809101423769
2026-07-04 17:46:45,115.990206128096,40.7797782753688,626229.283826736,-530.638641533702
2026-07-04 17:46:46,115.147334594509,40.6339171884586,627858.578894397,-556.271458370872
2026-07-04 17:46:47,114.312679449927,40.4822249978446,629564.416031113,-581.700180115885
2026-07-04 17:46:48,113.486471492205,40.3248928191069,631346.172757236,-606.917779159576
2026-07-04 17:46:49,112.66892279531,40.1621147550427,633203.206164317,-631.917577593752
2026-07-04 17:46:50,111.860226904597,39.9940873200375,635134.853675573,-656.693250252945
2026-07-04 17:46:51,111.060559846359,39.8210097797727,637140.423428384,-681.238799271898
2026-07-04 17:46:52,110.270077290121,39.6430797940192,639219.238996921,-705.548671498794
2026-07-04 17:46:53,109.488919714168,39.4604985725763,641370.574960611,-729.617583775835
2026-07-04 17:46:54,108.717209628314,39.2734665620484,643593.701445033,-753.440639380424
2026-07-04 17:46:55,107.955052853904,39.082183874309,645887.874607585,-777.013297524167
2026-07-04 17:46:56,107.202539068513,38.8868498409054,648252.337402847,-800.331370037783
2026-07-04 17:46:57,106.459742362832,38.6876625569928,650686.320780597,-823.391018102966
2026-07-04 17:46:58,105.726722425549,38.4848193989106,653189.033233306,-846.188723243738
2026-07-04 17:46:59,105.003522782446,38.2785129142457,655759.707552789,-868.721380697878
2026-07-04 17:47:00,104.290175035591,38.0689360394802,658397.533511016,-890.986144942437
2026-07-04 17:47:01,103.586697098347,37.8562780664804,661101.704116826,-912.980522175789
2026-07-04 17:47:02,102.893094457071,37.640725254408,663871.405450389,-934.702338457636
2026-07-04 17:47:03,102.209360841537,37.4224605625116,666705.817532817,-956.149731623982
2026-07-04 17:47:04,101.535478884311,37.2016634026811,669604.115268487,-977.321143079791
2026-07-04 17:47:05,100.871421207533,36.9785103214471,672565.457387794,-998.215288367725
2026-07-04 17:47:06,100.217149360979,36.7531712058924,675589.034956766,-1018.83123062015
2026-07-04 17:47:07,99.5726170641601,36.5258145128232,678674.001017312,-1039.16824656299
2026-07-04 17:47:08,98.937769086391,36.2966035372775,681819.518594847,-1059.22589998345
2026-07-04 17:47:09,98.312542301186,36.0656971781113,685024.749852189,-1079.00401098952
2026-07-04 17:47:10,97.6968662843472,35.8332498450892,688288.856757943,-1098.50264577158
2026-07-04 17:47:11,97.0906638921412,35.5994113697028,691611.001958262,-1117.72210644823
2026-07-04 17:47:12,96.4938518257303,35.3643269687009,694990.349149611,-1136.66292032062
2026-07-04 17:47:13,95.9063414291455,35.1281380351192,698426.051614239,-1155.32581345573
2026-07-04 17:47:14,95.3280381251885,34.8909786982509,701917.302440769,-1173.71176634086
2026-07-04 17:47:15,94.7588435617335,34.6529809651182,705463.26059412,-1191.82190342568
2026-07-04 17:47:16,94.1986549624426,34.4142712852557,709063.10114056,-1209.65755012555
2026-07-04 17:47:17,93.6473658599661,34.1749714325119,712716.003382143,-1227.22020570866
2026-07-04 17:47:18,93.1048665209747,33.9351985367915,716421.151366195,-1244.51153328192
2026-07-04 17:47:19,92.5710443504516,33.6950651278715,720177.734350213,-1261.53334987518
2026-07-04 17:47:20,92.0457844225827,33.4546799875495,723984.934574833,-1278.28760371794
2026-07-04 17:47:21,91.5289692156636,33.2141450091524,727841.978324636,-1294.7764175344
2026-07-04 17:47:22,91.0204799056172,32.9735600710498,731748.06060561,-1311.00199961626
2026-07-04 17:47:23,90.5201960316249,32.7330199278483,735702.395566711,-1326.96668802972
2026-07-04 17:47:24,90.0279959535999,32.4926150629159,739704.204807244,-1342.67292888152
2026-07-04 17:47:25,89.5437571310617,32.2524318031957,743752.717270097,-1358.12326743967
2026-07-04 17:47:26,89.0673563779642,32.0125524021365,747847.169702152,-1373.32034007671
2026-07-04 17:47:27,88.5986701010676,31.7730551434179,751986.806811984,-1388.2668662516
2026-07-04 17:47:28,88.1375745716977,31.5340151652501,756170.868815736,-1402.96563110703
2026-07-04 17:47:29,87.6839459134333,31.2955016208865,760398.643110264,-1417.41951795389
2026-07-04 17:47:30,87.237660631587,31.0575822371399,764669.386853285,-1431.63144054717
2026-07-04 17:47:31,86.7985955451259,30.8203204245336,768982.379208365,-1445.6043773926
2026-07-04 17:47:32,86.3666280100229,30.5837761533319,773336.908187654,-1459.34135464805
2026-07-04 17:47:33,85.9416360614418,30.3480060509165,777732.270984541,-1472.84544012246
2026-07-04 17:47:34,85.5234985470031,30.1130635172644,782167.773963774,-1486.11973725261
2026-07-04 17:47:35,85.1120952272818,29.8789995033592,786642.719918943,-1499.16737211099
2026-07-04 17:47:36,84.7073069471583,29.6458598887891,791156.460309624,-1511.99151848145
2026-07-04 17:47:37,84.3090156520808,29.4136897220946,795708.316623299,-1524.59534639021
2026-07-04 17:47:38,83.9171045201796,29.1825305442552,800297.633244831,-1536.98204880028
2026-07-04 17:47:39,83.5314580310013,28.9524212041783,804923.764036326,-1549.15482898198
2026-07-04 17:47:40,83.1519620342022,28.7233979614334,809586.072358938,-1561.11689625583
2026-07-04 17:47:41,82.7785038104493,28.4954945704339,814283.931429267,-1572.87146217093
2026-07-04 17:47:42,82.410972052854,28.2687430376071,819016.71057218,-1584.4217308255
2026-07-04 17:47:43,82.0492571925818,28.0431711468214,823783.828835452,-1595.77091843231
2026-07-04 17:47:44,81.6932510286383,27.8188064085609,828584.674847633,-1606.92221514379
2026-07-04 17:47:45,81.3428470253089,27.5956735843859,833418.660008574,-1617.87880541369
2026-07-04 17:47:46,80.9979402790846,27.3737954055476,838285.205487746,-1628.64385928281
2026-07-04 17:47:47,80.6584275358891,27.1531926857821,843183.741641461,-1639.22052953959
2026-07-04 17:47:48,80.3242072122933,26.9338843814953,848113.708512145,-1649.61194944296
2026-07-04 17:47:49,79.9951794053646,26.7158876951589,853074.555320232,-1659.82123027155
2026-07-04 17:47:50,79.6712457866403,26.499218723521,858065.72728025,-1669.85145545954
2026-07-04 17:47:51,79.3523100723333,26.2838902086512,863086.719094274,-1679.70569419125
2026-07-04 17:47:52,79.0382773299016,26.0699151354505,868136.994044769,-1689.38697588704
2026-07-04 17:47:53,78.729054439905,25.8573044244387,873216.038382187,-1698.89830478656
2026-07-04 17:47:54,78.424549970727,25.6460676310893,878323.346869202,-1708.24265415942
2026-07-04 17:47:55,78.1246741791038,25.4362129828386,883458.423423127,-1717.42296515022
2026-07-04 17:47:56,77.8293389951106,25.2277474642432,888620.780553668,-1726.44214549303
2026-07-04 17:47:57,77.5384578667943,25.0206774050059,893809.926074702,-1735.30306592379
2026-07-04 17:47:58,77.251946334804,24.8150063914155,899025.416828913,-1744.00856958373
2026-07-04 17:47:59,76.9697211350562,24.6107385779979,904266.77736091,-1752.56145531524
2026-07-04 17:48:00,76.6917007731253,24.4078765471795,909533.554503281,-1760.96448776311
2026-07-04 17:48:01,76.4178053541201,24.2064219372492,914825.303008251,-1769.22039385932
2026-07-04 17:48:02,76.1479565668188,24.006375478863,920141.585829915,-1777.33186237934
2026-07-04 17:48:03,75.8820776635501,23.8077370467407,925481.973967317,-1785.30154346978
2026-07-04 17:48:04,75.6200934369148,23.6105057162352,930846.046114584,-1793.13204823517
2026-07-04 17:48:05,75.3619300316007,23.4146802786496,936233.375593392,-1800.82594713098
2026-07-04 17:48:06,75.1075156032194,23.220257346142,941643.58354545,-1808.38577531797
2026-07-04 17:48:07,74.856779269672,23.0272343341418,947076.258215705,-1815.8140238707
2026-07-04 17:48:08,74.6096517744136,22.8356075201573,952531.008998269,-1823.11314561789
2026-07-04 17:48:09,74.3660652838723,22.6453725990922,958007.45221354,-1830.28555355262
2026-07-04 17:48:10,74.1259533732872,22.4565246953433,963505.211688844,-1837.33362089571
2026-07-04 17:48:11,73.8892509931173,22.269058421329,969023.917969541,-1844.25968112552
2026-07-04 17:48:12,73.6558942656114,22.0829683392137,974563.19541358,-1851.06602756579
2026-07-04 17:48:13,73.4258212045224,21.898247199505,980122.715421164,-1857.75491589995
2026-07-04 17:48:14,73.1989705669652,21.7148886925313,985702.115614605,-1864.32856066285
2026-07-04 17:48:15,72.9752825823378,21.5328856444024,991301.05394841,-1870.78913806308
2026-07-04 17:48:16,72.754698731344,21.3522305227922,996919.194475409,-1877.13878557681
2026-07-04 17:48:17,72.5371617318567,21.1729154419256,1002556.20788682,-1883.37960224704
2026-07-04 17:48:18,72.3226155067047,20.9949322028327,1008211.7709341,-1889.51364902902
2026-07-04 17:48:19,72.1110051650845,20.8182723071248,1013885.56663354,-1895.54294912983
2026-07-04 17:48:20,71.9022767730342,20.6429274029869,1019577.27040247,-1901.46948855015
2026-07-04 17:48:21,71.6963781349076,20.4688876392582,1025286.60401908,-1907.29521594696
2026-07-04 17:48:22,71.493257570399,20.2961441815906,1031013.25480642,-1913.02204372393
2026-07-04 17:48:23,71.292864682831,20.1246875769855,1036756.92889732,-1918.65184811289
2026-07-04 17:48:24,71.0951501467343,19.9545081719228,1042517.33828865,-1924.18646967135
2026-07-04 17:48:25,70.900065678443,19.7855961419821,1048294.20033969,-1929.62771376853
2026-07-04 17:48:26,70.7075640136783,19.6179415099845,1054087.23761272,-1934.97735104785
2026-07-04 17:48:27,70.5175986841666,19.4515345332735,1059896.16477708,-1940.23711854658
2026-07-04 17:48:28,70.3301248200722,19.2863641886696,1065720.74187079,-1945.40871768607
2026-07-04 17:48:29,70.1450978848749,19.122420505515,1071560.69354103,-1950.49381844356
2026-07-04 17:48:30,69.9624744868236,18.9596930212086,1077415.76299953,-1955.49405746359
2026-07-04 17:48:31,69.7822121466961,18.7981711913339,1083285.69816636,-1960.41103916127
2026-07-04 17:48:32,69.6042692827402,18.6378443922527,1089170.25191375,-1965.24633621662
2026-07-04 17:48:33,69.4286051833739,18.4787019460614,1095069.18147731,-1970.00149011566
2026-07-04 17:48:34,69.2551797850127,18.3207334721388,1100982.23557544,-1974.67801266267
2026-07-04 17:48:35,69.0839544946925,18.1639274735548,1106909.20755966,-1979.27738244516
2026-07-04 17:48:36,68.9148908989051,18.0082735052514,1112849.85480913,-1983.80105140657
2026-07-04 17:48:37,68.7479515981099,17.8537607338332,1118803.95256586,-1988.25044133295
2026-07-04 17:48:38,68.5830999704875,17.7003783143994,1124771.28017218,-1992.62694541746
2026-07-04 17:48:39,68.4203001609436,17.5481153911158,1130751.6212716,-1996.93192870834
2026-07-04 17:48:40,68.2595170551059,17.396961116225,1136744.76327735,-2001.16672868946
2026-07-04 17:48:41,68.1007162747375,17.2469046400665,1142750.49795979,-2005.33265569407
2026-07-04 17:48:42,67.9438639315535,17.0979354698451,1148768.60714431,-2009.43099488667
2026-07-04 17:48:43,67.788927483496,16.9500421278338,1154798.91700991,-2013.46300122852
2026-07-04 17:48:44,67.6358744243774,16.8032141635079,1160841.21725827,-2017.42990812161
2026-07-04 17:48:45,67.484673123139,16.657440831495,1166895.31433997,-2021.33292254818
2026-07-04 17:48:46,67.3352926036171,16.5127114152867,1172961.01863067,-2025.17322683538
2026-07-04 17:48:47,67.187702520311,16.3690152466779,1179038.14375326,-2028.95197919416
2026-07-04 17:48:48,67.0418731497694,16.2263417010826,1185126.50688443,-2032.67031415545
2026-07-04 17:48:49,66.8977751599399,16.0846805153127,1191225.91517483,-2036.32934462706
2026-07-04 17:48:50,66.7553804567381,15.9440205452079,1197336.21926634,-2039.93015604353
2026-07-04 17:48:51,66.614660880997,15.8043516404258,1203457.23294673,-2043.47381624514
2026-07-04 17:48:52,66.4755890498084,15.6656634043391,1209588.78630432,-2046.96136971515
2026-07-04 17:48:53,66.3381381361859,15.5279455007506,1215730.71270241,-2050.3938395146
2026-07-04 17:48:54,66.202281852644,15.391187661658,1221882.84850266,-2053.77222775087
2026-07-04 17:48:55,66.0679944388878,15.2553796898415,1228045.03300298,-2057.09751600718
2026-07-04 17:48:56,65.9352506525733,15.1205114569642,1234217.10857311,-2060.37066574591
2026-07-04 17:48:57,65.804025536303,14.986573205739,1240398.90674891,-2063.59262055158
2026-07-04 17:48:58,65.6742952744638,14.8535543766572,1246590.30233454,-2066.76429936061
2026-07-04 17:48:59,65.5460358862265,14.7214453659335,1252791.13258601,-2069.88660755254
2026-07-04 17:49:00,65.4192240749217,14.5902363594348,1259001.25074259,-2072.96043026729
2026-07-04 17:49:01,65.2938370065563,14.4599176206873,1265220.51286088,-2075.98663452301
2026-07-04 17:49:02,65.1698522925219,14.3304795019352,1271448.77730251,-2078.96606965202
2026-07-04 17:49:03,65.0472479880037,14.2019124333016,1277685.90525662,-2081.8995676059
2026-07-04 17:49:04,64.926002359678,14.074207209868,1283931.74670729,-2084.78794530564
2026-07-04 17:49:05,64.8060947374153,13.9473538864039,1290186.19439818,-2087.63199731403
2026-07-04 17:49:06,64.6875042203291,13.8213434300683,1296449.10328305,-2090.43250763076
2026-07-04 17:49:07,64.5702105203487,13.6961666226574,1302720.34390041,-2093.19024246019
2026-07-04 17:49:08,64.4541937444419,13.5718143309516,1308999.78924207,-2095.90595239979
2026-07-04 17:49:09,64.3394343784787,13.4482775157339,1315287.31428169,-2098.5803728456
2026-07-04 17:49:10,64.2259132880041,13.325547221842,1321582.7964523,-2101.21422422453
2026-07-04 17:49:11,64.1136114894196,13.2036148471817,1327886.10171965,-2103.80821441115
2026-07-04 17:49:12,64.0025109928454,13.082471100348,1334197.13834596,-2106.36303098385
2026-07-04 17:49:13,63.8925935255961,12.9621075582831,1340515.77662008,-2108.87935351588
2026-07-04 17:49:14,63.7838413673095,12.8425156300573,1346841.9020941,-2111.35784592764
2026-07-04 17:49:15,63.6762371330802,12.7236868144771,1353175.40232728,-2113.7991587522
2026-07-04 17:49:16,63.5697637654866,12.605612700764,1359516.16680954,-2116.20392942934
2026-07-04 17:49:17,63.464404526642,12.4882849689411,1365864.08689653,-2118.57278259758
2026-07-04 17:49:18,63.3601429944395,12.3716953867771,1372219.05592886,-2120.906330333
2026-07-04 17:49:19,63.2569628429086,12.255836057688,1378580.95557397,-2123.20517454633
2026-07-04 17:49:20,63.1548486672442,12.1406984460658,1384949.709201,-2125.46989896515
2026-07-04 17:49:21,63.0537847378842,12.0262748317582,1391325.20224571,-2127.70108171393
2026-07-04 17:49:22,62.9537558155961,11.91255734382,1397707.33492689,-2129.89928741535
2026-07-04 17:49:23,62.8547469428847,11.7995381987158,1404096.00920731,-2132.06506944231
2026-07-04 17:49:24,62.7567434360531,11.6872097016847,1410491.12866097,-2134.19897018152
2026-07-04 17:49:25,62.659730882245,11.5755642432438,1416892.5986131,-2136.30152123892
2026-07-04 17:49:26,62.5636949251396,11.4645945342586,1423300.31251082,-2138.37324582653
2026-07-04 17:49:27,62.4686220754649,11.3542926815045,1429714.20514375,-2140.41465057078
2026-07-04 17:49:28,62.374498488891,11.2446515660179,1436134.17327251,-2142.42623826997
2026-07-04 17:49:29,62.2813107671453,11.1356639271432,1442560.12817452,-2144.40849981287
2026-07-04 17:49:30,62.1890457541387,11.0273225881256,1448991.98264676,-2146.36191643051
2026-07-04 17:49:31,62.0976905289459,10.919620457085,1455429.65088365,-2148.28695992642
2026-07-04 17:49:32,62.0072324035705,10.8125505233079,1461873.048632,-2150.18409285083
2026-07-04 17:49:33,61.9176589127992,10.7061058630635,1468322.09277589,-2152.05376875209
2026-07-04 17:49:34,61.8289576153742,10.6002798496177,1474776.68845285,-2153.89643444804
2026-07-04 17:49:35,61.7411168841111,10.4950652848632,1481236.78185761,-2155.71252173682
2026-07-04 17:49:36,61.6541247050821,10.3904557069622,1487702.2806913,-2157.50246032903
2026-07-04 17:49:37,61.5679694716359,10.2864445153593,1494173.10718659,-2159.26666953049
2026-07-04 17:49:38,61.4826397802385,10.1830251889235,1500649.18482384,-2161.00556054555
2026-07-04 17:49:39,61.3981244262434,10.0801912852049,1507130.43830699,-2162.71953665073
2026-07-04 17:49:40,61.3144123998552,9.97793643980423,1513616.79353191,-2164.40899336266
2026-07-04 17:49:41,61.2314926883047,9.87625457133558,1520108.16443326,-2166.07432072358
2026-07-04 17:49:42,61.149355046287,9.77513905700988,1526604.50544588,-2167.71589500415
2026-07-04 17:49:43,61.0679888327841,9.67458396601673,1533105.73296724,-2169.33409151694
2026-07-04 17:49:44,60.9873837750926,9.57458324098099,1539611.77727269,-2170.92927639623
2026-07-04 17:49:45,60.9075297802512,9.47513089400823,1546122.57002129,-2172.50180876573
2026-07-04 17:49:46,60.8284169251171,9.37622101275245,1552638.04379304,-2174.05204095576
2026-07-04 17:49:47,60.7500354554693,9.27784775672609,1559158.13225613,-2175.58031861992
2026-07-04 17:49:48,60.672375781215,9.18000535845289,1565682.77001877,-2177.08698089004
2026-07-04 17:49:49,60.5954282884724,9.08268831308468,1572211.87983756,-2178.57236258191
2026-07-04 17:49:50,60.5191840848236,8.98589060251112,1578745.4245056,-2180.03678596074
2026-07-04 17:49:51,60.4436338672285,8.88960686472822,1585283.32859122,-2181.48057348677
2026-07-04 17:49:52,60.3687686741217,8.79383161013107,1591825.5306886,-2182.90403951029
2026-07-04 17:49:53,60.2945796928365,8.69855941662074,1598371.97034218,-2184.30749251563
2026-07-04 17:49:54,60.2210582568605,8.60378492914317,1604922.58800705,-2185.69123524009
2026-07-04 17:49:55,60.1481958419298,8.50950285998083,1611477.3249568,-2187.0555648057
2026-07-04 17:49:56,60.0759838831728,8.41570817006416,1618036.11053774,-2188.4007748884
2026-07-04 17:49:57,60.0044145025203,8.32239532712517,1624598.91387627,-2189.72714752417
2026-07-04 17:49:58,59.9334794049802,8.22955942404593,1631165.66586734,-2191.03496574002
2026-07-04 17:49:59,59.8631706121586,8.13719542877864,1637736.31130396,-2192.32450530052
2026-07-04 17:50:00,59.7934802758573,8.04529837118687,1644310.79582603,-2193.59603690118
2026-07-04 17:50:01,59.7244006728726,7.9538633445696,1650889.06574163,-2194.84982630539
2026-07-04 17:50:02,59.6559242077442,7.86288550016737,1657471.06835074,-2196.08613438579
2026-07-04 17:50:03,59.5880432249201,7.77236023089602,1664056.73852343,-2197.30521936951
2026-07-04 17:50:04,59.5207507303,7.68228244796306,1670646.05115117,-2198.5073285715
2026-07-04 17:50:05,59.4540393065334,7.59264766180593,1677238.94270549,-2199.69271098967
2026-07-04 17:50:06,59.3879018283265,7.5034512635855,1683835.36318997,-2200.86160911778
2026-07-04 17:50:07,59.3223312893684,7.41468869572849,1690435.26375481,-2202.01426100678
2026-07-04 17:50:08,59.2573207902657,7.32635546091776,1697038.59596966,-2203.1509004698
2026-07-04 17:50:09,59.1928635412547,7.23844711633024,1703645.31218195,-2204.2717571144
2026-07-04 17:50:10,59.1289528584246,7.15095927522764,1710255.36533272,-2205.37705644674
2026-07-04 17:50:11,59.0655819915272,7.06388777269493,1716868.69630923,-2206.4670219558
2026-07-04 17:50:12,59.0027448130549,6.97722798636827,1723485.2853732,-2207.54186708128
2026-07-04 17:50:13,58.9404347707464,6.89097586347356,1730105.07434287,-2208.60180756292
2026-07-04 17:50:14,58.8786455913215,6.80512722601044,1736728.01906677,-2209.64705324287
2026-07-04 17:50:15,58.8173710946719,6.71967795122854,1743354.07572727,-2210.67781029878
2026-07-04 17:50:16,58.7566051968636,6.6346239662903,1749983.20118553,-2211.69428126195
2026-07-04 17:50:17,58.6963419063047,6.54996124920963,1756615.352847,-2212.69666511579
2026-07-04 17:50:18,58.6365751569741,6.46568598907489,1763250.47599283,-2213.68515932938
2026-07-04 17:50:19,58.5772994786238,6.38179393212187,1769888.55510233,-2214.65995193947
2026-07-04 17:50:20,58.5185089780978,6.29828136979658,1776529.5362502,-2215.62123370575
2026-07-04 17:50:21,58.4601980241639,6.2151444704946,1783173.37942901,-2216.56919002308
2026-07-04 17:50:22,58.4023610670501,6.13237945331018,1789820.04488229,-2217.50400311055
2026-07-04 17:50:23,58.3449926413539,6.04998258257537,1796469.49347786,-2218.42585202326
2026-07-04 17:50:24,58.2880873636727,5.96795016829271,1803121.68661571,-2219.33491272461
2026-07-04 17:50:25,58.2316399306776,5.88627856600105,1809776.58618034,-2220.2313581527
2026-07-04 17:50:26,58.1756449562016,5.80496433125965,1816434.14184436,-2221.11536022744
2026-07-04 17:50:27,58.1200976207819,5.72400359345442,1823094.34217745,-2221.98708206179
2026-07-04 17:50:28,58.0649926895887,5.6433929978323,1829757.13770828,-2222.84668983615
2026-07-04 17:50:29,58.0103251696824,5.56312907159886,1836422.49254446,-2223.69434492133
2026-07-04 17:50:30,57.9560901372289,5.4832083885801,1843090.3709032,-2224.53020599737
2026-07-04 17:50:31,57.9022827440536,5.40362756053273,1849760.73777501,-2225.35442901287
2026-07-04 17:50:32,57.8488982107501,5.32438324253888,1856433.55842202,-2226.1671673046
2026-07-04 17:50:33,57.7959316706316,5.2454722797412,1863108.78591813,-2226.96857353778
2026-07-04 17:50:34,57.743378800698,5.16689110361982,1869786.41206298,-2227.75879204726
2026-07-04 17:50:35,57.6912348674755,5.08863664110862,1876466.39066849,-2228.53797050199
2026-07-04 17:50:36,57.6394953658409,5.01070570290242,1883148.68903154,-2229.30625215533
2026-07-04 17:50:37,57.5881558512132,4.93309514229681,1889833.27451159,-2230.06377792193
2026-07-04 17:50:38,57.5372119461447,4.85580184695979,1896520.11518218,-2230.81068632952
2026-07-04 17:50:39,57.4866593336634,4.77882274400721,1903209.1793457,-2231.54711363168
2026-07-04 17:50:40,57.4364936055059,4.70215494241784,1909900.42306159,-2232.27319571088
2026-07-04 17:50:41,57.3867108772793,4.62579514761538,1916593.84108633,-2232.98906052303
2026-07-04 17:50:42,57.3373068573253,4.5497405438081,1923289.39005702,-2233.6948396041
2026-07-04 17:50:43,57.2882774718402,4.47398819918925,1929987.04013991,-2234.39066039636
2026-07-04 17:50:44,57.2396186997556,4.3985352213208,1936686.7614854,-2235.07664831046
2026-07-04 17:50:45,57.1913265796923,4.32337874880013,1943388.52491389,-2235.75292666711
2026-07-04 17:50:46,57.1433972045309,4.24851595556683,1950092.30148936,-2236.41961679073
2026-07-04 17:50:47,57.0958267198966,4.1739440504931,1956798.06250669,-2237.07683805493
2026-07-04 17:50:48,57.04861117966,4.09966041273807,1963505.76723266,-2237.72470971331
2026-07-04 17:50:49,57.0017471344297,4.02566203458966,1970215.41307077,-2238.36334357533
2026-07-04 17:50:50,56.9552307414464,3.95194636108,1976926.95993377,-2238.99285514189
2026-07-04 17:50:51,56.9090583564056,3.87851072938256,1983640.38061091,-2239.61335624469
2026-07-04 17:50:52,56.863226384309,3.80535250888623,1990355.64813943,-2240.22495692998
2026-07-04 17:50:53,56.8177312821366,3.73246909703632,1997072.7361418,-2240.82776544797
2026-07-04 17:50:54,56.7725695515759,3.65985792519777,2003791.61824551,-2241.42188836651
2026-07-04 17:50:55,56.7277376012968,3.58751658750154,2010512.25607638,-2242.00743233289
2026-07-04 17:50:56,56.6832323184868,3.51544230033299,2017234.6493316,-2242.58449687886
2026-07-04 17:50:57,56.6390502011556,3.4436327200289,2023958.76000107,-2243.15318539282
2026-07-04 17:50:58,56.5951879405447,3.37208539193379,2030684.56330737,-2243.71359779244
2026-07-04 17:50:59,56.5516422684669,3.30079789374987,2037412.03440753,-2244.26583247035
2026-07-04 17:51:00,56.5084099640852,3.22976782793877,2044141.14906453,-2244.80998622769
2026-07-04 17:51:01,56.4654878459895,3.15899282791496,2050871.8830247,-2245.34615439398
2026-07-04 17:51:02,56.4228727794655,3.08847055043055,2057604.21269828,-2245.87443075329
2026-07-04 17:51:03,56.3805615274121,3.01819881521299,2064338.10176124,-2246.3949094693
2026-07-04 17:51:04,56.3385513158556,2.94817507012196,2071073.55225925,-2246.9076778717
2026-07-04 17:51:05,56.2968389918733,2.87839718504462,2077810.5287237,-2247.4128272377
2026-07-04 17:51:06,56.2554215790605,2.80886292659839,2084549.00826951,-2247.91044571179
2026-07-04 17:51:07,56.214296143135,2.73957008410086,2091288.9685512,-2248.4006200388
2026-07-04 17:51:08,56.173459786214,2.67051647377741,2098030.38732052,-2248.8834356537
2026-07-04 17:51:09,56.1329096502207,2.60169993519741,2104773.24273556,-2249.35897665401
2026-07-04 17:51:10,56.0926427759414,2.53311846292827,2111517.50039527,-2249.82732763876
2026-07-04 17:51:11,56.052656650004,2.46476968933737,2118263.16405858,-2250.28856664942
2026-07-04 17:51:12,56.0129483881885,2.39665165481975,2125010.20009077,-2250.7427757435
2026-07-04 17:51:13,55.9735152749469,2.3287622977613,2131758.58738911,-2251.19003403714
2026-07-04 17:51:14,55.9343546310821,2.26109957837121,2138508.30523178,-2251.63041942859
2026-07-04 17:51:15,55.8954638128139,2.19366147878197,2145259.33323623,-2252.06400862425
2026-07-04 17:51:16,55.8568402075916,2.12644600632754,2152011.65099821,-2252.49087720717
2026-07-04 17:51:17,55.8184812390261,2.05945118786237,2158765.23862591,-2252.91109958598
2026-07-04 17:51:18,55.7803842293889,1.99267519974976,2165520.06357813,-2253.32475081127
2026-07-04 17:51:19,55.7425469295488,1.92611586404128,2172276.13149055,-2253.73189964147
2026-07-04 17:51:20,55.7049667269055,1.85977139905166,2179033.41043837,-2254.13261893415
2026-07-04 17:51:21,55.6676411708689,1.79363992051639,2185791.88117537,-2254.52697877609
2026-07-04 17:51:22,55.6305678433735,1.72771956337367,2192551.52484367,-2254.91504819021
2026-07-04 17:51:23,55.5937443541285,1.66200848564094,2199312.32254723,-2255.29689521006
2026-07-04 17:51:24,55.5571683451492,1.59650486335228,2206074.25583881,-2255.67258683161
2026-07-04 17:51:25,55.5208373592253,1.53120701535234,2212837.29378381,-2256.04219077039
2026-07-04 17:51:26,55.4847493501595,1.46611291616426,2219601.44328067,-2256.40576870225
2026-07-04 17:51:27,55.4489019186148,1.40122092360888,2226366.67388405,-2256.76338640929
2026-07-04 17:51:28,55.4132928196182,1.33652929448683,2233132.96775318,-2257.11510706234
2026-07-04 17:51:29,55.3779198375936,1.27203630314948,2239900.30740022,-2257.46099288739
2026-07-04 17:51:30,55.3427807816672,1.20774024502047,2246668.67529396,-2257.80110523801
2026-07-04 17:51:31,55.3078734902559,1.14363943200944,2253438.05431146,-2258.13550454457
2026-07-04 17:51:32,55.2731957034733,1.07973231381324,2260208.41487841,-2258.46425203832
2026-07-04 17:51:33,55.2387455573919,1.01601700365968,2266979.76508288,-2258.78740312012
2026-07-04 17:51:34,55.2045208452314,0.952491985854989,2273752.07589975,-2259.10501729232
2026-07-04 17:51:35,55.1705195058567,0.889155647103018,2280525.33063591,-2259.41715161036
2026-07-04 17:51:36,55.1367395059756,0.826006388546317,2287299.51309101,-2259.72386227177
2026-07-04 17:51:37,55.1031788344381,0.76304263090165,2294074.60698409,-2260.02520470222
2026-07-04 17:51:38,55.0698355052365,0.700262810967814,2300850.59630005,-2260.32123352353
2026-07-04 17:51:39,55.0367075571024,0.637665381370375,2307627.46529297,-2260.61200256731
2026-07-04 17:51:40,55.0037929313339,0.575248928184594,2314405.18570517,-2260.89756655015
2026-07-04 17:51:41,54.9710899500654,0.513011708054713,2321183.76690492,-2261.17797455873
2026-07-04 17:51:42,54.9385966021227,0.450952337703144,2327963.18119387,-2261.45327979293
2026-07-04 17:51:43,54.9063110162486,0.389069336624631,2334743.41326665,-2261.72353312626
2026-07-04 17:51:44,54.8742313438212,0.32736123923844,2341524.44806129,-2261.98878470961
2026-07-04 17:51:45,54.8423557576857,0.265826595928567,2348306.27062203,-2262.24908399534
2026-07-04 17:51:46,54.8106824534111,0.204463971201447,2355088.86627826,-2262.50447972704
2026-07-04 17:51:47,54.779209530377,0.143272059262284,2361872.20782656,-2262.75502159162
2026-07-04 17:51:48,54.7479354564854,0.0822492301610556,2368656.30571957,-2263.00075380032
2026-07-04 17:51:49,54.7168583734872,0.0213942066019099,2375441.13321711,-2263.24172469621
2026-07-04 19:18:20,261.418221307857,0.031994189723632,2363482.88940462,2084.2807940117
2026-07-04 19:18:21,261.493705281865,0.0885330853461015,2357236.21209226,2083.14180382984
2026-07-04 19:18:22,261.56957855918,0.145192186170166,2350992.96640295,2081.99140135322
2026-07-04 19:18:23,261.645844164313,0.201972195339911,2344753.18650005,2080.82947780135
2026-07-04 19:18:24,261.722505154834,0.258873815508351,2338516.90730271,2079.65592308817
2026-07-04 19:18:25,261.799564614442,0.315897755892988,2332284.16370697,2078.4706258486
2026-07-04 19:18:26,261.877025658282,0.373044726952373,2326054.99117466,2077.27347339457
2026-07-04 19:18:27,261.954891580189,0.430315306429091,2319829.44036055,2076.0643507891
2026-07-04 19:18:28,262.033165253943,0.487710486631527,2313607.51730693,2074.84314453291
2026-07-04 19:18:29,262.111850036131,0.54523085070242,2307389.27352445,2073.60973695767
2026-07-04 19:18:30,262.190949160643,0.602877124976756,2301174.74555018,2072.36400996641
2026-07-04 19:18:31,262.27046589646,0.660650034934871,2294963.9707162,2071.1058440412
2026-07-04 19:18:32,262.350403540968,0.718550312465678,2288756.98636229,2069.83511826317
2026-07-04 19:18:33,262.430765425534,0.776578690696325,2282553.8303964,2068.55171026437
2026-07-04 19:18:34,262.511555059962,0.834735766204609,2276354.55604622,2067.25549537727
2026-07-04 19:18:35,262.592775542589,0.893022560393825,2270159.17170644,2065.94635004486
2026-07-04 19:18:36,262.674430451738,0.951439674195447,2263967.73158025,2064.62414660634
2026-07-04 19:18:37,262.756523246131,1.00998785583296,2257780.27475702,2063.28875678669
2026-07-04 19:18:38,262.839057422521,1.06866785210389,2251596.84117551,2061.94005075604
2026-07-04 19:18:39,262.922036508445,1.12748041592184,2245417.47082089,2060.57789715165
2026-07-04 19:18:40,263.00546406688,1.18642630179246,2239242.20420522,2059.20216303583
2026-07-04 19:18:41,263.089343697025,1.2455062653695,2233071.08241148,2057.81271387376
2026-07-04 19:18:42,263.173679174061,1.30472092459908,2226904.16161555,2056.40941277108
2026-07-04 19:18:43,263.258473877222,1.3640713289586,2220741.45349718,2054.9921235083
2026-07-04 19:18:44,263.343731656052,1.42355809930777,2214583.01534886,2053.56070588408
2026-07-04 19:18:45,263.429456248408,1.48318200543957,2208428.88952639,2052.11501882148
2026-07-04 19:18:46,263.515651432534,1.54294381551844,2202279.11923764,2050.654919532
2026-07-04 19:18:47,263.602321020136,1.60284430387634,2196133.74773103,2049.18026352862
2026-07-04 19:18:48,263.689468863358,1.66288424394195,2189992.8190258,2047.69090457243
2026-07-04 19:18:49,263.777098990966,1.72306426652615,2183856.39241781,2046.18669399775
2026-07-04 19:18:50,263.865215045319,1.78338544544627,2177724.4824587,2044.66748341897
2026-07-04 19:18:51,263.953821134208,1.84384841432247,2171597.14954179,2043.13312056353
2026-07-04 19:18:52,264.04292125915,1.90445395880796,2165474.43911062,2041.58345204545
2026-07-04 19:18:53,264.132519464807,1.96520286238386,2159356.39749042,2040.01832261234
2026-07-04 19:18:54,264.222619831914,2.02609591404998,2153243.07110262,2038.43757515776
2026-07-04 19:18:55,264.313226484505,2.08713390135992,2147134.50716735,2036.84105066386
2026-07-04 19:18:56,264.404343584234,2.14831761634003,2141030.75310136,2035.22858820858
2026-07-04 19:18:57,264.49597547317,2.20964769949204,2134931.87209729,2033.6000243448
2026-07-04 19:18:58,264.588126120968,2.27112524643849,2128837.88248513,2031.95519539134
2026-07-04 19:18:59,264.68079995079,2.33275090340261,2122748.84820562,2030.29393394024
2026-07-04 19:19:00,264.774001293567,2.3945254648129,2116664.8189773,2028.61607113606
2026-07-04 19:19:01,264.867734519738,2.45644972958526,2110585.84469504,2026.92143609458
2026-07-04 19:19:02,264.96200404372,2.51852449625774,2104511.97590794,2025.20985586343
2026-07-04 19:19:03,265.056814324754,2.58075056316499,2098443.26379435,2023.48115538888
2026-07-04 19:19:04,265.152169997427,2.64312857666112,2092379.77496874,2021.73515704863
2026-07-04 19:19:05,265.248075340875,2.70565964633156,2086321.53137672,2019.97168246565
2026-07-04 19:19:06,265.344535078619,2.76834442104437,2080268.6006251,2018.19054968819
2026-07-04 19:19:07,265.441553848416,2.83118370090635,2074221.03608984,2016.39157503101
2026-07-04 19:19:08,265.539136332105,2.89417828787722,2068178.89154079,2014.57457259141
2026-07-04 19:19:09,265.637287256761,2.95732898542738,2062142.22116955,2012.73935421423
2026-07-04 19:19:10,265.736011398367,3.02063659371845,2056111.08004464,2010.8857294617
2026-07-04 19:19:11,265.835313707136,3.08410175684452,2050085.53865994,2009.01350525472
2026-07-04 19:19:12,265.93519879286,3.14772559308426,2044065.62279628,2007.12248721
2026-07-04 19:19:13,266.035671703372,3.21150874434542,2038051.40428155,2005.21247752653
2026-07-04 19:19:14,266.136737403526,3.27545201140984,2032042.94026919,2003.28327637385
2026-07-04 19:19:15,266.238400908633,3.33955619241201,2026040.28867558,2001.33468149509
2026-07-04 19:19:16,266.340667281558,3.40382208651585,2020043.50782225,1999.36648818878
2026-07-04 19:19:17,266.443541637573,3.46825048846887,2014052.65693695,1997.37848926782
2026-07-04 19:19:18,266.54702913977,3.53284219455485,2008067.79558344,1995.3704750427
2026-07-04 19:19:19,266.65113512756,3.59759783394562,2002088.99928742,1993.34223310244
2026-07-04 19:19:20,266.755864618778,3.66251852402821,1996116.29872287,1991.29354902751
2026-07-04 19:19:21,266.861223055716,3.72760489181524,1990149.77057168,1989.22420521856
2026-07-04 19:19:22,266.967215809383,3.79285772297421,1984189.47718614,1987.13398164886
2026-07-04 19:19:23,267.073848301952,3.85827780285699,1978235.48136698,1985.02265563168
2026-07-04 19:19:24,267.18112601122,3.9238659107031,1972287.84688058,1982.89000178713
2026-07-04 19:19:25,267.28905446639,3.98962282581435,1966346.63787896,1980.73579201491
2026-07-04 19:19:26,267.397639371087,4.05554915446701,1960411.93453133,1978.55979543438
2026-07-04 19:19:27,267.506886126802,4.12164600153617,1954483.7722565,1976.36177847847
2026-07-04 19:19:28,267.616800545884,4.18791396901324,1948562.23237745,1974.14150464279
2026-07-04 19:19:29,267.727388379875,4.25435381769253,1942647.38213967,1971.89873461978
2026-07-04 19:19:30,267.838655434836,4.3209663061086,1936739.28930538,1969.63322622226
2026-07-04 19:19:31,267.950607573889,4.38775218749375,1930838.0224092,1967.34473434918
2026-07-04 19:19:32,268.063250717927,4.45471220960111,1924943.6507543,1965.03301094865
2026-07-04 19:19:33,268.176590844009,4.52184711641918,1919056.2442416,1962.69780499456
2026-07-04 19:19:34,268.290634101431,4.5891574704081,1913175.88894055,1960.33886262506
2026-07-04 19:19:35,268.40538636075,4.65664434706662,1907302.62610104,1957.95592642796
2026-07-04 19:19:36,268.520853888015,4.724308300293,1901436.54303534,1955.54873638592
2026-07-04 19:19:37,268.637042897734,4.79215004639818,1895577.71293998,1953.1170292278
2026-07-04 19:19:38,268.753959664295,4.8601702956103,1889726.20970629,1950.66053853014
2026-07-04 19:19:39,268.871610523156,4.92836975010376,1883882.10806855,1948.17899469013
2026-07-04 19:19:40,268.990001869527,4.99674910584257,1878045.4834212,1945.67212489465
2026-07-04 19:19:41,269.109140268111,5.06530886944938,1872216.42742403,1943.13965345917
2026-07-04 19:19:42,269.229032026319,5.13405007380173,1866394.98684992,1940.58130032822
2026-07-04 19:19:43,269.349683833342,5.20297321068352,1860581.25481963,1937.99678318587
2026-07-04 19:19:44,269.471102335791,5.27207893759155,1854775.31027997,1935.3858160307
2026-07-04 19:19:45,269.593294242466,5.34136790435558,1848977.23283275,1932.74810947361
2026-07-04 19:19:46,269.716266328391,5.41084074678913,1843187.10324132,1930.08337071599
2026-07-04 19:19:47,269.840025430917,5.48049809361319,1837405.00281862,1927.39130349858
2026-07-04 19:19:48,269.964578454392,5.55034055845782,1831631.01406725,1924.67160808862
2026-07-04 19:19:49,270.089932465441,5.62036856057015,1825865.23545655,1921.92398185824
2026-07-04 19:19:50,270.216094302631,5.69058305850884,1820107.72070801,1919.14811676975
2026-07-04 19:19:51,270.343071166682,5.76098444552994,1814358.57021876,1916.34370302702
2026-07-04 19:19:52,270.470870225394,5.83157328694944,1808617.86991649,1913.51042660787
2026-07-04 19:19:53,270.599498715644,5.90235013086128,1802885.7069225,1910.64796984531
2026-07-04 19:19:54,270.72896394078,5.97331551243618,1797162.16916291,1907.75601138415
2026-07-04 19:19:55,270.859273273089,6.0444699511963,1791447.34555506,1904.83422614094
2026-07-04 19:19:56,270.990434242562,6.11581376195259,1785741.34114238,1901.88228615992
2026-07-04 19:19:57,271.122454179854,6.18734780683607,1780044.21663755,1898.89985711226
2026-07-04 19:19:58,271.255340753393,6.2590723700827,1774356.07887868,1895.88660338952
2026-07-04 19:19:59,271.389101614107,6.33098790092572,1768677.02097418,1892.84218470423
2026-07-04 19:20:00,271.523744480618,6.4030948338174,1763007.13675499,1889.76625687991
2026-07-04 19:20:01,271.659277143971,6.47539358160427,1757346.52127477,1886.65847182514
2026-07-04 19:20:02,271.795707464802,6.54788453961996,1751695.27044184,1883.51847749393
2026-07-04 19:20:03,271.933043457175,6.62056788530128,1746053.4965846,1880.34591903051
2026-07-04 19:20:04,272.071292963665,6.69344435704198,1740421.26767782,1877.14043414496
2026-07-04 19:20:05,272.210464141629,6.76651409361911,1734798.69788195,1873.90165986866
2026-07-04 19:20:06,272.350565141577,6.83977739883465,1729185.88774306,1870.62922807718
2026-07-04 19:20:07,272.491604184578,6.91323455674491,1723582.93860165,1867.32276653163
2026-07-04 19:20:08,272.63358956608,6.98688582420059,1717989.95311732,1863.98189887731
2026-07-04 19:20:09,272.776529653753,7.06073143526325,1712407.03487756,1860.60624458778
2026-07-04 19:20:10,272.920432890572,7.13477159329778,1706834.28894642,1857.19541898285
2026-07-04 19:20:11,273.065307860538,7.20900627918865,1701271.83621973,1853.74903465058
2026-07-04 19:20:12,273.211163013324,7.28343604347337,1695719.75376056,1850.26669548001
2026-07-04 19:20:13,273.358007084041,7.35806080608607,1690178.16516776,1846.74800555629
2026-07-04 19:20:14,273.505848810783,7.43288066034911,1684647.17987849,1843.19256317828
2026-07-04 19:20:15,273.654697006636,7.50789566612603,1679126.90872195,1839.59996236451
2026-07-04 19:20:16,273.804560559165,7.58310585176922,1673617.46371148,1835.96979280236
2026-07-04 19:20:17,273.955448431017,7.65851121269539,1668118.95808752,1832.30163982387
2026-07-04 19:20:18,274.107369718863,7.73411150243282,1662631.52146881,1828.59508626228
2026-07-04 19:20:19,274.260333414811,7.80990706203221,1657155.23932501,1824.8497050115
2026-07-04 19:20:20,274.414348767716,7.88589757404088,1651690.24384662,1821.06507005318
2026-07-04 19:20:21,274.569425040361,7.96208288891648,1646236.65349075,1817.2407491582
2026-07-04 19:20:22,274.725571569478,8.03846282323305,1640794.58767922,1813.37630561254
2026-07-04 19:20:23,274.882797768185,8.11503714993225,1635364.16742935,1809.47129828105
2026-07-04 19:20:24,275.041113124151,8.19180560211647,1629945.51500673,1805.52528155534
2026-07-04 19:20:25,275.20052719961,8.26876786924785,1624538.75412135,1801.53780537803
2026-07-04 19:20:26,275.361049676632,8.34592338807635,1619144.02451327,1797.50841745403
2026-07-04 19:20:27,275.52269017443,8.42327218598271,1613761.42266183,1793.43665419686
2026-07-04 19:20:28,275.685458526279,8.50081360491897,1608391.0914102,1789.32205432419
2026-07-04 19:20:29,275.849364591495,8.5785471570922,1603033.15966388,1785.1641497491
2026-07-04 19:20:30,276.014418303687,8.65647230162361,1597687.75803807,1780.96246793566
2026-07-04 19:20:31,276.1806296698,8.7345884487339,1592355.01848142,1776.71653182804
2026-07-04 19:20:32,276.348008769696,8.8128949556669,1587035.07447148,1772.4258598931
2026-07-04 19:20:33,276.516565787975,8.89139091077322,1581728.07556796,1768.08996878721
2026-07-04 19:20:34,276.686310882652,8.97007600267927,1576434.12831801,1763.7083625706
2026-07-04 19:20:35,276.857254384449,9.04894920500156,1571153.38556862,1759.28054893402
2026-07-04 19:20:36,277.029406660075,9.12800965790803,1565885.98638302,1754.80602835815
2026-07-04 19:20:37,277.202778147128,9.20725643797878,1560632.07162037,1750.28429692856
2026-07-04 19:20:38,277.377379352812,9.28668856217532,1555391.78357214,1745.7148462788
2026-07-04 19:20:39,277.553220853296,9.36630498492743,1550165.26606044,1741.09716362797
2026-07-04 19:20:40,277.730313311148,9.44610436879067,1544952.67936528,1736.43073504974
2026-07-04 19:20:41,277.908667399433,9.52608599237251,1539754.14057183,1731.71503258917
2026-07-04 19:20:42,278.08829391668,9.60624838630192,1534569.81305104,1726.94953353183
2026-07-04 19:20:43,278.269203706463,9.68659023513889,1529399.84704574,1722.13370774049
2026-07-04 19:20:44,278.451407676383,9.76711015852088,1524244.39398311,1717.26702071587
2026-07-04 19:20:45,278.63491679774,9.84780669599022,1519103.60734909,1712.34893383438
2026-07-04 19:20:46,278.819742103684,9.92867831719283,1513977.64192191,1707.37890421034
2026-07-04 19:20:47,279.005894688369,10.0097234116815,1508866.65431662,1702.35638486861
2026-07-04 19:20:48,279.193385705374,10.0909400576018,1503770.81742445,1697.28082857763
2026-07-04 19:20:49,279.382226363655,10.1723269551517,1498690.26149319,1692.15167257697
2026-07-04 19:20:50,279.57242793407,10.2538820160159,1493625.1629908,1686.96836160655
2026-07-04 19:20:51,279.764001739439,10.3356033066285,1488575.68491493,1681.73033263276
2026-07-04 19:20:52,279.956959156471,10.4174888021472,1483541.99222582,1676.4370188427
2026-07-04 19:20:53,280.151311613231,10.4995363898415,1478524.25151336,1671.08784964184
2026-07-04 19:20:54,280.347070587268,10.5817438643426,1473522.63116948,1665.68225077638
2026-07-04 19:20:55,280.544247587361,10.6641086894612,1468537.31572151,1660.21964877373
2026-07-04 19:20:56,280.742854216341,10.7466289536167,1463568.44764639,1654.69945339947
2026-07-04 19:20:57,280.942902074525,10.8293019228277,1458616.21529658,1649.12108424792
2026-07-04 19:20:58,281.144402818317,10.9121250094566,1453680.79375026,1643.4839531067
2026-07-04 19:20:59,281.347368142909,10.9950955188044,1448762.36013418,1637.78746862764
2026-07-04 19:21:00,281.551809780237,11.0782106528165,1443861.09326919,1632.031036325
2026-07-04 19:21:01,281.757739496156,11.1614675069599,1438977.17372664,1626.21405871028
2026-07-04 19:21:02,281.965169087532,11.2448630645046,1434110.78403323,1620.33593547775
2026-07-04 19:21:03,282.174110341432,11.3283939503684,1429262.12286249,1614.39606875771
2026-07-04 19:21:04,282.384575183752,11.4120574217861,1424431.347165,1608.39384247223
2026-07-04 19:21:05,282.596575452485,11.4958498742507,1419618.65922557,1602.3286535657
2026-07-04 19:21:06,282.810123040709,11.5797678301545,1414824.24875013,1596.19989157257
2026-07-04 19:21:07,283.025229856962,11.6638076885654,1410048.30736453,1590.00694390798
2026-07-04 19:21:08,283.241907823509,11.7479657285882,1405291.02828438,1583.74919588778
2026-07-04 19:21:09,283.46016887083,11.8322380995252,1400552.60673803,1577.4260310717
2026-07-04 19:21:10,283.680024875316,11.9166205640248,1395833.25422758,1571.03683737437
2026-07-04 19:21:11,283.901487890409,12.0011095254496,1391133.14069573,1564.58098330293
2026-07-04 19:21:12,284.124569794206,12.085700479434,1386452.481453,1558.05785395945
2026-07-04 19:21:13,284.349282515623,12.1703890461847,1381791.47891367,1551.46682735806
2026-07-04 19:21:14,284.575637970098,12.2551706985668,1377150.33776964,1544.8072808483
2026-07-04 19:21:15,284.803648060276,12.3400407731766,1372529.26423289,1538.07859096575
2026-07-04 19:21:16,285.033324666617,12.4249944580209,1367928.46657093,1531.28013394465
2026-07-04 19:21:17,285.264679645486,12.510026794246,1363348.1548657,1524.41128580818
2026-07-04 19:21:18,285.497724736782,12.5951324057583,1358788.5553974,1517.47142966375
2026-07-04 19:21:19,285.732471899509,12.6803065603301,1354249.85341721,1510.45992812298
2026-07-04 19:21:20,285.968932802849,12.7655435776346,1349732.27876072,1503.37616498327
2026-07-04 19:21:21,286.207119149961,12.850837876781,1345236.04919134,1496.2195182432
2026-07-04 19:21:22,286.447042594567,12.9361837216896,1340761.38401545,1488.98936688732
2026-07-04 19:21:23,286.688714731465,13.0215752093074,1336308.5045649,1481.68509143706
2026-07-04 19:21:24,286.932147092942,13.1070062711369,1331877.63397116,1474.30607411758
2026-07-04 19:21:25,287.177351029941,13.1924703955509,1327469.01138963,1466.85170716472
2026-07-04 19:21:26,287.424338145326,13.2779617179314,1323082.83539048,1459.32136160434
2026-07-04 19:21:27,287.673119636817,13.363473385714,1318719.34862234,1451.71443451
2026-07-04 19:21:28,287.923706716226,13.448998635175,1314378.78173908,1444.03031844964
2026-07-04 19:21:29,288.176110500001,13.5345305263064,1310061.36705205,1436.26840932137
2026-07-04 19:21:30,288.430342002273,13.6200619397657,1305767.33855213,1428.42810672268
2026-07-04 19:21:31,288.686412122446,13.7055855661995,1301496.93231323,1420.50881461057
2026-07-04 19:21:32,288.944331506737,13.7910936345513,1297250.39988314,1412.50995024252
2026-07-04 19:21:33,289.204111081421,13.8765790226884,1293027.9527682,1404.43090926728
2026-07-04 19:21:34,289.465761232821,13.9620335761627,1288829.84625939,1396.27111924055
2026-07-04 19:21:35,289.729292340316,14.0474492320735,1284656.32310813,1388.03000454239
2026-07-04 19:21:36,289.994714628203,14.1328177241121,1280507.62815867,1379.70699601051
2026-07-04 19:21:37,290.262038163571,14.2181305949328,1276384.0076164,1371.30153093267
2026-07-04 19:21:38,290.531272841478,14.3033791811571,1272285.7096612,1362.81305390983
2026-07-04 19:21:39,290.802428381536,14.3885546229883,1268212.9838622,1354.24101694789
2026-07-04 19:21:40,291.075514143093,14.4736475653974,1264166.09532564,1345.58489044085
2026-07-04 19:21:41,291.350539796015,14.5586493110101,1260145.26951489,1336.84412289175
2026-07-04 19:21:42,291.627514302918,14.6435500978025,1256150.77452155,1328.01820196248
2026-07-04 19:21:43,291.906446571234,14.7283402343228,1252182.86658717,1319.10661512077
2026-07-04 19:21:44,292.187345286195,14.8130098261962,1248241.80312882,1310.10885964923
2026-07-04 19:21:45,292.470218890662,14.8975487606904,1244327.84337103,1301.02444371979
2026-07-04 19:21:46,292.755075584215,14.9819467182192,1240441.24771683,1291.8528864264
2026-07-04 19:21:47,293.041923102612,15.0661928674316,1236582.29168069,1282.59373015512
2026-07-04 19:21:48,293.330769513736,15.150277043625,1232751.21158602,1273.24649550134
2026-07-04 19:21:49,293.621622010946,15.2341879906286,1228948.28549167,1263.81074962193
2026-07-04 19:21:50,293.914487688244,15.3179145221978,1225173.77953894,1254.28606214734
2026-07-04 19:21:51,294.209373337075,15.4014452381771,1221427.96100236,1244.67201665454
2026-07-04 19:21:52,294.50628543615,15.4847685239718,1217711.09825905,1234.9682112318
2026-07-04 19:21:53,294.805230131882,15.5678725416938,1214023.46113402,1225.17425947879
2026-07-04 19:21:54,295.106213236351,15.6507452427885,1210365.32028856,1215.28979059397
2026-07-04 19:21:55,295.409239963836,15.7333740545335,1206736.96100159,1205.31446349022
2026-07-04 19:21:56,295.714315885259,15.815747092861,1203138.62962703,1195.2479154526
2026-07-04 19:21:57,296.021445482044,15.89785135706,1199570.61331874,1185.08983996655
2026-07-04 19:21:58,296.330633079794,15.9796739283253,1196033.1869969,1174.83993634455
2026-07-04 19:21:59,296.641882605384,16.0612016778499,1192526.62627154,1164.49792281388
2026-07-04 19:22:00,296.955197565263,16.1424212579947,1189051.20782336,1154.0635376379
2026-07-04 19:22:01,297.270581043021,16.22331911635,1185607.20880124,1143.53653922357
2026-07-04 19:22:02,297.588035399097,16.3038811797657,1182194.92027483,1132.91672169333
2026-07-04 19:22:03,297.907563366765,16.384094085492,1178814.59484878,1122.20385800704
2026-07-04 19:22:04,298.229166392026,16.4639433520286,1175466.52465167,1111.39778616715
2026-07-04 19:22:05,298.552845708673,16.5434145967125,1172150.98941698,1100.49835332425
2026-07-04 19:22:06,298.878602059035,16.6224932410164,1168868.26912935,1089.50543028344
2026-07-04 19:22:07,299.206435671205,16.7011645035962,1165618.64437356,1078.41891267383
2026-07-04 19:22:08,299.536346257532,16.779413415708,1162402.39575817,1067.23872103313
2026-07-04 19:22:09,299.868332677843,16.8572245079188,1159219.81686248,1055.96481775611
2026-07-04 19:22:10,300.202394179036,16.9345830473226,1156071.1634502,1044.59714468056
2026-07-04 19:22:11,300.538528517519,17.0114732001062,1152956.72920732,1033.13571772138
2026-07-04 19:22:12,300.876733179623,17.0878792596007,1149876.79523267,1021.5805653179
2026-07-04 19:22:13,301.217005066612,17.1637853513747,1146831.64233111,1009.93174432476
2026-07-04 19:22:14,301.559340472424,17.2391754293514,1143821.55129789,998.189341145022
2026-07-04 19:22:15,301.903735078654,17.3140332890652,1140846.80251961,986.353471987162
2026-07-04 19:22:16,302.250183941416,17.3883425735128,1137907.67588958,974.424283523194
2026-07-04 19:22:17,302.59868111141,17.4620864625922,1135004.46324839,962.401971502935
2026-07-04 19:22:18,302.949221058654,17.5352489234415,1132137.41904147,950.286711009284
2026-07-04 19:22:19,303.301796527942,17.6078128655647,1129306.8336328,938.078761554296
2026-07-04 19:22:20,303.656399929488,17.6797613712753,1126512.98466145,925.778398900361
2026-07-04 19:22:21,304.013022990957,17.7510774093895,1123756.14862734,913.385932138695
2026-07-04 19:22:22,304.371656733993,17.8217438324269,1121036.60121357,900.901704865459
2026-07-04 19:22:23,304.732291472389,17.8917433933168,1118354.61685801,888.326095272408
2026-07-04 19:22:24,305.094916389543,17.9610584357705,1115710.48085888,875.659536423653
2026-07-04 19:22:25,305.459521130488,18.0296721462932,1113104.44155232,862.902439916916
2026-07-04 19:22:26,305.826093414487,18.0975667127068,1110536.78133243,850.05531048292
2026-07-04 19:22:27,306.194620588823,18.1647245564859,1108007.76950561,837.118671364427
2026-07-04 19:22:28,306.565089246143,18.2311280492203,1105517.67349298,824.093082728165
2026-07-04 19:22:29,306.93748520062,18.2967595119123,1103066.75914155,810.979142811596
2026-07-04 19:22:30,307.311793491536,18.3616012343346,1100655.29028559,797.777487767578
2026-07-04 19:22:31,307.687998359019,18.4256354748756,1098283.52905389,784.48879281195
2026-07-04 19:22:32,308.066082811932,18.488844181285,1095951.74653764,771.113792548563
2026-07-04 19:22:33,308.446030385197,18.5512102139029,1093660.17766449,757.653198336438
2026-07-04 19:22:34,308.827822470775,18.6127155217554,1091409.08935589,744.107823880352
2026-07-04 19:22:35,309.21144010004,18.6733423919717,1089198.73435931,730.478501319203
2026-07-04 19:22:36,309.596863472308,18.7330731388113,1087029.36317969,716.766103429013
2026-07-04 19:22:37,309.98407197009,18.7918901292674,1084901.22348936,702.971542910943
2026-07-04 19:22:38,310.373044148127,18.8497757911162,1082814.56019422,689.095772900562
2026-07-04 19:22:39,310.7637572395,18.9067123239318,1080769.62625047,675.139809827191
2026-07-04 19:22:40,311.156189118126,18.9626829269342,1078766.63857555,661.104642491311
2026-07-04 19:22:41,311.550315358584,19.0176699889624,1076805.84402353,646.991368331375
2026-07-04 19:22:42,311.946111186487,19.0716563175245,1074887.47518894,632.801102963175
2026-07-04 19:22:43,312.34355100713,19.124624857319,1073011.76102312,618.535002038678
2026-07-04 19:22:44,312.742608385425,19.1765586920324,1071178.92716263,604.19426214456
2026-07-04 19:22:45,313.143256062142,19.2274410664762,1069389.19553301,589.780120043648
2026-07-04 19:22:46,313.545465949999,19.2772553976708,1067642.78435316,575.293852813571
2026-07-04 19:22:47,313.949208614738,19.3259850037271,1065939.91809303,560.736801492437
2026-07-04 19:22:48,314.354455399243,19.3736142798262,1064280.78637755,546.11027411263
2026-07-04 19:22:49,314.761175243924,19.4201269604433,1062665.60576002,531.415690830183
2026-07-04 19:22:50,315.169336821728,19.4655073091883,1061094.57807966,516.654486368793
2026-07-04 19:22:51,315.578908005386,19.5097398343231,1059567.90093085,501.828134315789
2026-07-04 19:22:52,315.989855890924,19.5528093109002,1058085.76729248,486.938146013162
2026-07-04 19:22:53,316.402146786996,19.5947007851239,1056648.36577807,471.986070984668
2026-07-04 19:22:54,316.815745678086,19.6353993206374,1055255.88981025,456.973521073331
2026-07-04 19:22:55,317.230618508512,19.674891132215,1053908.49876306,441.902067382326
2026-07-04 19:22:56,317.64672876879,19.7131619054909,1052606.37657225,426.77339422164
2026-07-04 19:22:57,318.064039800366,19.750197948454,1051349.69220554,411.589195022955
2026-07-04 19:22:58,318.482514227515,19.7859859157654,1050138.60961248,396.351197909537
2026-07-04 19:22:59,318.902113990559,19.8205128299182,1048973.28737514,381.06116415032
2026-07-04 19:23:00,319.322800342185,19.8537660862697,1047853.87890692,365.720888226989
2026-07-04 19:23:01,319.744533266135,19.8857332022385,1046780.5413619,350.332223683582
2026-07-04 19:23:02,320.167273951509,19.9164029168909,1045753.39849431,334.896972640994
2026-07-04 19:23:03,320.590981127058,19.9457635669717,1044772.59641069,319.417049315828
2026-07-04 19:23:04,321.0156135273,19.973804189237,1043838.26628188,303.89436983123
2026-07-04 19:23:05,321.441129322718,20.0005142686831,1042950.53327304,288.330877549948
2026-07-04 19:23:06,321.867486118028,20.0258837387532,1042109.51685406,272.728543077295
2026-07-04 19:23:07,322.29464098976,20.0499029992219,1041315.33049888,257.089362476143
2026-07-04 19:23:08,322.722550502473,20.0725629241241,1040568.08171055,241.415356432985
2026-07-04 19:23:09,323.151170095264,20.0938546240499,1039867.8803017,225.708597198029
2026-07-04 19:23:10,323.580456700208,20.1137704662301,1039214.80431596,209.971092985142
2026-07-04 19:23:11,324.010364859499,20.1323025549882,1038608.9514589,194.20495915094
2026-07-04 19:23:12,324.440849378138,20.1494437715135,1038050.40430726,178.412301005069
2026-07-04 19:23:13,324.871864673104,20.1651875148543,1037539.23926175,162.595242419576
2026-07-04 19:23:14,325.30336481861,20.1795277159687,1037075.52628339,146.755923711638
2026-07-04 19:23:15,325.735303565434,20.1924588420562,1036659.32894052,130.896500646941
2026-07-04 19:23:16,326.167633702531,20.2039756714351,1036290.7121118,115.019172192663
2026-07-04 19:23:17,326.600309805388,20.2140742431941,1035969.71038629,99.126060326975
2026-07-04 19:23:18,327.033284164153,20.2227504333284,1035696.37583079,83.2193877945608
2026-07-04 19:23:19,327.466509571453,20.2300009234186,1035470.74570843,67.3013561327016
2026-07-04 19:23:20,327.899938639353,20.2358229544695,1035292.85082171,51.3741753777825
2026-07-04 19:23:21,328.333523850177,20.2402143361237,1035162.71529355,35.4400617164068
2026-07-04 19:23:22,328.767217581519,20.2431734479007,1035080.35659629,19.501236228529
2026-07-04 19:23:23,329.200972139085,20.2446992411616,1035045.78553824,3.55992331428983
2026-07-04 19:23:24,329.634739069831,20.24479102397,1035059.01347415,-12.3816197945675
2026-07-04 19:23:25,330.068472064566,20.2434493288214,1035120.02337504,-28.3212286121598
2026-07-04 19:23:26,330.502122697689,20.240674610452,1035228.81326197,-44.2566474281174
2026-07-04 19:23:27,330.935643305789,20.2364681123985,1035385.36727799,-60.1856539232433
2026-07-04 19:23:28,331.368986308769,20.2308316481778,1035589.66294704,-76.1060299710361
2026-07-04 19:23:29,331.802104259044,20.2237676036146,1035841.67103733,-92.0155639109048
2026-07-04 19:23:30,332.234949851138,20.2152789281701,1036141.35577339,-107.912051135353
2026-07-04 19:23:31,332.667475218489,20.2053689375752,1036488.68134087,-123.79326417463
2026-07-04 19:23:32,333.099634942928,20.1940420991635,1036883.58551581,-139.657081659202
2026-07-04 19:23:33,333.531381608938,20.1813028348351,1037326.01954988,-155.501298165859
2026-07-04 19:23:34,333.962668838865,20.1671563190418,1037815.92134993,-171.323754353106
2026-07-04 19:23:35,334.393450535412,20.1516082618485,1038353.2225638,-187.122304686678
2026-07-04 19:23:36,334.823680950088,20.1346649121211,1038937.84829185,-202.894820526103
2026-07-04 19:23:37,335.25331468803,20.1163330438311,1039569.71734803,-218.63919048777
2026-07-04 19:23:38,335.682305982389,20.0966197753491,1040248.74812903,-234.353289868337
2026-07-04 19:23:39,336.110611773066,20.0755332652101,1040974.8349698,-250.03511132796
2026-07-04 19:23:40,336.538187147928,20.0530816389268,1041747.88400519,-265.682571719547
2026-07-04 19:23:41,336.964988444884,20.0292736965544,1042567.78911421,-281.293643842359
2026-07-04 19:23:42,337.3909724819,20.00411871657,1043434.43824422,-296.866323926226
2026-07-04 19:23:43,337.816096601161,19.9776264495001,1044347.71334158,-312.398633649628
2026-07-04 19:23:44,338.24031868844,19.949807105892,1045307.49046095,-327.888621108748
2026-07-04 19:23:45,338.663597196392,19.9206713447807,1046313.63984691,-343.334361945542
2026-07-04 19:23:46,339.08589039039,19.8902301119659,1047366.03112496,-358.7339278887
2026-07-04 19:23:47,339.507159466087,19.8584952294049,1048464.51288574,-374.085517618365
2026-07-04 19:23:48,339.92736393896,19.8254784772881,1049608.943608,-389.3872635117
2026-07-04 19:23:49,340.346464737158,19.7911921853408,1050799.1711798,-404.637361555444
2026-07-04 19:23:50,340.764423452555,19.7556490678846,1052035.03815491,-419.834040035704
2026-07-04 19:23:51,341.181202376934,19.7188622137549,1053316.38173183,-434.975561176695
2026-07-04 19:23:52,341.59676448733,19.6808450666431,1054643.03405542,-450.06022064303
2026-07-04 19:23:53,342.011072710642,19.6416112889073,1056014.82655001,-465.086317144577
2026-07-04 19:23:54,342.424093043074,19.6011752579087,1057431.57236211,-480.052282063668
2026-07-04 19:23:55,342.835789878079,19.5595512761154,1058893.0932797,-494.956485507049
2026-07-04 19:23:56,343.246129164929,19.5167540800344,1060399.20175453,-509.797367630778
2026-07-04 19:23:57,343.655077599729,19.4727986889915,1061949.70573099,-524.573405121915
2026-07-04 19:23:58,344.062602676043,19.4277003963417,1063544.40855246,-539.283113373886
2026-07-04 19:23:59,344.468672667694,19.3814747507726,1065183.10921203,-553.925045857783
2026-07-04 19:24:00,344.873256649879,19.3341375429477,1066865.60241731,-568.497795058496
2026-07-04 19:24:01,345.276323717974,19.2857046873658,1068591.68236225,-582.999960504465
2026-07-04 19:24:02,345.677846129061,19.2361926226692,1070361.12817009,-597.43027774547
2026-07-04 19:24:03,346.077794619085,19.1856176711978,1072173.72611421,-611.787426159281
2026-07-04 19:24:04,346.476141510013,19.1339964413061,1074029.25501814,-626.070156602332
2026-07-04 19:24:05,346.872859966915,19.0813457115999,1075927.4899422,-640.277260925857
2026-07-04 19:24:06,347.267923975586,19.0276824130559,1077868.20242411,-654.407571087024
2026-07-04 19:24:07,347.661308354519,18.9730236160778,1079851.16054882,-668.45995966601
2026-07-04 19:24:08,348.052987973628,18.9173864334757,1081876.13206551,-682.433308163482
2026-07-04 19:24:09,348.442940875276,18.8607883384217,1083942.87250401,-696.326633749637
2026-07-04 19:24:10,348.831143603166,18.8032466496113,1086051.14339381,-710.138899510007
2026-07-04 19:24:11,349.217574291502,18.7447788520397,1088200.70031377,-723.869139982285
2026-07-04 19:24:12,349.602211919825,18.6854025021567,1090391.29594712,-737.516430843
2026-07-04 19:24:13,349.985036286896,18.6251352121449,1092622.68029289,-751.079887826166
2026-07-04 19:24:14,350.366028005394,18.5639946372848,1094894.60077391,-764.558666490643
2026-07-04 19:24:15,350.74516851879,18.5019984646156,1097206.80230548,-777.951962854846
2026-07-04 19:24:16,351.122439300025,18.4391643390774,1099559.02970262,-791.258981237442
2026-07-04 19:24:17,351.497824948385,18.3755100938326,1101951.01876934,-804.479058387741
2026-07-04 19:24:18,351.871308548369,18.3110533718988,1104382.51005011,-817.611477244573
2026-07-04 19:24:19,352.242874741995,18.2458118610192,1106853.23978788,-830.655590177801
2026-07-04 19:24:20,352.612508967461,18.1798032210556,1109362.942317,-843.61078834397
2026-07-04 19:24:21,352.980197424688,18.113045071457,1111911.35023785,-856.476500238042
2026-07-04 19:24:22,353.345927096929,18.0455549825307,1114498.19445904,-869.252192469146
2026-07-04 19:24:23,353.709684956537,17.9773504222993,1117123.2059526,-881.93733819158
2026-07-04 19:24:24,354.071461010089,17.9084489150687,1119786.10940877,-894.531537731804
2026-07-04 19:24:25,354.431243729794,17.8388677768502,1122486.63310405,-907.034337292799
2026-07-04 19:24:26,354.789023059635,17.7686242773314,1125224.50246299,-919.445348124251
2026-07-04 19:24:27,355.144789680549,17.6977355891477,1127999.4417606,-931.764217240392
2026-07-04 19:24:28,355.498534964379,17.6262187775201,1130811.17429677,-943.990625480966
2026-07-04 19:24:29,355.850250992587,17.5540907936557,1133659.42243636,-956.124288131062
2026-07-04 19:24:30,356.19992977564,17.4813684412847,1136543.90872233,-968.164924209931
2026-07-04 19:24:31,356.547566237657,17.4080684694624,1139464.35201164,-980.112373278108
2026-07-04 19:24:32,356.89315373313,17.3342074125756,1142420.47360472,-991.966419570719
2026-07-04 19:24:33,357.236686983665,17.2598016869314,1145411.99326472,-1003.72690702432
2026-07-04 19:24:34,357.57816137637,17.1848675590813,1148438.63030294,-1015.3937115967
2026-07-04 19:24:35,357.917572898075,17.1094211381673,1151500.10373121,-1026.96673854911
2026-07-04 19:24:36,358.254918151272,17.033478371317,1154596.1323039,-1038.44592292571
2026-07-04 19:24:37,358.590194340982,16.9570550375883,1157726.43462958,-1049.83122887595
2026-07-04 19:24:38,358.923398507222,16.8801667362335,1160890.72952779,-1061.12261986063
2026-07-04 19:24:39,359.254530476667,16.8028289110049,1164088.73491814,-1072.3201725205
2026-07-04 19:24:40,359.583588409683,16.7250567987321,1167320.16982548,-1083.42390440367
2026-07-04 19:24:41,359.910571753071,16.6468654587809,1170584.75308249,-1094.43388798032
2026-07-04 19:24:42,0.235480492950206,16.5682697599165,1173882.20378598,-1105.35022156627
2026-07-04 19:24:43,0.558315109444133,16.4892843771821,1177212.24135343,-1116.17302742253
2026-07-04 19:24:44,0.879076603002989,16.4099237881722,1180574.58561511,-1126.90245258712
2026-07-04 19:24:45,1.19776573668215,16.3302022776097,1183968.95656369,-1137.53863980712
2026-07-04 19:24:46,1.51438589291117,16.2501339074678,1187395.07557614,-1148.08183634957
2026-07-04 19:24:47,1.82893877437546,16.1697325521467,1190852.66388691,-1158.53222974386
2026-07-04 19:24:48,2.14142724135319,16.0890118734222,1194341.443621,-1168.89005595619
2026-07-04 19:24:49,2.45185460325933,16.0079853232052,1197861.13765961,-1179.155572143
2026-07-04 19:24:50,2.760224571458,15.9266661427241,1201411.46966436,-1189.32905469202
2026-07-04 19:24:51,3.066541283734,15.8450673602373,1204992.16417354,-1199.41079997313
2026-07-04 19:24:52,3.37080925615602,15.7632017907332,1208602.94662013,-1209.40112234719
2026-07-04 19:24:53,3.67303272323553,15.6810820551025,1212243.54249461,-1219.3003292036
2026-07-04 19:24:54,3.97321833148911,15.5987204972767,1215913.68102868,-1229.10882203396
2026-07-04 19:24:55,4.27137102736432,15.5161293054607,1219613.08986961,-1238.82694162081
2026-07-04 19:24:56,4.56749680332089,15.4333204314903,1223341.49867116,-1248.45507118407
2026-07-04 19:24:57,4.86160196631602,15.3503056114335,1227098.63822636,-1257.99360868672
2026-07-04 19:24:58,5.15369315965604,15.2670963644043,1230884.2405681,-1267.44296748539
2026-07-04 19:24:59,5.44377733086713,15.1837039934452,1234698.0389832,-1276.80357496185
2026-07-04 19:25:00,5.73186105544028,15.1001396180791,1238539.76657731,-1286.07584728589
2026-07-04 19:25:01,6.01795320229129,15.0164140476291,1242409.16215002,-1295.26028813211
2026-07-04 19:25:02,6.30206090968541,14.9325379700739,1246305.96161667,-1304.35733916449
2026-07-04 19:25:03,6.5841922466937,14.8485218294391,1250229.9036922,-1313.36747871162
2026-07-04 19:25:04,6.86435554194141,14.7643758565504,1254180.72856781,-1322.29119666595
2026-07-04 19:25:05,7.1425593582975,14.6801100714186,1258158.17788593,-1331.12899340542
2026-07-04 19:25:06,7.41881250069503,14.5957342829988,1262161.99484261,-1339.88137992024
2026-07-04 19:25:07,7.69312398108827,14.5112580923905,1266191.92413194,-1348.54887638341
2026-07-04 19:25:08,7.96550240431714,14.4266909346563,1270247.71004127,-1357.13198957898
2026-07-04 19:25:09,8.23595847870566,14.3420419136187,1274329.1044618,-1365.63130447542
2026-07-04 19:25:10,8.50450118917666,14.2573200540568,1278435.85494256,-1374.04734421145
2026-07-04 19:25:11,8.77114034908403,14.1725341368419,1282567.71266952,-1382.38066327219
2026-07-04 19:25:12,9.0358859385278,14.087692742967,1286724.43047902,-1390.63182314953
2026-07-04 19:25:13,9.29874811071585,14.0028042544832,1290905.76292946,-1398.80139244223
2026-07-04 19:25:14,9.5597371611011,13.9178768581223,1295111.46624414,-1406.8899456058
2026-07-04 19:25:15,9.81886293500291,13.8329185956677,1299341.29592772,-1414.89804149157
2026-07-04 19:25:16,10.0761372513442,13.7479371673032,1303595.01666471,-1422.82631057181
2026-07-04 19:25:17,10.3315702113679,13.6629402328948,1307872.38749622,-1430.67532172069
2026-07-04 19:25:18,10.5851726627506,13.577935214723,1312173.17172551,-1438.44567098606
2026-07-04 19:25:19,10.8369555606224,13.4929293508583,1316497.13440535,-1446.13795842422
2026-07-04 19:25:20,11.0869299763806,13.4079296958471,1320844.04243693,-1453.75278829865
2026-07-04 19:25:21,11.3351070717363,13.3229431248891,1325213.66449331,-1461.29076804454
2026-07-04 19:25:22,11.5814975128746,13.2379763926333,1329605.76811852,-1468.75248734889
2026-07-04 19:25:23,11.8261138392822,13.1530359063227,1334020.13157257,-1476.13860226491
2026-07-04 19:25:24,12.0689668794187,13.0681280718079,1338456.52614074,-1483.44970761773
2026-07-04 19:25:25,12.3100681254427,12.9832590686879,1342914.72784355,-1490.68642141954
2026-07-04 19:25:26,12.5494291502242,12.8984349077427,1347394.51462622,-1497.8493640206
2026-07-04 19:25:27,12.7870615758409,12.8136614359711,1351895.66623673,-1504.93915690194
2026-07-04 19:25:28,13.0229770825482,12.7289443376305,1356417.964313,-1511.95642290514
2026-07-04 19:25:29,13.2571873973626,12.6442891376575,1360961.19234484,-1518.90178575045
2026-07-04 19:25:30,13.489703727377,12.5597012677515,1365525.13225388,-1525.77585012801
2026-07-04 19:25:31,13.7205390210715,12.4751858134886,1370109.57816072,-1532.57928077016
2026-07-04 19:25:32,13.9497045434063,12.3907479007727,1374714.31573878,-1539.31268243924
2026-07-04 19:25:33,14.1772121717115,12.3063924414046,1379339.13602705,-1545.97668029535
2026-07-04 19:25:34,14.4030737950533,12.2221242020284,1383983.8318707,-1552.57189877574
2026-07-04 19:25:35,14.6273013234822,12.1379478051859,1388648.19800602,-1559.09896185249
2026-07-04 19:25:36,14.8499066789177,12.0538677324712,1393332.03103008,-1565.55849265166
2026-07-04 19:25:37,15.0709012510474,11.9698883956111,1398035.12556493,-1571.95109461434
2026-07-04 19:25:38,15.2902980694527,11.8860138642855,1402757.28962066,-1578.27742644231
2026-07-04 19:25:39,15.5081085213485,11.8022482810312,1407498.32156687,-1584.53808864949
2026-07-04 19:25:40,15.7243445439757,11.7185955885741,1412258.02547972,-1590.73369928593
2026-07-04 19:25:41,15.9390180608644,11.6350596025306,1417036.20722936,-1596.86487439984
2026-07-04 19:25:42,16.1521409928613,11.5516440117126,1421832.67460223,-1602.93222836157
2026-07-04 19:25:43,16.3637252371462,11.4683523832834,1426647.23714507,-1608.93637310576
2026-07-04 19:25:44,16.5737826789077,11.3851881631846,1431479.70627759,-1614.87791848712
2026-07-04 19:25:45,16.7823246592405,11.3021547532915,1436329.89092536,-1620.7574541494
2026-07-04 19:25:46,16.989364063095,11.219255218909,1441197.61471785,-1626.57562048773
2026-07-04 19:25:47,17.1949121798754,11.1364927324645,1446082.69027628,-1632.33300181217
2026-07-04 19:25:48,17.3989807902619,11.0538702827909,1450984.93625869,-1638.0301973387
2026-07-04 19:25:49,17.6015816433542,10.9713907503543,1455904.17311907,-1643.66780335701
2026-07-04 19:25:50,17.8027264532162,10.8890569095821,1460840.22310054,-1649.24641308055
2026-07-04 19:25:51,18.0024268958413,10.8068714313994,1465792.91021373,-1654.76661651961
2026-07-04 19:25:52,18.2006941061028,10.7248369626552,1470762.05555543,-1660.2289835829
2026-07-04 19:25:53,18.3975406842044,10.6429558194072,1475747.49599073,-1665.63413137332
2026-07-04 19:25:54,18.5929776692467,10.5612304531531,1480749.05610987,-1670.98262258036
2026-07-04 19:25:55,18.7870165700614,10.4796631419999,1485766.56698723,-1676.27503365845
2026-07-04 19:25:56,18.9796688369961,10.3982560732079,1490799.86132542,-1681.51193706551
2026-07-04 19:25:57,19.1709458724845,10.3170113433733,1495848.77356403,-1686.69390160009
2026-07-04 19:25:58,19.3608590255657,10.2359309610296,1500913.13983886,-1691.8214922016
2026-07-04 19:25:59,19.5494191150332,10.1550169281776,1505992.79298282,-1696.89525416166
2026-07-04 19:26:00,19.7366383428132,10.0742709237704,1511087.58248891,-1701.91577645969
2026-07-04 19:26:01,19.9225274038983,9.99369478478964,1516197.3444987,-1706.8835960208
2026-07-04 19:26:02,20.1070974290579,9.91329018656105,1521321.92191026,-1711.79926208653
2026-07-04 19:26:03,20.2903594792654,9.83305872812982,1526461.15915262,-1716.66331945206
2026-07-04 19:26:04,20.4723245568292,9.7530019319524,1531614.90231432,-1721.47630882507
2026-07-04 19:26:05,20.6530036000912,9.6731212465248,1536782.99908395,-1726.2387666479
2026-07-04 19:26:06,20.8324074887553,9.59341804707723,1541965.29881282,-1730.95122526842
2026-07-04 19:26:07,21.0105465730348,9.51389372208904,1547161.64696938,-1735.61419758191
2026-07-04 19:26:08,21.1874325128595,9.43454934414551,1552371.90672385,-1740.22823704051
2026-07-04 19:26:09,21.3630755319128,9.35538616413401,1557595.92683697,-1744.79384801609
2026-07-04 19:26:10,21.5374862392107,9.2764052868519,1562833.56287788,-1749.31154529299
2026-07-04 19:26:11,21.7106751726008,9.19760775410744,1568084.67191691,-1753.78183915688
2026-07-04 19:26:12,21.8826528084902,9.11899454427475,1573349.11265265,-1758.20523570991
2026-07-04 19:26:13,22.0534295475981,9.0405665767207,1578626.74521315,-1762.58223642044
2026-07-04 19:26:14,22.2230152839351,8.96232479578085,1583917.42556989,-1766.91332424205
2026-07-04 19:26:15,22.3914211561751,8.88426983680874,1589221.02818754,-1771.19902005025
2026-07-04 19:26:16,22.5586569099023,8.80640253192158,1594537.4119949,-1775.43979762856
2026-07-04 19:26:17,22.7247326671944,8.72872357376738,1599866.44313046,-1779.63614073876
2026-07-04 19:26:18,22.8896584653595,8.65123360480904,1605207.98901588,-1783.78852825219
2026-07-04 19:26:19,23.0534442782823,8.57393321445963,1610561.91863721,-1787.897434843
2026-07-04 19:26:20,23.216100001458,8.49682294344316,1615928.1023299,-1791.96333052096
2026-07-04 19:26:21,23.3776354574953,8.41990328407248,1621306.41184122,-1795.98668081996
2026-07-04 19:26:22,23.5380599778925,8.34317476730888,1626696.71429561,-1799.96793352745
2026-07-04 19:26:23,23.6973840713962,8.26663762225568,1632098.89617059,-1803.90757169637
2026-07-04 19:26:24,23.8556169236754,8.19029228869037,1637512.82744931,-1807.8060341967
2026-07-04 19:26:25,24.0127680538345,8.11413908029808,1642938.38527202,-1811.6637683983
2026-07-04 19:26:26,24.1688469154698,8.03817826700627,1648375.4482553,-1815.48121749152
2026-07-04 19:26:27,24.3238628825147,7.96241007921652,1653823.89626539,-1819.25882005602
2026-07-04 19:26:28,24.4778252550876,7.88683470771067,1659283.610496,-1822.99701025984
2026-07-04 19:26:29,24.6307428583252,7.81145239182213,1664754.46714002,-1826.69620528962
2026-07-04 19:26:30,24.7826256417994,7.7362630744815,1670236.36246863,-1830.35685556894
2026-07-04 19:26:31,24.9334822827952,7.66126692083761,1675729.17534158,-1833.97936951166
2026-07-04 19:26:32,25.0833217789785,7.58646397621195,1681232.7920136,-1837.56416357637
2026-07-04 19:26:33,25.2321530554661,7.51185425160472,1686747.10002106,-1841.11164993166
2026-07-04 19:26:34,25.3799849634705,7.43743772512749,1692271.98814048,-1844.62223643312
2026-07-04 19:26:35,25.5268262755701,7.36321434397722,1697807.34630438,-1848.0963264906
2026-07-04 19:26:36,25.672685695962,7.28918402332353,1703353.06574455,-1851.53431940987
2026-07-04 19:26:37,25.8175714698761,7.21534673682058,1708909.03224247,-1854.93659831087
2026-07-04 19:26:38,25.9614929110464,7.14170216761149,1714475.15242195,-1858.3035774701
2026-07-04 19:26:39,26.1044581219155,7.06825023073168,1720051.31457957,-1861.6356316787
2026-07-04 19:26:40,26.2464754989627,6.99499073056044,1725637.41442943,-1864.93314294254
2026-07-04 19:26:41,26.3875533809867,6.92192344166055,1731233.34910596,-1868.19648958393
2026-07-04 19:26:42,26.527700021352,6.84904811615389,1736839.0166562,-1871.42604540426
2026-07-04 19:26:43,26.6669236087279,6.77636447982669,1742454.31638829,-1874.62218034455
2026-07-04 19:26:44,26.8052318901953,6.70387232381737,1748079.1418102,-1877.78524896306
2026-07-04 19:26:45,26.9426336359902,6.63157115302322,1753713.40793414,-1880.91563532435
2026-07-04 19:26:46,27.0791364540892,6.55946071182936,1759357.01061466,-1884.01368604442
2026-07-04 19:26:47,27.2147482334864,6.48754063905807,1765009.85328268,-1887.07975456384
2026-07-04 19:26:48,27.3494768060945,6.41581054949345,1770671.84069714,-1890.11419079171
2026-07-04 19:26:49,27.4833299247304,6.3442700401687,1776342.87849756,-1893.11734045672
2026-07-04 19:26:50,27.6163152741042,6.27291868830453,1782022.87340897,-1896.08954545805
2026-07-04 19:26:51,27.748440119141,6.20175614097537,1787711.72611656,-1899.03113323604
2026-07-04 19:26:52,27.8797127033784,6.13078176358907,1793409.359384,-1901.94245917189
2026-07-04 19:26:53,28.0101401563364,6.05999516684311,1799115.67604976,-1904.82384316213
2026-07-04 19:26:54,28.1397298769348,5.98939586014249,1804830.58668725,-1907.67561159795
2026-07-04 19:26:55,28.2684892087972,5.91898333372362,1810554.00310928,-1910.49808753431
2026-07-04 19:26:56,28.3964254207942,5.84875706426532,1816285.83795354,-1913.29159012052
2026-07-04 19:26:57,28.5235457123473,5.77871651425277,1822026.00476865,-1916.05643478139
2026-07-04 19:26:58,28.6498572224919,5.70886113023165,1827774.41819307,-1918.79293350809
2026-07-04 19:26:59,28.7753666812509,5.63919043603402,1833530.98628872,-1921.50138444223
2026-07-04 19:27:00,28.900081766563,5.56970367398682,1839295.64019416,-1924.18211253734
2026-07-04 19:27:01,29.0240090736357,5.50040034256374,1845068.28981493,-1926.8354087348
2026-07-04 19:27:02,29.1471554734376,5.43127983838302,1850848.85335131,-1929.46157070492
2026-07-04 19:27:03,29.2695277768443,5.36234154521317,1856637.2500055,-1932.06089279184
2026-07-04 19:27:04,29.3911327210376,5.29358483841227,1862433.39964008,-1934.63366563248
2026-07-04 19:27:05,29.5119769865706,5.22500908082567,1868237.22315056,-1937.18017668242
2026-07-04 19:27:06,29.6320668684703,5.15661371425419,1874048.63472414,-1939.7007004806
2026-07-04 19:27:07,29.7514095575081,5.08839790630562,1879867.57184937,-1942.19553667862
2026-07-04 19:27:08,29.8700112222835,5.02036107973614,1885693.95044547,-1944.6649531466
2026-07-04 19:27:09,29.9878782881671,4.95250256096387,1891527.69467058,-1947.10922395906
2026-07-04 19:27:10,30.1050171250938,4.88482166636759,1897368.7296443,-1949.52862014152
2026-07-04 19:27:11,30.2214340335131,4.81731770672481,1903216.98109093,-1951.92340927301
2026-07-04 19:27:12,30.3371352603169,4.74998998328845,1909072.37570088,-1954.2938559767
2026-07-04 19:27:13,30.4521269880788,4.68283779136623,1914934.84084495,-1956.64022162186
2026-07-04 19:27:14,30.5664150405221,4.61586050623399,1920804.29706446,-1958.9627557028
2026-07-04 19:27:15,30.6800060898702,4.54905723416268,1926680.68865341,-1961.26173128845
2026-07-04 19:27:16,30.7929058374283,4.4824273386934,1932563.93763713,-1963.5373916281
2026-07-04 19:27:17,30.9051202365303,4.41597008831998,1938453.97458795,-1965.7899860872
2026-07-04 19:27:18,31.016655175013,4.34968474834141,1944350.73062052,-1968.01976083372
2026-07-04 19:27:19,31.1275164902616,4.28357057701595,1950254.13775099,-1970.22695929981
2026-07-04 19:27:20,31.2377099605452,4.2176268285744,1956164.12864883,-1972.41182194672
2026-07-04 19:27:21,31.3472410143709,4.15185284120338,1962080.62873773,-1974.57457782699
2026-07-04 19:27:22,31.4561159070317,4.08624768335029,1968003.58800656,-1976.71547883168
2026-07-04 19:27:23,31.5643399545603,4.02081068515633,1973932.93329973,-1978.83474831766
2026-07-04 19:27:24,31.6719187143982,3.95554108433572,1979868.60010682,-1980.93261549044
2026-07-04 19:27:25,31.7788576917919,3.89043811454873,1985810.52465717,-1983.00930687036
2026-07-04 19:27:26,31.8851623348991,3.82550100749648,1991758.64374437,-1985.06504617374
2026-07-04 19:27:27,31.9908380432462,3.76072899047054,1997712.89496456,-1987.10005456666
2026-07-04 19:27:28,32.0958898790693,3.69612137747678,2003673.20832457,-1989.1145423655
2026-07-04 19:27:29,32.2003236965525,3.63167721584358,2009639.5388345,-1991.108741619
2026-07-04 19:27:30,32.3041444553516,3.5673958140118,2015611.81790621,-1993.08285746764
2026-07-04 19:27:31,32.4073573435411,3.5032763913705,2021589.98559031,-1995.03710057283
2026-07-04 19:27:32,32.5099675041934,3.43931816366766,2027573.98273808,-1996.9716792331
2026-07-04 19:27:33,32.6119800226,3.375520347542,2033563.75059071,-1998.88679903599
2026-07-04 19:27:34,32.7133999410901,3.31188215615707,2039559.23119827,-2000.78266329984
2026-07-04 19:27:35,32.814232246409,3.24840280347807,2045560.36702974,-2002.65947272315
2026-07-04 19:27:36,32.9144816189245,3.18508158695356,2051567.09313526,-2004.51741823878
2026-07-04 19:27:37,33.0141534820107,3.12191754453827,2057579.36967339,-2006.35671102304
2026-07-04 19:27:38,33.1132524132597,3.05890997399805,2063597.13273011,-2008.1775370841
2026-07-04 19:27:39,33.2117832147445,2.99605808404915,2069620.32734645,-2009.98008788456
2026-07-04 19:27:40,33.3097506344494,2.93336108551228,2075648.89890371,-2011.76455238905
2026-07-04 19:27:41,33.4071593804724,2.87081818692724,2081682.79355151,-2013.53111748387
2026-07-04 19:27:42,33.5040141099313,2.80842859855496,2087721.95783194,-2015.27996767553
2026-07-04 19:27:43,33.6003191820421,2.74619161665001,2093766.33049824,-2017.01127810012
2026-07-04 19:27:44,33.6960796780325,2.68410627744064,2099815.87610892,-2018.72524347692
2026-07-04 19:27:45,33.7912998637866,2.62217187879501,2105870.53444187,-2020.42203449147
2026-07-04 19:27:46,33.8859842230873,2.56038763047432,2111930.25439406,-2022.10182713811
2026-07-04 19:27:47,33.9801371896057,2.49875274521137,2117994.98516586,-2023.76479512735
2026-07-04 19:27:48,34.0737631567514,2.43726643551568,2124064.67657912,-2025.41111017499
2026-07-04 19:27:49,34.1668664771395,2.37592791416673,2130139.27903585,-2027.04094200188
2026-07-04 19:27:50,34.2594514561173,2.31473639677121,2136218.74327074,-2028.65445816525
2026-07-04 19:27:51,34.3515221192038,2.25369118450889,2142303.01210454,-2030.25181752507
2026-07-04 19:27:52,34.4430831774186,2.19279132240747,2148392.05449137,-2031.8331974311
2026-07-04 19:27:53,34.5341385695053,2.13203611537655,2154485.81415899,-2033.39875269001
2026-07-04 19:27:54,34.6246924396674,2.0714247829979,2160584.24394708,-2034.94864311449
2026-07-04 19:27:55,34.7147488893493,2.0109565473108,2166687.29708614,-2036.48302654099
2026-07-04 19:27:56,34.804311983287,1.95063063096781,2172794.92738676,-2038.00205901486
2026-07-04 19:27:57,34.8933857423832,1.89044625995147,2178907.0889691,-2039.50589459889
2026-07-04 19:27:58,34.9819739202424,1.83040274615337,2185023.72784918,-2040.99467913936
2026-07-04 19:27:59,35.0700809286337,1.7704991475598,2191144.81654319,-2042.46857616514
2026-07-04 19:28:00,35.1577104403681,1.71073478104252,2197270.30189779,-2043.92772780599
2026-07-04 19:28:01,35.2448663264148,1.65110887922493,2203400.13997745,-2045.37228103132
2026-07-04 19:28:02,35.3315524177044,1.59162067790178,2209534.28718492,-2046.80238099433
2026-07-04 19:28:03,35.4177725112222,1.53226941398111,2215672.70047476,-2048.21817121303
2026-07-04 19:28:04,35.503530362948,1.47305432831606,2221815.33706352,-2049.61979338315
2026-07-04 19:28:05,35.5888296968705,1.41397466256298,2227962.15475597,-2051.00738764162
2026-07-04 19:28:06,35.6736739768809,1.3550297467546,2234113.10280846,-2052.38108623741
2026-07-04 19:28:07,35.7580672977832,1.29621865842412,2240268.15748363,-2053.74103830465
2026-07-04 19:28:08,35.8420130532801,1.23754073206899,2246427.26895278,-2055.0873728472
2026-07-04 19:28:09,35.9255148234269,1.17899522050591,2252590.39656594,-2056.42022342265
2026-07-04 19:28:10,36.008576154403,1.12058137904073,2258757.50009327,-2057.73972202824
2026-07-04 19:28:11,36.091200558329,1.06229846570726,2264928.53970084,-2059.04599910482
2026-07-04 19:28:12,36.1733915130294,1.0041457415502,2271103.47592123,-2060.33918354009
2026-07-04 19:28:13,36.2551522521241,0.946122554248268,2277282.26074613,-2061.61939687714
2026-07-04 19:28:14,36.3364866138911,0.888228001423368,2283464.87346579,-2062.88677679108
2026-07-04 19:28:15,36.4173977614828,0.830461438013527,2289651.26669988,-2064.14144171021
2026-07-04 19:28:16,36.4978890447388,0.772822135338482,2295841.40263801,-2065.38351466066
2026-07-04 19:28:17,36.5779637773608,0.715309369393428,2302035.24365873,-2066.61311711215
2026-07-04 19:28:18,36.6576252425813,0.657922418733979,2308232.75255525,-2067.83036914266
2026-07-04 19:28:19,36.7368766917566,0.600660565211756,2314433.89245606,-2069.03538940848
2026-07-04 19:28:20,36.815721143073,0.543523177082053,2320638.61779622,-2070.22828961665
2026-07-04 19:28:21,36.8941621956274,0.48650937424346,2326846.91065627,-2071.40919692955
2026-07-04 19:28:22,36.9722028017753,0.429618532874205,2333058.72601854,-2072.57822019586
2026-07-04 19:28:23,37.0498460942348,0.372849946022255,2339274.02856127,-2073.7354727152
2026-07-04 19:28:24,37.127095171967,0.316202911670071,2345492.78311514,-2074.88106635774
2026-07-04 19:28:25,37.2039531055398,0.259676730666543,2351714.9548872,-2076.01511171972
2026-07-04 19:28:26,37.2804229358711,0.203270707376513,2357940.50938859,-2077.13771809571
2026-07-04 19:28:27,37.356507677486,0.146984148380178,2364169.41257663,-2078.24899357305
2026-07-04 19:28:28,37.4322101180964,0.0908164487409786,2370401.6212799,-2079.34903955859
2026-07-04 19:28:29,37.5075336045184,0.0347667552652766,2376637.12054634,-2080.43797229997
2026-07-04 20:57:32,304.57631309997,0.0192082823517049,2375490.53333102,1506.31183709994
2026-07-04 20:57:33,304.7104128579,0.0599121672786917,2370980.23209099,1502.68054410519
2026-07-04 20:57:34,304.845011151928,0.100595220199664,2366480.85039733,1499.02685223761
2026-07-04 20:57:35,304.980109742032,0.141256730222287,2361992.4555369,1495.35064891924
2026-07-04 20:57:36,305.115710266508,0.181895862832797,2357515.12774494,1491.6518285701
2026-07-04 20:57:37,305.251814704362,0.222512114826025,2353048.90989415,1487.93026467295
2026-07-04 20:57:38,305.388424683241,0.263104632423001,2348593.88291738,1484.1858515972
2026-07-04 20:57:39,305.52554193888,0.303672665537275,2344150.11552217,1480.41847680342
2026-07-04 20:57:40,305.663168202683,0.3442154562022,2339717.67653805,1476.62802766246
2026-07-04 20:57:41,305.801305195662,0.384732233336231,2335296.63548265,1472.81439179965
2026-07-04 20:57:42,305.939954634516,0.425222218423196,2330887.06192879,1468.97745674368
2026-07-04 20:57:43,306.079118103623,0.465684508745213,2326489.03822943,1465.11711748933
2026-07-04 20:57:44,306.218797548898,0.50611853021888,2322102.61011068,1461.23324726367
2026-07-04 20:57:45,306.358994540267,0.546523360018072,2317727.8605897,1457.32574120829
2026-07-04 20:57:46,306.499710761017,0.58689817727235,2313364.86075368,1453.39448738396
2026-07-04 20:57:47,306.640947887821,0.62724215279555,2309013.68179932,1449.43937386773
2026-07-04 20:57:48,306.782707585123,0.66755444390225,2304674.39558591,1445.46028910176
2026-07-04 20:57:49,306.924991510463,0.707834199748999,2300347.07404761,1441.45712155883
2026-07-04 20:57:50,307.067801310534,0.748080557697064,2296031.78957844,1437.42975999141
2026-07-04 20:57:51,307.211138488867,0.788292531729985,2291728.62699952,1433.37810109501
2026-07-04 20:57:52,307.355004937298,0.828469463871267,2287437.63507114,1429.30201865418
2026-07-04 20:57:53,307.499402138707,0.868610345844211,2283158.89936877,1425.20140985703
2026-07-04 20:57:54,307.644331699588,0.908714273572785,2278892.49341756,1421.0761643398
2026-07-04 20:57:55,307.789795211332,0.948780328882791,2274638.49140355,1416.92617225431
2026-07-04 20:57:56,307.935794256288,0.988807584956222,2270396.96758199,1412.75132390716
2026-07-04 20:57:57,308.082330403603,1.02879510292387,2266167.99663295,1408.55151000964
2026-07-04 20:57:58,308.229405066029,1.06874181850349,2261951.6656536,1404.32662986076
2026-07-04 20:57:59,308.377020072876,1.10864699812492,2257748.02583487,1400.07655857498
2026-07-04 20:58:00,308.525176810922,1.14850955417886,2253557.16502027,1395.80119623851
2026-07-04 20:58:01,308.673876799204,1.18832850440432,2249379.15899121,1391.50043501218
2026-07-04 20:58:02,308.823121538717,1.22810285194092,2245214.08417959,1387.17416773522
2026-07-04 20:58:03,308.972912517234,1.26783158953892,2241062.01721494,1382.82228764081
2026-07-04 20:58:04,309.123251209172,1.30751369935473,2236923.03493908,1378.44468838136
2026-07-04 20:58:05,309.274139070493,1.34714814960794,2232797.21474806,1374.04126430287
2026-07-04 20:58:06,309.425577392034,1.38673378626383,2228684.64586951,1369.61191872531
2026-07-04 20:58:07,309.577567903008,1.42626978053696,2224585.38269958,1365.15652990137
2026-07-04 20:58:08,309.730111860632,1.46575495311495,2220499.51528544,1360.67500238086
2026-07-04 20:58:09,309.883210659353,1.50518822774844,2216427.12198112,1356.16723262707
2026-07-04 20:58:10,310.036865671761,1.54456851306117,2212368.28177733,1351.63311799568
2026-07-04 20:58:11,310.191078256733,1.58389470853166,2208323.07367365,1347.07255628894
2026-07-04 20:58:12,310.345849751016,1.62316569898145,2204291.57724162,1342.48544621408
2026-07-04 20:58:13,310.501181314231,1.66238024687586,2200273.88368282,1337.87169604266
2026-07-04 20:58:14,310.657074569051,1.70153743881886,2196270.04991529,1333.23118789715
2026-07-04 20:58:15,310.813530635096,1.74063601121828,2192280.16793403,1328.56383165345
2026-07-04 20:58:16,310.970550775531,1.77967480295623,2188304.31821663,1323.86952885832
2026-07-04 20:58:17,311.128136228431,1.81865263750989,2184342.58185139,1319.14818214689
2026-07-04 20:58:18,311.286288214946,1.85756832881436,2180395.03993116,1314.39969479032
2026-07-04 20:58:19,311.44500793111,1.89642067596401,2176461.77408761,1309.62397115571
2026-07-04 20:58:20,311.604296382204,1.93520835549298,2172542.87739911,1304.8209258333
2026-07-04 20:58:21,311.764155063172,1.97393036710186,2168638.40919192,1299.99044611247
2026-07-04 20:58:22,311.924584932826,2.01258536077764,2164748.46329308,1295.13244858758
2026-07-04 20:58:23,312.085587100561,2.05117208855966,2160873.12217432,1290.24684126285
2026-07-04 20:58:24,312.247162646988,2.08968928703478,2157012.46887525,1285.33353344093
2026-07-04 20:58:25,312.409312630752,2.12813568162037,2153166.58656538,1280.39243537637
2026-07-04 20:58:26,312.572038086408,2.16650998592896,2149335.55860356,1275.42345836833
2026-07-04 20:58:27,312.735340019943,2.20481089889978,2145519.46882022,1270.42651503348
2026-07-04 20:58:28,312.899219231582,2.24303699725816,2141718.4122366,1265.40152896986
2026-07-04 20:58:29,313.063677040824,2.28118717911664,2137932.45079388,1260.34839517005
2026-07-04 20:58:30,313.228714193656,2.31925999459592,2134161.68017888,1255.26703972043
2026-07-04 20:58:31,313.394331591974,2.35725409396942,2130406.18505515,1250.15737995599
2026-07-04 20:58:32,313.56053010716,2.39516811354004,2126666.05046294,1245.01933463941
2026-07-04 20:58:33,313.727310584693,2.4330006785333,2122941.36152807,1239.85282372621
2026-07-04 20:58:34,313.894673837269,2.47075039938105,2119232.20382593,1234.65776874205
2026-07-04 20:58:35,314.062620458427,2.50841576493086,2115538.67388021,1229.43410288504
2026-07-04 20:58:36,314.231151586877,2.54599558347078,2111860.8357582,1224.18172959597
2026-07-04 20:58:37,314.400267754539,2.58348831729162,2108198.78658711,1218.90058503639
2026-07-04 20:58:38,314.56996965505,2.62089252814234,2104552.61266982,1213.59059640366
2026-07-04 20:58:39,314.74025794781,2.65820676392322,2100922.40064843,1208.25169256664
2026-07-04 20:58:40,314.911133262837,2.69542956158297,2097308.23721848,1202.88380382051
2026-07-04 20:58:41,315.082596192819,2.73255944328924,2093710.2095004,1197.4868623049
2026-07-04 20:58:42,315.254647301077,2.76959492092695,2090128.40459922,1192.06080159795
2026-07-04 20:58:43,315.427286909608,2.80653438246053,2086562.92060757,1186.60556811346
2026-07-04 20:58:44,315.600515918475,2.84337653409934,2083013.82377085,1181.12107702607
2026-07-04 20:58:45,315.774334582808,2.88011973977381,2079481.21250287,1175.60727809293
2026-07-04 20:58:46,315.948743324189,2.91676246080174,2075965.17475254,1170.06411199063
2026-07-04 20:58:47,316.123742525557,2.95330314519925,2072465.79874057,1164.4915213506
2026-07-04 20:58:48,316.299332536884,2.98974023069395,2068983.17266933,1158.88945048406
2026-07-04 20:58:49,316.475513667185,3.02607214121887,2065517.38506022,1153.25784579621
2026-07-04 20:58:50,316.652285974557,3.06229718060169,2062068.53490568,1147.59666703505
2026-07-04 20:58:51,316.829650121492,3.0984139678982,2058636.6900735,1141.90584154618
2026-07-04 20:58:52,317.00760608566,3.13442078090405,2055221.95006621,1136.18533324697
2026-07-04 20:58:53,317.186154024842,3.17031599798095,2051824.40376565,1130.4350963637
2026-07-04 20:58:54,317.36529404966,3.20609798235582,2048444.14050311,1124.65508759657
2026-07-04 20:58:55,317.545026234411,3.2417650879231,2045081.24950924,1118.84526554802
2026-07-04 20:58:56,317.725350608726,3.2773156554521,2041735.82027651,1113.00559117964
2026-07-04 20:58:57,317.906266936256,3.31274790719433,2038407.95249056,1107.13603958922
2026-07-04 20:58:58,318.087775612886,3.34806037794003,2035097.71539938,1101.23655222621
2026-07-04 20:58:59,318.269876314096,3.38325126528171,2031805.20909376,1095.30710890042
2026-07-04 20:59:00,318.452568901933,3.41831886685665,2028530.52325542,1089.34767950077
2026-07-04 20:59:01,318.635853186634,3.45326146587205,2025273.74796483,1083.35823669302
2026-07-04 20:59:02,318.819728938404,3.48807733695761,2022034.97315614,1077.33875530956
2026-07-04 20:59:03,319.004195878617,3.52276474243542,2018814.28897139,1071.2892128275
2026-07-04 20:59:04,319.189253685686,3.55732193542376,2015611.78547555,1065.209589067
2026-07-04 20:59:05,319.37490174799,3.59174704970497,2012427.56288314,1059.09987927379
2026-07-04 20:59:06,319.561140123045,3.62603853041195,2009261.69157715,1052.96004333598
2026-07-04 20:59:07,319.747968109559,3.66019449226818,2006114.27172625,1046.790081443
2026-07-04 20:59:08,319.935385189287,3.69421314457897,2002985.39379567,1040.58998418456
2026-07-04 20:59:09,320.123390801786,3.72809268985687,1999875.14798189,1034.3597444939
2026-07-04 20:59:10,320.311984330575,3.76183131796692,1996783.624761,1028.09935840511
2026-07-04 20:59:11,320.501165111764,3.79542721054128,1993710.91448845,1021.80882459035
2026-07-04 20:59:12,320.690932180606,3.82887843417795,1990657.11719081,1015.48815775743
2026-07-04 20:59:13,320.881285268254,3.86218336270894,1987622.30387842,1009.13733604557
2026-07-04 20:59:14,321.072223305965,3.89534004330481,1984606.57466898,1002.75637999853
2026-07-04 20:59:15,321.26374542506,3.92834662183389,1981610.01978315,996.345299779747
2026-07-04 20:59:16,321.455850697272,3.96120123285662,1978632.72964647,989.904108890372
2026-07-04 20:59:17,321.648538147914,3.99390200540122,1975674.79437291,983.432823493435
2026-07-04 20:59:18,321.841806743249,4.02644705823755,1972736.30420577,976.931463087164
2026-07-04 20:59:19,322.035655395878,4.05883450262743,1969817.34927797,970.400050224296
2026-07-04 20:59:20,322.230082702353,4.0910623390681,1966918.02894471,963.838624333703
2026-07-04 20:59:21,322.42508798408,4.12312886946217,1964038.41457107,957.247186972126
2026-07-04 20:59:22,322.620669728516,4.15503207970865,1961178.60532869,950.625783842458
2026-07-04 20:59:23,322.816826622645,4.18677005071644,1958338.6910549,943.97445042513
2026-07-04 20:59:24,323.013557299401,4.21834085775242,1955518.76136891,937.293225341808
2026-07-04 20:59:25,323.210860330825,4.24974256834976,1952718.90587309,930.582150717266
2026-07-04 20:59:26,323.408734234222,4.28097324511348,1949939.2139149,923.841271866495
2026-07-04 20:59:27,323.607177192338,4.31203084199746,1947179.78385034,917.070651996748
2026-07-04 20:59:28,323.80618814434,4.34291361126789,1944440.68675568,910.270314964662
2026-07-04 20:59:29,324.00576515886,4.3736194966575,1941722.02059793,903.440330658427
2026-07-04 20:59:30,324.205906512187,4.40414653698075,1939023.87421526,896.580758442836
2026-07-04 20:59:31,324.406610422595,4.4344927671903,1936346.33617111,889.691661093867
2026-07-04 20:59:32,324.607875045241,4.46465621683977,1933689.49490676,882.773105088401
2026-07-04 20:59:33,324.809698474717,4.49463491148961,1931053.43863313,875.825160479926
2026-07-04 20:59:34,325.012078743793,4.52442687273034,1928438.25534569,868.847900973363
2026-07-04 20:59:35,325.215013537774,4.55403001974367,1925844.0414999,861.841418876138
2026-07-04 20:59:36,325.418501332975,4.58344256492076,1923270.86721761,854.80576554713
2026-07-04 20:59:37,325.622539691763,4.61266242111149,1920718.82848437,847.74104062246
2026-07-04 20:59:38,325.827126392048,4.64168759613343,1918188.01242448,840.64733290551
2026-07-04 20:59:39,326.032259155881,4.67051609803384,1915678.50566868,833.524734602939
2026-07-04 20:59:40,326.237935635709,4.69914593100898,1913190.39473102,826.373342042358
2026-07-04 20:59:41,326.444153420683,4.72757509812101,1910723.76579037,819.193255343336
2026-07-04 20:59:42,326.650909740957,4.75580150532905,1908278.71305572,811.984593887271
2026-07-04 20:59:43,326.858202643103,4.78382334554893,1905855.30537724,804.747434918453
2026-07-04 20:59:44,327.06602923098,4.81163852379441,1903453.63629413,797.481905457144
2026-07-04 20:59:45,327.27438682958,4.83924503915372,1901073.79080026,790.18812150459
2026-07-04 20:59:46,327.483272705988,4.86664089356998,1898715.85331221,782.866202623839
2026-07-04 20:59:47,327.692684055648,4.89382408782746,1896379.90803922,775.516272674681
2026-07-04 20:59:48,327.902618009298,4.92079262428095,1894066.03876878,768.13845945633
2026-07-04 20:59:49,328.113071326697,4.94754441366061,1891774.3369052,760.732910699646
2026-07-04 20:59:50,328.32404161281,4.97407764805569,1889504.86939997,753.299730620504
2026-07-04 20:59:51,328.535525497528,5.0003902426471,1887257.72682806,745.839074896028
2026-07-04 20:59:52,328.747519840298,5.02648020679515,1885032.99145706,738.351087825138
2026-07-04 20:59:53,328.960021442283,5.05234555557442,1882830.74489342,730.835917360548
2026-07-04 20:59:54,329.173027031115,5.07798430577362,1880651.0684495,723.293715901546
2026-07-04 20:59:55,329.386533268373,5.10339447861693,1878494.04293483,715.724639910322
2026-07-04 20:59:56,329.600536748668,5.12857409979909,1876359.74867797,708.128849980981
2026-07-04 20:59:57,329.815033681667,5.15352110993088,1874248.27316354,700.506527399582
2026-07-04 20:59:58,330.030021160725,5.17823372535695,1872159.68037729,692.857808069559
2026-07-04 20:59:59,330.245495259436,5.20270989670524,1870094.05688714,685.182881665293
2026-07-04 21:00:00,330.461452301051,5.22694767148622,1868051.48101544,677.481925526367
2026-07-04 21:00:01,330.677888546297,5.25094510529198,1866032.03042473,669.755120914592
2026-07-04 21:00:02,330.89480017908,5.27470025833616,1864035.78243681,662.002653762352
2026-07-04 21:00:03,331.112183322983,5.29821120036503,1862062.81364373,654.22471382642
2026-07-04 21:00:04,331.330033704149,5.32147592179864,1860113.20741563,646.42151222942
2026-07-04 21:00:05,331.548347958867,5.34449268119338,1858187.02466784,638.593213435159
2026-07-04 21:00:06,331.76712168341,5.36725948689764,1856284.34755187,630.740036716519
2026-07-04 21:00:07,331.98635072426,5.38977444164551,1854405.25044471,622.862189025681
2026-07-04 21:00:08,332.206030871087,5.41203566071485,1852549.80687677,614.959880980762
2026-07-04 21:00:09,332.426157836648,5.43404126719601,1850718.0899563,607.033327912215
2026-07-04 21:00:10,332.646727273989,5.4557893968987,1848910.1719858,599.082748965268
2026-07-04 21:00:11,332.867734765739,5.47727819603393,1847126.12468394,591.10836766136
2026-07-04 21:00:12,333.089175491832,5.49850574043121,1845366.02594413,583.110429182038
2026-07-04 21:00:13,333.311045578989,5.51947036651249,1843629.93227644,575.089130215562
2026-07-04 21:00:14,333.53334007256,5.54017017378071,1841917.92031479,567.044724385244
2026-07-04 21:00:15,333.756054297157,5.56060336009554,1840230.05888405,558.977451520851
2026-07-04 21:00:16,333.979183506109,5.5807681355643,1838566.41621132,550.887555891791
2026-07-04 21:00:17,334.202722889305,5.60066272497719,1836927.0597516,542.775285785923
2026-07-04 21:00:18,334.426667573391,5.62028536813448,1835312.05618913,534.640893511059
2026-07-04 21:00:19,334.651012269768,5.63963424049484,1833721.47802343,526.484653662248
2026-07-04 21:00:20,334.875752673198,5.65870777147667,1832155.37728529,518.306790514138
2026-07-04 21:00:21,335.100883367563,5.67750416753119,1830613.8250008,510.107586748174
2026-07-04 21:00:22,335.326399229255,5.6960217332333,1829096.8846625,501.88731058388
2026-07-04 21:00:23,335.552295066774,5.71425878908017,1827604.61905798,493.646234495965
2026-07-04 21:00:24,335.77856562522,5.73221367287739,1826137.0901835,485.384634981581
2026-07-04 21:00:25,336.005205594461,5.74988474201272,1824694.35908502,477.102792117291
2026-07-04 21:00:26,336.232209241875,5.76727029649957,1823276.49219938,468.80100862868
2026-07-04 21:00:27,336.459571843499,5.7843688807161,1821883.53662416,460.479535623778
2026-07-04 21:00:28,336.68728755128,5.80117883346854,1820515.55707203,452.138683255625
2026-07-04 21:00:29,336.915350809672,5.81769858838439,1819172.61123851,443.778747198095
2026-07-04 21:00:30,337.143756012518,5.83392660111995,1817854.75580735,435.400026468229
2026-07-04 21:00:31,337.372497485809,5.84986134632616,1816562.04672586,427.002824299971
2026-07-04 21:00:32,337.601569506613,5.86550132175789,1815294.53889608,418.587447162514
2026-07-04 21:00:33,337.830966291193,5.88084504628663,1814052.28636399,410.154205361098
2026-07-04 21:00:34,338.060681638644,5.89589099199064,1812835.34787471,401.703431521786
2026-07-04 21:00:35,338.290710382436,5.91063786284305,1811643.76420474,393.235405330772
2026-07-04 21:00:36,338.521046211499,5.92508417606497,1810477.5922867,384.750466471278
2026-07-04 21:00:37,338.751683130974,5.93922854406137,1809336.88226691,376.248938898086
2026-07-04 21:00:38,338.982615083892,5.95306960157677,1808221.68346614,367.731150447477
2026-07-04 21:00:39,339.213835969582,5.96660600947867,1807132.0440975,359.197431865116
2026-07-04 21:00:40,339.445339632844,5.97983645296529,1806068.01143701,350.648117365242
2026-07-04 21:00:41,339.677119498706,5.99275957796509,1805029.63699659,342.083563529698
2026-07-04 21:00:42,339.909170054995,6.00537425179529,1804016.95544324,333.504072527596
2026-07-04 21:00:43,340.141484628776,6.01767917159129,1803030.01633367,324.910007251019
2026-07-04 21:00:44,340.374056877559,6.02967312806557,1802068.86277395,316.301714086171
2026-07-04 21:00:45,340.606880403347,6.04135493744883,1801133.53695592,307.679542882596
2026-07-04 21:00:46,340.83994876723,6.05272344419455,1800224.07996124,299.043846189195
2026-07-04 21:00:47,341.073255489212,6.06377752114562,1799340.53177043,290.394979249128
2026-07-04 21:00:48,341.306794039401,6.07451606824395,1798482.93138873,281.733300451825
2026-07-04 21:00:49,341.54055747446,6.08493795572123,1797651.32144127,273.059190114138
2026-07-04 21:00:50,341.774539940909,6.09504226138676,1796845.72908567,264.372972719711
2026-07-04 21:00:51,342.008734411248,6.10482791244656,1796066.19488049,255.675033995358
2026-07-04 21:00:52,342.243134200625,6.11429392651608,1795312.75339107,246.965742459146
2026-07-04 21:00:53,342.477732581907,6.12343935056622,1794585.43812751,238.245469303897
2026-07-04 21:00:54,342.712522796895,6.13226326271237,1793884.28141992,229.514587811185
2026-07-04 21:00:55,342.947498044983,6.14076477064867,1793209.31456249,220.773473925982
2026-07-04 21:00:56,343.182651114268,6.14894295953867,1792560.57201097,212.022525293803
2026-07-04 21:00:57,343.417975907864,6.15679710964329,1791938.07394118,203.262082384124
2026-07-04 21:00:58,343.65346514506,6.16432636748188,1791341.8526493,194.492547267386
2026-07-04 21:00:59,343.889111904801,6.17152996769665,1790771.93476509,185.714303823798
2026-07-04 21:01:00,344.124909226732,6.17840717557677,1790228.34587975,176.927738364746
2026-07-04 21:01:01,344.360850132172,6.18495729007279,1789711.11031929,168.133238525098
2026-07-04 21:01:02,344.596927606355,6.19117964156112,1789220.25133779,159.331194152916
2026-07-04 21:01:03,344.833134617088,6.19707359425728,1788755.79093786,150.521996346857
2026-07-04 21:01:04,345.069463713089,6.20263849609912,1788317.7538911,141.706058151129
2026-07-04 21:01:05,345.305908589138,6.20787387516934,1787906.1520431,132.88373378639
2026-07-04 21:01:06,345.542461756666,6.21277914620763,1787521.00779641,124.05543882831
2026-07-04 21:01:07,345.779116085266,6.21735380576326,1787162.33851307,115.221570641106
2026-07-04 21:01:08,346.015864435546,6.22159738540515,1786830.16026781,106.382527313302
2026-07-04 21:01:09,346.252699642198,6.22550944977891,1786524.48801289,97.5387085003457
2026-07-04 21:01:10,346.48961452749,6.22908959808845,1786245.33546883,88.6905147285554
2026-07-04 21:01:11,346.726601506034,6.2323374205444,1785992.71860897,79.8383677272877
2026-07-04 21:01:12,346.963654158467,6.23525267272446,1785766.64174886,70.9826293266246
2026-07-04 21:01:13,347.200764871683,6.2378350127992,1785567.11852999,62.1237230366203
2026-07-04 21:01:14,347.437926415658,6.2400841778615,1785394.15784909,53.2620527727004
2026-07-04 21:01:15,347.675131548685,6.24199993952172,1785247.76740887,44.398023181309
2026-07-04 21:01:16,347.912373028232,6.2435821049948,1785127.95363592,35.5320390561999
2026-07-04 21:01:17,348.149643594543,6.24483051527052,1785034.72183076,26.6645061757386
2026-07-04 21:01:18,348.386935592313,6.24574500897988,1784968.07905309,17.7958507265847
2026-07-04 21:01:19,348.624242552101,6.24632557463657,1784928.0219817,8.92643794322909
2026-07-04 21:01:20,348.861556809492,6.24657211979032,1784914.55532867,0.0566945757481986
2026-07-04 21:01:21,349.098871096415,6.24648462598471,1784927.67948093,-8.81297300734015
2026-07-04 21:01:22,349.336178142176,6.2460631096138,1784967.39362269,-17.6821583161921
2026-07-04 21:01:23,349.573470686102,6.24530762279749,1785033.69566547,-26.5504553917381
2026-07-04 21:01:24,349.810741458717,6.24421825170304,1785126.58238076,-35.4174578762384
2026-07-04 21:01:25,350.047983204864,6.2427951183486,1785246.04925442,-44.2827602117439
2026-07-04 21:01:26,350.285188265586,6.24103834695284,1785392.09316883,-53.1459361846281
2026-07-04 21:01:27,350.522350198798,6.23894819404506,1785564.70201957,-62.0066221833739
2026-07-04 21:01:28,350.759461364287,6.23652485305477,1785763.87030067,-70.8643931838402
2026-07-04 21:01:29,350.996514531242,6.23376858485315,1785989.58868597,-79.7188453310472
2026-07-04 21:01:30,351.233502487574,6.23067968553657,1786241.84659376,-88.5695758959404
2026-07-04 21:01:31,351.470418023877,6.22725848499481,1786520.63229486,-97.4161824659106
2026-07-04 21:01:32,351.707253948752,6.22350534787964,1786825.9328285,-106.258263756784
2026-07-04 21:01:33,351.944002686059,6.21942064673162,1787157.73614154,-115.095398978404
2026-07-04 21:01:34,352.180657880216,6.21500486842654,1787516.02257732,-123.927230150767
2026-07-04 21:01:35,352.417211987187,6.21025845271746,1787900.77776309,-132.753338623869
2026-07-04 21:01:36,352.653657884929,6.20518190050458,1788311.98395291,-141.57332765439
2026-07-04 21:01:37,352.889988469922,6.19977574629064,1788749.62221728,-150.386801754513
2026-07-04 21:01:38,353.12619666493,6.19404055821677,1789213.67242927,-159.193367081152
2026-07-04 21:01:39,353.362275410598,6.18797693743982,1789704.1133026,-167.992631048475
2026-07-04 21:01:40,353.59821767818,6.18158551846307,1790220.92235308,-176.784202978862
2026-07-04 21:01:41,353.834016053826,6.17486694797072,1790764.0775807,-185.567672876625
2026-07-04 21:01:42,354.069664365091,6.1678219670765,1791333.55086911,-194.342694613657
2026-07-04 21:01:43,354.305155258962,6.16045128691507,1791929.3179339,-203.108862086777
2026-07-04 21:01:44,354.540481811463,6.1527556715549,1792551.35166887,-211.865791550542
2026-07-04 21:01:45,354.775637133282,6.14473591711195,1793199.6238029,-220.613101474007
2026-07-04 21:01:46,355.01061436263,6.13639285104945,1793874.10493995,-229.350412184335
2026-07-04 21:01:47,355.2454066767,6.12772733231741,1794574.76453135,-238.077346465275
2026-07-04 21:01:48,355.480006876518,6.11874023572532,1795301.57211434,-246.793508397212
2026-07-04 21:01:49,355.714409012593,6.10943251218342,1796054.49245387,-255.498566321109
2026-07-04 21:01:50,355.948605963319,6.09980509695421,1796833.49289542,-264.192129280614
2026-07-04 21:01:51,356.182591044529,6.0898589707596,1797638.53843749,-272.873829169714
2026-07-04 21:01:52,356.416357614484,6.07959514419039,1798469.59296441,-281.543300605244
2026-07-04 21:01:53,356.649899067703,6.06901465701265,1799326.61928239,-290.200180604366
2026-07-04 21:01:54,356.883208845015,6.05811857815518,1800209.5791,-298.844109124803
2026-07-04 21:01:55,357.116280018769,6.04690799554286,1801118.43382787,-307.474707962409
2026-07-04 21:01:56,357.349106920504,6.03538405463723,1802053.14144736,-316.091663617508
2026-07-04 21:01:57,357.581682713123,6.0235478988382,1803013.66129714,-324.694603710762
2026-07-04 21:01:58,357.814001009944,6.01140070929549,1803999.95083953,-333.283179424062
2026-07-04 21:01:59,358.046055464473,5.9989436942002,1805011.96650164,-341.857044632831
2026-07-04 21:02:00,358.277839787448,5.98617808863439,1806049.66366442,-350.415856777709
2026-07-04 21:02:01,358.509347730263,5.97310515383967,1807112.99669836,-358.959276028866
2026-07-04 21:02:02,358.740573095035,5.95972617703001,1808201.9189549,-367.486965820305
2026-07-04 21:02:03,358.971509333297,5.94604246755062,1809316.3830538,-375.998572484493
2026-07-04 21:02:04,359.202151148667,5.93205537059438,1810456.33974537,-384.493806607587
2026-07-04 21:02:05,359.432492098109,5.91776624447657,1811621.7397297,-392.9723212809
2026-07-04 21:02:06,359.662526182876,5.90317647578585,1812812.53240225,-401.433792877347
2026-07-04 21:02:07,359.892247469369,5.88828747487807,1814028.66619395,-409.877901795863
2026-07-04 21:02:08,0.121650069451864,5.87310067544669,1815270.08858025,-418.304331493389
2026-07-04 21:02:09,0.350728152651877,5.857617534029,1816536.74609533,-426.712769091796
2026-07-04 21:02:10,0.579475545709992,5.84183953147015,1817828.58418609,-435.102885129414
2026-07-04 21:02:11,0.807887325469027,5.8257681656861,1819145.54777643,-443.474414189839
2026-07-04 21:02:12,1.0359574341512,5.80940496020379,1820487.58054341,-451.827034187747
2026-07-04 21:02:13,1.26368026544665,5.79275145849938,1821854.62535227,-460.160446681944
2026-07-04 21:02:14,1.49105027594326,5.77580922456639,1823246.62418303,-468.47435719998
2026-07-04 21:02:15,1.71806197724964,5.75857984250543,1824663.51813674,-476.768474841317
2026-07-04 21:02:16,1.94470994553867,5.74106491600134,1826105.2474507,-485.042512777219
2026-07-04 21:02:17,2.17098881122063,5.72326606792651,1827571.75150353,-493.296187718133
2026-07-04 21:02:18,2.39689287412998,5.70518494749011,1829062.96819839,-501.5292005194
2026-07-04 21:02:19,2.62241768089019,5.6868231996828,1830578.83645014,-509.741315759777
2026-07-04 21:02:20,2.84755765451456,5.66818250881609,1832119.29257472,-517.932242134012
2026-07-04 21:02:21,3.0723076703961,5.64926456957847,1833684.27264196,-526.101711996568
2026-07-04 21:02:22,3.29666267648925,5.63007109315764,1835273.71194433,-534.249462189819
2026-07-04 21:02:23,3.52061767690783,5.61060380711402,1836887.54497902,-542.375233211559
2026-07-04 21:02:24,3.74416774111664,5.59086445475132,1838525.70547184,-550.478769693668
2026-07-04 21:02:25,3.96730761287727,5.57085480722941,1840188.12534364,-558.559800723552
2026-07-04 21:02:26,4.19003327081295,5.55057661330812,1841874.73885107,-566.618118340156
2026-07-04 21:02:27,4.41233959034735,5.53003167242306,1843585.47649811,-574.653459931194
2026-07-04 21:02:28,4.63422189482548,5.5092217861299,1845320.2690335,-582.665586254661
2026-07-04 21:02:29,4.8556755838198,5.48814876890805,1847079.04652736,-590.65426274325
2026-07-04 21:02:30,5.07669611464209,5.46681444838124,1848861.73832478,-598.619258580712
2026-07-04 21:02:31,5.29727901389653,5.44522066433046,1850668.27309994,-606.560347259232
2026-07-04 21:02:32,5.51741987254734,5.42336926852003,1852498.57884275,-614.477306356477
2026-07-04 21:02:33,5.73711396721126,5.4012621419462,1854352.58138517,-622.36989853515
2026-07-04 21:02:34,5.95635779379609,5.37890112306253,1856230.21038653,-630.237948414328
2026-07-04 21:02:35,6.17514675520142,5.3562881138201,1858131.39042503,-638.081226663789
2026-07-04 21:02:36,6.39347671700795,5.33342500816981,1860056.04695649,-645.89952797697
2026-07-04 21:02:37,6.61134360389273,5.3103137099503,1862004.10478971,-653.692650851603
2026-07-04 21:02:38,6.82874341051806,5.28695613182396,1863975.48814868,-661.460398114573
2026-07-04 21:02:39,7.0456721991325,5.2633541949466,1865970.12067335,-669.202576802281
2026-07-04 21:02:40,7.26212571865061,5.23950985127082,1867987.92350614,-676.91897913779
2026-07-04 21:02:41,7.47810092920339,5.21542499272141,1870028.82294528,-684.609458668734
2026-07-04 21:02:42,7.69359371037157,5.19110158550819,1872092.73906482,-692.273815775137
2026-07-04 21:02:43,7.90860040002316,5.16654157985063,1874179.59331718,-699.911874550296
2026-07-04 21:02:44,8.12311739732345,5.14174693255823,1876289.30659949,-707.523462957882
2026-07-04 21:02:45,8.33714116703289,5.11671960633762,1878421.7992867,-715.108413039076
2026-07-04 21:02:46,8.55066824823588,5.09146156872282,1880576.99129698,-722.666561334525
2026-07-04 21:02:47,8.76369486922402,5.06597481950186,1882754.79972342,-730.197729721823
2026-07-04 21:02:48,8.97621844856699,5.04026128226259,1884955.14807155,-737.701800123189
2026-07-04 21:02:49,9.18823535013678,5.01432296444465,1887177.95257024,-745.17860272299
2026-07-04 21:02:50,9.3997423769318,4.98816185083295,1889423.13123705,-752.627990355421
2026-07-04 21:02:51,9.61073640691338,4.96177992870548,1891690.60170913,-760.049820344027
2026-07-04 21:02:52,9.8212143738829,4.93517918895502,1893980.28112323,-767.443953563624
2026-07-04 21:02:53,10.0311732875701,4.90836162400884,1896292.08627078,-774.810255405227
2026-07-04 21:02:54,10.2406102199916,4.88132922853186,1898625.93351441,-782.148595105215
2026-07-04 21:02:55,10.4495219432671,4.8540840305074,1900981.7360768,-789.458827777623
2026-07-04 21:02:56,10.657906399246,4.82662796377949,1903359.41503656,-796.740867279015
2026-07-04 21:02:57,10.8657604874779,4.79896305783529,1905758.88290619,-803.994576490658
2026-07-04 21:02:58,11.0730815515388,4.77109131022447,1908180.05463118,-811.219841033484
2026-07-04 21:02:59,11.2798669892355,4.74301471942247,1910622.84473028,-818.416549925432
2026-07-04 21:03:00,11.4861142718426,4.71473528266828,1913087.16746213,-825.584596519068
2026-07-04 21:03:01,11.6918209313821,4.68625499674467,1915572.93673667,-832.723877866059
2026-07-04 21:03:02,11.8969842055215,4.65757589295854,1918080.06303531,-839.834277154911
2026-07-04 21:03:03,12.1016024786307,4.62869989393357,1920608.46590972,-846.915734922449
2026-07-04 21:03:04,12.3056731116379,4.59962902732101,1923158.05528761,-853.968141776674
2026-07-04 21:03:05,12.5091938994167,4.57036528224856,1925728.74399279,-860.991410426105
2026-07-04 21:03:06,12.7121626948257,4.54091064575612,1928320.44454463,-867.985457089406
2026-07-04 21:03:07,12.9145774077802,4.511267102554,1930933.0691605,-874.950201433809
2026-07-04 21:03:08,13.1164360241319,4.48143663259528,1933566.5299515,-881.885567485824
2026-07-04 21:03:09,13.3177365793577,4.45142121358788,1936220.73868343,-888.791482341614
2026-07-04 21:03:10,13.5184768283171,4.42122285836994,1938895.6034459,-895.667859882869
2026-07-04 21:03:11,13.7186556363392,4.39084345646871,1941591.04267225,-902.514669256413
2026-07-04 21:03:12,13.918270874562,4.36028501193505,1944306.96406185,-909.331831234007
2026-07-04 21:03:13,14.1173208340752,4.32954948355829,1947043.27870805,-916.119287836575
2026-07-04 21:03:14,14.3158038524435,4.29863882657107,1949799.89739154,-922.876983931066
2026-07-04 21:03:15,14.51371834138,4.26755498901331,1952576.73088865,-929.604868575971
2026-07-04 21:03:16,14.7110627602272,4.23629991457772,1955373.68970298,-936.302893706889
2026-07-04 21:03:17,14.9078352916148,4.20487558351891,1958190.68037968,-942.970998215358
2026-07-04 21:03:18,15.1040352029619,4.173283840202,1961027.62095601,-949.609174728469
2026-07-04 21:03:19,15.2996607871346,4.14152665212983,1963884.41773006,-956.217368554769
2026-07-04 21:03:20,15.4947107453958,4.10960593607745,1966760.98082546,-962.795545543402
2026-07-04 21:03:21,15.6891838231975,4.07752360338394,1969657.22012117,-969.34367418073
2026-07-04 21:03:22,15.883078835168,4.04528155638401,1972573.04556074,-975.861726814852
2026-07-04 21:03:23,16.0763946438828,4.01288169090528,1975508.36691516,-982.349678603023
2026-07-04 21:03:24,16.2691298343649,3.98032594147735,1978463.08966339,-988.807491576526
2026-07-04 21:03:25,16.4612840526001,3.94761609468895,1981437.13192868,-995.235180081088
2026-07-04 21:03:26,16.6528559892774,3.91475406867273,1984430.39910177,-1001.63271216859
2026-07-04 21:03:27,16.8438447319454,3.88174172578066,1987442.80082498,-1008.00007571645
2026-07-04 21:03:28,17.0342494090494,3.84858092144822,1990474.24654999,-1014.33726098959
2026-07-04 21:03:29,17.2240692137143,3.81527350052097,1993524.6458635,-1020.64426181026
2026-07-04 21:03:30,17.4133033849969,3.78182129965857,1996593.9082586,-1026.92107461335
2026-07-04 21:03:31,17.6019512116539,3.74822614655002,1999681.94319751,-1033.16769862266
2026-07-04 21:03:32,17.7900117124126,3.71448990906282,2002788.65557179,-1039.38412027733
2026-07-04 21:03:33,17.977484932089,3.68061429530261,2005913.96411828,-1045.57037632455
2026-07-04 21:03:34,18.1643699856907,3.64660115372083,2009057.77377076,-1051.72645855813
2026-07-04 21:03:35,18.3506663646005,3.61245227288612,2012219.99408584,-1057.85237742402
2026-07-04 21:03:36,18.5363736071729,3.57816943152373,2015400.53463135,-1063.94814595999
2026-07-04 21:03:37,18.7214913057768,3.54375439713725,2018599.3051079,-1070.01378013135
2026-07-04 21:03:38,18.9060190913323,3.50920892826346,2021816.21513342,-1076.04929806342
2026-07-04 21:03:39,19.0899563310985,3.47453482495187,2025051.16952075,-1082.0547053636
2026-07-04 21:03:40,19.2733033895618,3.4397337177973,2028304.08796981,-1088.03005630158
2026-07-04 21:03:41,19.4560597217231,3.40480738544721,2031574.87543268,-1093.97536125949
2026-07-04 21:03:42,19.638225147467,3.36975754259588,2034863.44188406,-1099.89064856125
2026-07-04 21:03:43,19.8197995286394,3.33458589332792,2038169.69734344,-1105.775948809
2026-07-04 21:03:44,20.000782777797,3.29929412934272,2041493.55203804,-1111.63129527162
2026-07-04 21:03:45,20.1811748416705,3.2638839326555,2044834.91614517,-1117.45672309041
2026-07-04 21:03:46,20.3609757172229,3.22835697254863,2048193.70007599,-1123.25227002884
2026-07-04 21:03:47,20.5401851317477,3.19271496375058,2051569.80895566,-1129.01796100661
2026-07-04 21:03:48,20.7188037802038,3.15695944079496,2054963.16401176,-1134.75386791701
2026-07-04 21:03:49,20.8968314721665,3.12109209458149,2058373.67068047,-1140.46001999558
2026-07-04 21:03:50,21.0742683655338,3.08511454856776,2061801.23980195,-1146.13646347623
2026-07-04 21:03:51,21.2511146638099,3.04902841325961,2065245.78246128,-1151.78324694374
2026-07-04 21:03:52,21.427370601892,3.01283528869984,2068707.20974979,-1157.40042063834
2026-07-04 21:03:53,21.6030364570525,2.97653676221809,2072185.43297878,-1162.98803696598
2026-07-04 21:03:54,21.7781122472961,2.9401344673667,2075680.35801286,-1168.54613594459
2026-07-04 21:03:55,21.952598922963,2.90362985065077,2079191.90768675,-1174.07480266939
2026-07-04 21:03:56,22.1264965762659,2.86702452071753,2082719.988265,-1179.57408092761
2026-07-04 21:03:57,22.2998056308278,2.83032001668359,2086264.51168352,-1185.04403058361
2026-07-04 21:03:58,22.4725265484175,2.79351786488901,2089825.39010456,-1190.48471341705
2026-07-04 21:03:59,22.6446598283145,2.75661957883245,2093402.53592414,-1195.89619306905
2026-07-04 21:04:00,22.8162060003317,2.7196266604532,2096995.86164899,-1201.27853472057
2026-07-04 21:04:01,22.9871656330083,2.68254059828096,2100605.28007732,-1206.63180545358
2026-07-04 21:04:02,23.1575390336498,2.64536293074174,2104230.69811851,-1211.95605982996
2026-07-04 21:04:03,23.3273274163209,2.60809499935609,2107872.04088685,-1217.25139604395
2026-07-04 21:04:04,23.4965311550944,2.57073831663508,2111529.21580818,-1222.51787190649
2026-07-04 21:04:05,23.6651509449015,2.53329432193039,2115202.13643206,-1227.75556067799
2026-07-04 21:04:06,23.8331875177939,2.49576444074338,2118890.71665454,-1232.96453739907
2026-07-04 21:04:07,24.0006416283808,2.45815008775851,2122594.87042295,-1238.14487819139
2026-07-04 21:04:08,24.1675140690552,2.42045266338305,2126314.51207942,-1243.29666096706
2026-07-04 21:04:09,24.3338053746969,2.38267362016242,2130049.54978881,-1248.4199512756
2026-07-04 21:04:10,24.4995169577163,2.34481420718284,2133799.91083996,-1253.51485671024
2026-07-04 21:04:11,24.6646494117174,2.30687585094291,2137565.50397072,-1258.58144556189
2026-07-04 21:04:12,24.8292036396623,2.26885990241952,2141346.24438165,-1263.61980090526
2026-07-04 21:04:13,24.9931805771866,2.23076769876933,2145142.04764339,-1268.63000732866
2026-07-04 21:04:14,25.1565811793159,2.19260056629047,2148952.82940616,-1273.61215028504
2026-07-04 21:04:15,25.3194064344847,2.15435981705138,2152778.50574028,-1278.56631675549
2026-07-04 21:04:16,25.4816570791557,2.1160468171405,2156618.9862897,-1283.49258159205
2026-07-04 21:04:17,25.643334697011,2.07766272357978,2160474.2006799,-1288.39106009393
2026-07-04 21:04:18,25.8044400759706,2.03920887649922,2164344.05918371,-1293.26182939261
2026-07-04 21:04:19,25.9649743019374,2.00068653844915,2168228.47886362,-1298.10498078167
2026-07-04 21:04:20,26.1249384843282,1.96209695956385,2172127.37704701,-1302.92060656718
2026-07-04 21:04:21,26.2843337577943,1.9234413770341,2176040.6713853,-1307.7088001554
2026-07-04 21:04:22,26.4431612773595,1.88472101622241,2179968.27974682,-1312.46965579993
2026-07-04 21:04:23,26.6014222236884,1.8459370892516,2183910.12036604,-1317.20326886144
2026-07-04 21:04:24,26.7591175337406,1.80709086394282,2187866.10481742,-1321.90972292893
2026-07-04 21:04:25,26.9162489543216,1.76818339418835,2191836.16551491,-1326.58914011593
2026-07-04 21:04:26,27.0728174672069,1.72921592197423,2195820.21474521,-1331.24160586617
2026-07-04 21:04:27,27.2288243344519,1.69018961096049,2199818.17181353,-1335.86721886022
2026-07-04 21:04:28,27.3842708415102,1.65110561169919,2203829.9564108,-1340.46607873115
2026-07-04 21:04:29,27.5391582900562,1.61196506342591,2207855.48843698,-1345.03828573334
2026-07-04 21:04:30,27.6934880048566,1.57276909217918,2211894.68820116,-1349.58394104857
2026-07-04 21:04:31,27.8472610715417,1.53351888180965,2215947.46908411,-1354.10313430069
2026-07-04 21:04:32,28.0004793577129,1.49421539750673,2220013.76613125,-1358.59599218052
2026-07-04 21:04:33,28.1531439871051,1.45485979796151,2224093.49346511,-1363.06260576959
2026-07-04 21:04:34,28.3052563532911,1.41545316199267,2228186.57253059,-1367.50307880579
2026-07-04 21:04:35,28.4568178691791,1.3759965558546,2232292.92515394,-1371.91751576245
2026-07-04 21:04:36,28.6078299614914,1.33649103471169,2236412.47339707,-1376.30602157272
2026-07-04 21:04:37,28.7582940764139,1.29693764099819,2240545.13973636,-1380.66870189604
2026-07-04 21:04:38,28.9082116717654,1.257337406566,2244690.84684611,-1385.0056627386
2026-07-04 21:04:39,29.0575839791697,1.21769142134594,2248849.51038923,-1389.3169991392
2026-07-04 21:04:40,29.2064129782922,1.17800055249102,2253021.06852882,-1393.60284150024
2026-07-04 21:04:41,29.354699927379,1.13826586702133,2257205.43756051,-1397.86328569465
2026-07-04 21:04:42,29.5024463465266,1.0984883494752,2261402.54155169,-1402.09843982203
2026-07-04 21:04:43,29.6496537668663,1.05866897373759,2265612.30481474,-1406.30841229201
2026-07-04 21:04:44,29.7963237342858,1.0188087019387,2269834.65203141,-1410.49331197149
2026-07-04 21:04:45,29.9424578067646,0.978908485154972,2274069.50818722,-1414.65324808365
2026-07-04 21:04:46,30.0880573203098,0.938969334688429,2278316.79098427,-1418.78831905839
2026-07-04 21:04:47,30.2331243285181,0.8989920364042,2282576.44127436,-1422.8986571869
2026-07-04 21:04:48,30.377660192007,0.858977578653575,2286848.37751416,-1426.98436158517
2026-07-04 21:04:49,30.5216665135803,0.818926869068429,2291132.52590603,-1431.0455426372
2026-07-04 21:04:50,30.6651449139101,0.778840802268914,2295428.81320812,-1435.08231131992
2026-07-04 21:04:51,30.8080970195038,0.738720263527463,2299737.16635104,-1439.09477864216
2026-07-04 21:04:52,30.9505244688762,0.698566126847127,2304057.51265224,-1443.08305592157
2026-07-04 21:04:53,31.0924286833886,0.658379328393165,2308389.77189288,-1447.04724391595
2026-07-04 21:04:54,31.2338117752955,0.618160575736296,2312733.88772026,-1450.98747591981
2026-07-04 21:04:55,31.3746751859133,0.577910783048716,2317089.78069066,-1454.903853111
2026-07-04 21:04:56,31.5150205885124,0.537630783074708,2321457.3793461,-1458.79648741687
2026-07-04 21:04:57,31.654849671213,0.497321396163766,2325836.61278246,-1462.66549120407
2026-07-04 21:04:58,31.7941641262743,0.456983433739258,2330227.41028219,-1466.51097676468
2026-07-04 21:04:59,31.9329656550802,0.416617696640191,2334629.70150304,-1470.33305655646
2026-07-04 21:05:00,32.0712559664473,0.376224975672962,2339043.41642696,-1474.1318431117
2026-07-04 21:05:01,32.209036560684,0.335806124985297,2343468.47731896,-1477.90743879819
2026-07-04 21:05:02,32.3463095970654,0.295361767643487,2347904.83102266,-1481.65997698052
2026-07-04 21:05:03,32.4830765872084,0.254892738279159,2352352.40045177,-1485.38956000362
2026-07-04 21:05:04,32.619339269422,0.214399787361301,2356811.1169978,-1489.09630069751
2026-07-04 21:05:05,32.7550993872502,0.173883655966992,2361280.91235105,-1492.78031185671
2026-07-04 21:05:06,32.8903586882917,0.133345076174948,2365761.71846563,-1496.44170618958
2026-07-04 21:05:07,33.0251189296176,0.0927847691702838,2370253.46777819,-1500.08059656646
2026-07-04 21:05:08,33.1593816612173,0.0522035225660872,2374756.0846205,-1503.6970857462
2026-07-04 21:05:09,33.2931490701008,0.0116018892437105,2379269.51869917,-1507.29130643892
2026-07-04 22:36:00,326.534592353701,0.0326516140718611,2377208.11744314,1488.06871952882
2026-07-04 22:36:01,326.669760937396,0.0727309248941645,2372752.56397804,1484.3993844658
2026-07-04 22:36:02,326.805424427388,0.112785890676622,2368308.04420776,1480.70761619012
2026-07-04 22:36:03,326.941584512187,0.152815782324116,2363874.62547923,1476.99330493226
2026-07-04 22:36:04,327.078242871109,0.192819860302943,2359452.37558186,1473.25634109126
2026-07-04 22:36:05,327.215401179135,0.232797376404551,2355041.36254363,1469.49661500097
2026-07-04 22:36:06,327.353061102468,0.272747572197754,2350641.65479369,1465.71401714333
2026-07-04 22:36:07,327.491224301053,0.312669679919956,2346253.32105533,1461.90843803804
2026-07-04 22:36:08,327.629892209665,0.352562847610619,2341876.43854509,1458.07977871927
2026-07-04 22:36:09,327.769066906111,0.392426436787893,2337511.06031577,1454.2279091449
2026-07-04 22:36:10,327.908749810206,0.432259575589326,2333157.26428152,1450.35273054359
2026-07-04 22:36:11,328.048942551466,0.472061457402871,2328815.1204257,1446.45413382407
2026-07-04 22:36:12,328.189646746519,0.511831264159168,2324484.69921583,1442.53201026586
2026-07-04 22:36:13,328.330864008479,0.551568169573793,2320166.07124186,1438.58625104694
2026-07-04 22:36:14,328.472595937282,0.591271335893334,2315859.3075622,1434.61674772932
2026-07-04 22:36:15,328.614843898783,0.630939842171443,2311564.48745245,1430.62340283498
2026-07-04 22:36:16,328.757609923899,0.670572977225869,2307281.66669314,1426.60608676234
2026-07-04 22:36:17,328.900895358929,0.710169799132042,2303010.92525637,1422.56470247408
2026-07-04 22:36:18,329.044701766186,0.749729429764568,2298752.33539174,1418.49914233297
2026-07-04 22:36:19,329.189030691827,0.789250978842878,2294505.96984828,1414.40929923089
2026-07-04 22:36:20,329.333883677321,0.828733547609501,2290271.90147034,1410.29506604954
2026-07-04 22:36:21,329.47926224766,0.868176225153627,2286050.20358489,1406.15633621635
2026-07-04 22:36:22,329.625167917376,0.907578090341277,2281840.9497858,1401.99300343151
2026-07-04 22:36:23,329.771601953738,0.946938139303591,2277644.22165012,1397.80497302053
2026-07-04 22:36:24,329.918566313546,0.986255573063122,2273460.07807836,1393.59211700879
2026-07-04 22:36:25,330.066062241403,1.02552936644647,2269288.60124891,1389.35434135615
2026-07-04 22:36:26,330.214091196865,1.06475855386599,2265129.86612481,1385.09154149545
2026-07-04 22:36:27,330.362654631681,1.10394216055845,2260983.94778608,1380.80361300718
2026-07-04 22:36:28,330.51175397997,1.14307919963456,2256850.92173528,1376.49045211415
2026-07-04 22:36:29,330.661390659418,1.18216867255531,2252730.86383855,1372.15195560983
2026-07-04 22:36:30,330.811565833919,1.2212095002391,2248623.85755701,1367.78803227166
2026-07-04 22:36:31,330.962281376403,1.26020080332553,2244529.96447521,1363.39855663265
2026-07-04 22:36:32,331.113538420732,1.29914147996522,2240449.26870313,1358.98343851041
2026-07-04 22:36:33,331.265338321951,1.33803048647296,2236381.8473338,1354.54257690514
2026-07-04 22:36:34,331.417682420363,1.37686676828828,2232327.77770545,1350.07587134651
2026-07-04 22:36:35,331.570572042822,1.41564926041156,2228287.13734962,1345.58322181651
2026-07-04 22:36:36,331.724008492019,1.45437688444261,2224260.00429272,1341.06452928171
2026-07-04 22:36:37,331.877992806642,1.49304848278032,2220246.4638682,1336.51970722302
2026-07-04 22:36:38,332.032526757933,1.5316630932265,2216246.58023134,1331.94863374465
2026-07-04 22:36:39,332.187611345848,1.57021953392125,2212260.43941971,1327.351223851
2026-07-04 22:36:40,332.343247804395,1.60871668148621,2208288.12047265,1322.72738114065
2026-07-04 22:36:41,332.499437342422,1.64715339932076,2204329.70287064,1318.07701027036
2026-07-04 22:36:42,332.656181156201,1.68552854107472,2200385.26617098,1313.40001634839
2026-07-04 22:36:43,332.81348041364,1.72384094650858,2196454.89042782,1308.69630570418
2026-07-04 22:36:44,332.971336267741,1.76208944514926,2192538.65581015,1303.96578525423
2026-07-04 22:36:45,333.129749585549,1.80027278646049,2188636.6497241,1299.20837554744
2026-07-04 22:36:46,333.288721994852,1.83838991031031,2184748.9391902,1294.42396037571
2026-07-04 22:36:47,333.448254322623,1.87643954287118,2180875.61211922,1289.61246197155
2026-07-04 22:36:48,333.608347626942,1.91442046440281,2177016.74993676,1284.7737913238
2026-07-04 22:36:49,333.769002950459,1.9523314451838,2173172.43413139,1279.90786006838
2026-07-04 22:36:50,333.930221306065,1.99017124200555,2169342.74660568,1275.01458116085
2026-07-04 22:36:51,334.092003684549,2.02793860018976,2165527.76946634,1270.09386854147
2026-07-04 22:36:52,334.254350781245,2.06563218723989,2161727.59169946,1265.14565030447
2026-07-04 22:36:53,334.417264074747,2.10325085572044,2157942.28268788,1260.16981669231
2026-07-04 22:36:54,334.580744212927,2.14079324935309,2154171.93190128,1255.16629793423
2026-07-04 22:36:55,334.744792082017,2.17825806469242,2150416.62250897,1250.13501270596
2026-07-04 22:36:56,334.909408542525,2.21564398649934,2146676.43789506,1245.07588085949
2026-07-04 22:36:57,335.074594432582,2.25294968861756,2142951.46156729,1239.98882328197
2026-07-04 22:36:58,335.240350554684,2.29017383098993,2139241.77745149,1234.87376253453
2026-07-04 22:36:59,335.406677689953,2.32731506311784,2135547.46954262,1229.73062217645
2026-07-04 22:37:00,335.573576304757,2.3643719576042,2131868.62849049,1224.55934096038
2026-07-04 22:37:01,335.741047679769,2.40134326686142,2128205.32613831,1219.35981824311
2026-07-04 22:37:02,335.909092225301,2.43822753958985,2124557.65357214,1214.13199544535
2026-07-04 22:37:03,336.07771059955,2.47502337614472,2120925.69576881,1208.87580200927
2026-07-04 22:37:04,336.246903435052,2.51172936605823,2117309.53779966,1203.59116861941
2026-07-04 22:37:05,336.416671324948,2.54834408514796,2113709.2651133,1198.2780278791
2026-07-04 22:37:06,336.587014836807,2.58486609870771,2110124.96321942,1192.93631365347
2026-07-04 22:37:07,336.75793421397,2.62129389806558,2106556.72389244,1187.56597555243
2026-07-04 22:37:08,336.929430531481,2.65762614719198,2103004.62104206,1182.16692290928
2026-07-04 22:37:09,337.10150396813,2.69386131360495,2099468.74684092,1176.73910854611
2026-07-04 22:37:10,337.27415495393,2.72999791431447,2095949.18763767,1171.2824731655
2026-07-04 22:37:11,337.44738388998,2.76603445578841,2092446.02983942,1165.79695894046
2026-07-04 22:37:12,337.621191133949,2.80196943111418,2088959.3601876,1160.28251022529
2026-07-04 22:37:13,337.795577014032,2.8378013230451,2085489.26546156,1154.73907288705
2026-07-04 22:37:14,337.970541522121,2.87352854307366,2082035.83835877,1149.16660923531
2026-07-04 22:37:15,338.146085503488,2.90914966886118,2078599.15457464,1143.56504020566
2026-07-04 22:37:16,338.322208877595,2.94466308875067,2075179.30713654,1137.93433183643
2026-07-04 22:37:17,338.498911819965,2.9800672387937,2071776.38350135,1132.27443784882
2026-07-04 22:37:18,338.676194472913,3.01536054477739,2068390.47116237,1126.58531370419
2026-07-04 22:37:19,338.854056932943,3.05054141998041,2065021.65786627,1120.86691724819
2026-07-04 22:37:20,339.032499259433,3.08560826704162,2061670.03143544,1115.11920827418
2026-07-04 22:37:21,339.211521474566,3.1205594781266,2058335.67975499,1109.34214855713
2026-07-04 22:37:22,339.391123247491,3.1553933771415,2055018.69626759,1103.53571724887
2026-07-04 22:37:23,339.571305127803,3.19010844686006,2051719.15837964,1097.69985076596
2026-07-04 22:37:24,339.752066706943,3.22470299003065,2048437.15970331,1091.8345324203
2026-07-04 22:37:25,339.933407836178,3.25917535481356,2045172.78860399,1085.93973306879
2026-07-04 22:37:26,340.115328326699,3.29352387936693,2041926.1334812,1080.01542573064
2026-07-04 22:37:27,340.297827943195,3.32774689092633,2038697.28285979,1074.06158592799
2026-07-04 22:37:28,340.480906410448,3.36184270717936,2035486.32526483,1068.07819136568
2026-07-04 22:37:29,340.664563086648,3.39580958086084,2032293.35442451,1062.06523790794
2026-07-04 22:37:30,340.848798236049,3.42964591715354,2029118.44887129,1056.02267739077
2026-07-04 22:37:31,341.033611130031,3.46334994902046,2025961.70243255,1049.95051044669
2026-07-04 22:37:32,341.219001306411,3.49691995349783,2022823.20391781,1043.84872496139
2026-07-04 22:37:33,341.404968262825,3.53035419914266,2019703.04206516,1037.71731108424
2026-07-04 22:37:34,341.591511440316,3.56365094356119,2016601.3057784,1031.55626203033
2026-07-04 22:37:35,341.778630240149,3.59680843641939,2013518.0838535,1025.36557327779
2026-07-04 22:37:36,341.966324007709,3.62982491708067,2010453.46520563,1019.14524336112
2026-07-04 22:37:37,342.154591720862,3.66269856659665,2007407.54331434,1012.89528917786
2026-07-04 22:37:38,342.343433277252,3.69542770819575,2004380.3976888,1006.61568284777
2026-07-04 22:37:39,342.532847551949,3.7280105044916,2001372.12189393,1000.30644700644
2026-07-04 22:37:40,342.722833699013,3.7604451614023,1998382.80468212,993.967590971563
2026-07-04 22:37:41,342.913390814349,3.79272987557977,1995412.53487066,987.599127297232
2026-07-04 22:37:42,343.104517942584,3.82486283573485,1992461.40122887,981.201071438075
2026-07-04 22:37:43,343.296214081365,3.85684222355433,1989529.49240423,974.773441566502
2026-07-04 22:37:44,343.488477837927,3.88866616511516,1986616.90136932,968.316275471852
2026-07-04 22:37:45,343.681308767033,3.92033292193142,1983723.70798118,961.829564734553
2026-07-04 22:37:46,343.874705371421,3.95184060528353,1980850.00509833,955.313353136827
2026-07-04 22:37:47,344.068666430691,3.98318736717046,1977995.88113436,948.767671277677
2026-07-04 22:37:48,344.263190674251,4.01437135352494,1975161.42434972,942.192552693672
2026-07-04 22:37:49,344.458276768188,4.04539070269636,1972346.72300163,935.588034496317
2026-07-04 22:37:50,344.653923333601,4.07624354825946,1969551.86510204,928.954156495916
2026-07-04 22:37:51,344.850128925647,4.10692801652337,1966776.93865635,922.290962248393
2026-07-04 22:37:52,345.046891707996,4.1374421854483,1964022.03537532,915.598515131355
2026-07-04 22:37:53,345.244210808005,4.16778425816344,1961287.23505745,908.876831439566
2026-07-04 22:37:54,345.442084273775,4.19795230124436,1958572.62919103,902.125981284237
2026-07-04 22:37:55,345.640510435825,4.2279444203181,1955878.3051354,895.346021358765
2026-07-04 22:37:56,345.839487565273,4.25775871628117,1953204.35008536,888.537011844057
2026-07-04 22:37:57,346.039013880209,4.28739328634593,1950550.85099281,881.699016077954
2026-07-04 22:37:58,346.239087531181,4.31684622270087,1947917.89470232,874.83210131669
2026-07-04 22:37:59,346.439706266978,4.34611557459514,1945305.57134109,867.936355282649
2026-07-04 22:38:00,346.640868819748,4.37519950797166,1942713.96012214,861.011817559619
2026-07-04 22:38:01,346.842572816604,4.40409606468968,1940143.15080844,854.058583062961
2026-07-04 22:38:02,347.044816172217,4.43280332430661,1937593.22931348,847.076733066319
2026-07-04 22:38:03,347.247596738997,4.4613193637647,1935064.28131286,840.066352549676
2026-07-04 22:38:04,347.450912314284,4.4896422584833,1932556.39216565,833.027529834881
2026-07-04 22:38:05,347.654760625395,4.51777008115227,1930069.6470395,825.960357353357
2026-07-04 22:38:06,347.8591389851,4.5457008670883,1927604.13397743,818.864948779007
2026-07-04 22:38:07,348.064045714277,4.57343276005985,1925159.9310786,811.741368320516
2026-07-04 22:38:08,348.269478002156,4.60096379288924,1922737.12584123,804.589737086981
2026-07-04 22:38:09,348.475433327646,4.62829203448931,1920335.80222694,797.41016245954
2026-07-04 22:38:10,348.68190911278,4.65541555428936,1917956.04381699,790.202755324476
2026-07-04 22:38:11,348.888902711024,4.68233242146596,1915597.93390031,782.967630657555
2026-07-04 22:38:12,349.096411416524,4.70904070624005,1913261.55538074,775.704907080502
2026-07-04 22:38:13,349.304432455804,4.73553847948978,1910946.99083187,768.414707282628
2026-07-04 22:38:14,349.512962631375,4.76182378207806,1908654.32518483,761.09717581353
2026-07-04 22:38:15,349.721999770723,4.78789475233469,1906383.63466341,753.752406789339
2026-07-04 22:38:16,349.931540543786,4.81374943404709,1904135.00351053,746.380552794903
2026-07-04 22:38:17,350.14158192549,4.83938590646063,1901908.51269675,738.981751934051
2026-07-04 22:38:18,350.352120821038,4.86480225134512,1899704.24281027,731.556146524692
2026-07-04 22:38:19,350.563154074541,4.88999655411427,1897522.27398278,724.103882670238
2026-07-04 22:38:20,350.774678461934,4.91496690371177,1895362.68592266,716.625110638146
2026-07-04 22:38:21,350.986690327477,4.93971136590491,1893225.56023648,709.120003047971
2026-07-04 22:38:22,351.199187058658,4.96422809437075,1891110.97088985,701.588681057621
2026-07-04 22:38:23,351.412164865709,4.98851516353468,1889018.99862668,694.031325509978
2026-07-04 22:38:24,351.625620269205,5.01257068190936,1886949.72122983,686.448102485805
2026-07-04 22:38:25,351.839549719638,5.03639276352495,1884903.21600775,678.839182352566
2026-07-04 22:38:26,352.05394960642,5.05997952898287,1882879.55972885,671.204739315465
2026-07-04 22:38:27,352.268816250485,5.08332910537249,1880878.8286536,663.544951791783
2026-07-04 22:38:28,352.484145909447,5.10643962709749,1878901.09848902,655.860002171374
2026-07-04 22:38:29,352.699934397237,5.12930921338994,1876946.4463282,648.150095912163
2026-07-04 22:38:30,352.916178596118,5.15193606029941,1875014.94284273,640.415385598421
2026-07-04 22:38:31,353.132874191255,5.17431830299064,1873106.66403785,632.656084739403
2026-07-04 22:38:32,353.350017181336,5.19645410897247,1871221.68333466,624.872391900872
2026-07-04 22:38:33,353.567603494982,5.21834165484161,1869360.07357849,617.064509970096
2026-07-04 22:38:34,353.785629005878,5.23997912755926,1867521.90695682,609.232645401918
2026-07-04 22:38:35,354.004089516128,5.2613647239932,1865707.25506452,601.377009059067
2026-07-04 22:38:36,354.222980382783,5.28249663374855,1863916.19037865,593.497835037689
2026-07-04 22:38:37,354.442298047965,5.30337311270129,1862148.78007879,585.595303553039
2026-07-04 22:38:38,354.66203773883,5.32399237254781,1860405.09539861,577.669656854153
2026-07-04 22:38:39,354.882195008469,5.34435265620549,1858685.20528498,569.721121574205
2026-07-04 22:38:40,355.102765337436,5.36445221878573,1856989.17803219,561.749928815216
2026-07-04 22:38:41,355.323744154049,5.38428932889778,1855317.08119916,553.756313121776
2026-07-04 22:38:42,355.545126816153,5.4038622683154,1853668.9816644,545.740513395587
2026-07-04 22:38:43,355.766908234621,5.42316931954349,1852044.94669325,537.702791944743
2026-07-04 22:38:44,355.98908442124,5.44220882040483,1850445.03939532,529.643356229513
2026-07-04 22:38:45,356.211650160465,5.46097908191798,1848869.32562798,521.562476536502
2026-07-04 22:38:46,356.434600569576,5.47947844480184,1847317.86929064,513.460407142817
2026-07-04 22:38:47,356.657930699071,5.49770526537152,1845790.73353342,505.337406489739
2026-07-04 22:38:48,356.881635543908,5.51565791638717,1844287.98071326,497.193736627568
2026-07-04 22:38:49,357.105710035264,5.53333478726118,1842809.67240346,489.029663629074
2026-07-04 22:38:50,357.330149050073,5.55073428471604,1841355.86936572,480.845457094956
2026-07-04 22:38:51,357.554947009112,5.56785482520615,1839926.63220573,472.641410538385
2026-07-04 22:38:52,357.780099450523,5.58469486744377,1838522.01869971,464.417761589621
2026-07-04 22:38:53,358.005600685201,5.60125286399247,1837142.08784013,456.174810874771
2026-07-04 22:38:54,358.23144535538,5.61752729489204,1835786.89706952,447.912842993332
2026-07-04 22:38:55,358.457628041871,5.63351665955934,1834456.5029796,439.632146414835
2026-07-04 22:38:56,358.684143280154,5.64921947751831,1833150.96127694,431.333012674687
2026-07-04 22:38:57,358.910985542381,5.66463428851209,1831870.32679955,423.015737265541
2026-07-04 22:38:58,359.138148854113,5.67975965035198,1830614.65371989,414.680639126861
2026-07-04 22:38:59,359.365628369276,5.69459415110748,1829383.99456507,406.327980563729
2026-07-04 22:39:00,359.593418005761,5.70913639076958,1828178.40175453,397.958087441689
2026-07-04 22:39:01,359.821512027238,5.72338499493288,1826997.92649638,389.571268770613
2026-07-04 22:39:02,0.0499046369095697,5.73733861168966,1825842.61906862,381.167837346216
2026-07-04 22:39:03,0.278589997493537,5.75099591205822,1824712.52880841,372.74810871804
2026-07-04 22:39:04,0.507562214555594,5.7643555904395,1823607.70409875,364.312402045455
2026-07-04 22:39:05,0.736815346307464,5.77741636498722,1822528.19236211,355.86103957827
2026-07-04 22:39:06,0.966343005020571,5.79017698111304,1821474.03979693,347.394366969412
2026-07-04 22:39:07,1.19613994549081,5.80263620023665,1820445.29232263,338.912672285821
2026-07-04 22:39:08,1.42619968939429,5.81479281653199,1819441.99423021,330.416307106141
2026-07-04 22:39:09,1.65651610013426,5.82664564722651,1818464.18900009,321.905606226619
2026-07-04 22:39:10,1.8870830078932,5.83819353518247,1817511.91911285,313.380906776234
2026-07-04 22:39:11,2.11789419038663,5.84943534941795,1816585.22602846,304.842549168156
2026-07-04 22:39:12,2.34894338420347,5.86036998538368,1815684.15018527,296.290876516179
2026-07-04 22:39:13,2.58022388610732,5.87099637375491,1814808.73030407,287.726255016903
2026-07-04 22:39:14,2.81173014541507,5.88131344805971,1813959.00604865,279.148992529548
2026-07-04 22:39:15,3.04345538042803,5.89132019282069,1813135.0141196,270.55946038842
2026-07-04 22:39:16,3.27539316210022,5.90101561297202,1812336.79076884,261.958012461763
2026-07-04 22:39:17,3.50753702565382,5.91039874160899,1811564.37118669,253.345004985638
2026-07-04 22:39:18,3.73988047537632,5.91946864012906,1810817.78950929,244.720796295518
2026-07-04 22:39:19,3.97241696887468,5.9282243990873,1810097.0787673,236.085747630292
2026-07-04 22:39:20,4.20513993777204,5.93666513791346,1809402.27092681,227.440222054919
2026-07-04 22:39:21,4.43804237554274,5.94479002001385,1808733.39568062,218.784605558042
2026-07-04 22:39:22,4.67111844271598,5.95259819596678,1808090.485077,210.119224801355
2026-07-04 22:39:23,4.90436107001552,5.96008888810593,1807473.56666789,201.444469900908
2026-07-04 22:39:24,5.13776355436724,5.96726133543875,1806882.66799772,192.760712640663
2026-07-04 22:39:25,5.37131917194216,5.97411480719588,1806317.81551813,184.068326296493
2026-07-04 22:39:26,5.60502115904201,5.98064860382456,1805779.03452204,175.367686580873
2026-07-04 22:39:27,5.83886273437857,5.98686205641842,1805266.34920393,166.659170500055
2026-07-04 22:39:28,6.07283668708812,5.99275454728577,1804779.78100815,157.943177483055
2026-07-04 22:39:29,6.30693697939891,5.99832543161672,1804319.35498347,149.220047076652
2026-07-04 22:39:30,6.54115635696469,6.00357415386793,1803885.09037218,140.490181622018
2026-07-04 22:39:31,6.77548793388185,6.00850017181371,1803477.00677161,131.753964865509
2026-07-04 22:39:32,7.00992481546492,6.01310297463072,1803095.12268043,123.011781303002
2026-07-04 22:39:33,7.24446007507406,6.01738208439744,1802739.45538785,114.264017351917
2026-07-04 22:39:34,7.47908677696512,6.02133705510375,1802410.02106341,105.511060167556
2026-07-04 22:39:35,7.71379756528938,6.02496749869222,1802106.83266196,96.7533187589061
2026-07-04 22:39:36,7.94858626383361,6.02827298514798,1801829.90800496,87.9911416879655
2026-07-04 22:39:37,8.18344549036964,6.03125319090601,1801579.25779617,79.2249397507987
2026-07-04 22:39:38,8.41836823999698,6.0339078015714,1801354.89348992,70.4551045424016
2026-07-04 22:39:39,8.65334750601404,6.03623653507094,1801156.82542657,61.6820279127081
2026-07-04 22:39:40,8.88837626505773,6.03823914294467,1800985.06273395,52.9061027332492
2026-07-04 22:39:41,9.12344748203745,6.03991541015999,1800839.61334749,44.127722614381
2026-07-04 22:39:42,9.35855412144172,6.04126515445109,1800720.48406799,35.3472813058637
2026-07-04 22:39:43,9.5936887358593,6.04228825886076,1800627.67793875,26.5651938859951
2026-07-04 22:39:44,9.82884507007094,6.04298454629787,1800561.20437366,17.7818140822861
2026-07-04 22:39:45,10.0640156700811,6.04335396573597,1800521.06413051,8.99755745191166
2026-07-04 22:39:46,10.2991934749454,6.04339646927874,1800507.25923543,0.212819347398535
2026-07-04 22:39:47,10.5343714312412,6.04311204182413,1800519.79058954,-8.57200523768889
2026-07-04 22:39:48,10.7695424695122,6.04250070312545,1800558.65780289,-17.3565204832266
2026-07-04 22:39:49,11.0046995386175,6.04156250504986,1800623.85941527,-26.1403315151746
2026-07-04 22:39:50,11.2398351828707,6.04029757068805,1800715.38973813,-34.9230226115927
2026-07-04 22:39:51,11.4749431405898,6.0387059469482,1800833.25075149,-43.7042397255551
2026-07-04 22:39:52,11.7100159689573,6.0367878227214,1800977.43449149,-52.4835679186221
2026-07-04 22:39:53,11.9450466248407,6.03454338461367,1801147.93469201,-61.2606129607361
2026-07-04 22:39:54,12.1800280814032,6.03197285170558,1801344.74397537,-70.0349815687924
2026-07-04 22:39:55,12.4149533057074,6.0290764778451,1801567.8536625,-78.8062802654373
2026-07-04 22:39:56,12.6498152909244,6.0258545485139,1801817.25402088,-87.5741170540345
2026-07-04 22:39:57,12.8846070324672,6.02230738314998,1802092.93407109,-96.3381002215032
2026-07-04 22:39:58,13.1193211515506,6.01843537642921,1802394.87824354,-105.097818880651
2026-07-04 22:39:59,13.3539514538738,6.01423882907057,1802723.08004559,-113.852923556821
2026-07-04 22:40:00,13.5884905878246,6.00971820078816,1803077.52161132,-122.603005172759
2026-07-04 22:40:01,13.8229316171919,6.00487394111797,1803458.18736408,-131.347676353202
2026-07-04 22:40:02,14.0572676116592,5.99970653344098,1803865.0604497,-140.086550262327
2026-07-04 22:40:03,14.2914916665655,5.99421649265581,1804298.12291497,-148.819241654862
2026-07-04 22:40:04,14.5255969027377,5.98840436507974,1804757.35570516,-157.545366888745
2026-07-04 22:40:05,14.7595760673901,5.98227077776828,1805242.73465836,-166.264523271388
2026-07-04 22:40:06,14.9934230961703,5.97581624630301,1805754.24606051,-174.976369925332
2026-07-04 22:40:07,15.2271307869488,5.96904145964038,1806291.86356586,-183.680507425473
2026-07-04 22:40:08,15.4606923506159,5.96194709094456,1806855.56350158,-192.376558056899
2026-07-04 22:40:09,15.6941010243007,5.95453384440319,1807445.3210637,-201.064145828163
2026-07-04 22:40:10,15.9273500715194,5.94680245523341,1808061.1103024,-209.742896479432
2026-07-04 22:40:11,16.1604327915962,5.938753688204,1808702.90422734,-218.412438003553
2026-07-04 22:40:12,16.3933421249534,5.93038839217309,1809370.67036159,-227.072380192532
2026-07-04 22:40:13,16.626072189155,5.92170728837432,1810064.38792376,-235.722394242744
2026-07-04 22:40:14,16.8586159934254,5.91271128382908,1810784.02235562,-244.36209437309
2026-07-04 22:40:15,17.0909669593271,5.90340126350246,1811529.54218465,-252.99111659796
2026-07-04 22:40:16,17.3231185437295,5.89377814135884,1812300.91486079,-261.609099228132
2026-07-04 22:40:17,17.5550642371486,5.8838428604982,1813098.1067274,-270.215682792753
2026-07-04 22:40:18,17.7867975746901,5.87359639142222,1813921.08314391,-278.810510612981
2026-07-04 22:40:19,18.018312118696,5.86303973438259,1814769.80827569,-287.39322792495
2026-07-04 22:40:20,18.2496011053599,5.85217397431454,1815644.24059071,-295.963463557216
2026-07-04 22:40:21,18.4806589283257,5.8410000507138,1816544.35161825,-304.520906892539
2026-07-04 22:40:22,18.7114789010092,5.82951910298384,1817470.09775214,-313.065191821754
2026-07-04 22:40:23,18.9420547529855,5.81773223994917,1818421.43903216,-321.59597436858
2026-07-04 22:40:24,19.1723802547489,5.80564059722629,1819398.33444339,-330.112913236395
2026-07-04 22:40:25,19.4024492279883,5.79324533533744,1820400.74204897,-338.615670350796
2026-07-04 22:40:26,19.6322555300107,5.78054764202831,1821428.61877839,-347.103910063278
2026-07-04 22:40:27,19.8617927008552,5.7675487924328,1822481.91546998,-355.577280843937
2026-07-04 22:40:28,20.0910554318358,5.75424989874626,1823560.59737575,-364.035491513311
2026-07-04 22:40:29,20.3200373559912,5.74065228494909,1824664.61341587,-372.478196576425
2026-07-04 22:40:30,20.5487325199162,5.72675723763427,1825793.91658014,-380.905072616
2026-07-04 22:40:31,20.7771350259686,5.71256606604719,1826948.45898394,-389.315799725826
2026-07-04 22:40:32,21.0052390206152,5.69808010372066,1828128.19170993,-397.710060933488
2026-07-04 22:40:33,21.2330387060264,5.68330070632915,1829333.06495999,-406.087542785061
2026-07-04 22:40:34,21.4605283314662,5.66822925281365,1830563.02793807,-414.447934924943
2026-07-04 22:40:35,21.6877018433276,5.65286721125938,1831818.02338546,-422.790911918671
2026-07-04 22:40:36,21.9145543169755,5.63721586915244,1833098.00982301,-431.116207624754
2026-07-04 22:40:37,22.1410798024836,5.62127673720703,1834402.92819732,-439.423503321244
2026-07-04 22:40:38,22.3672727650465,5.60505127970744,1835732.72410542,-447.712502510988
2026-07-04 22:40:39,22.5931277227368,5.58854098169091,1837087.34222672,-455.982912123807
2026-07-04 22:40:40,22.8186392564677,5.57174734671909,1838466.72648155,-464.234443032265
2026-07-04 22:40:41,23.0438019935336,5.55467189976664,1839870.81976563,-472.466809206524
2026-07-04 22:40:42,23.2686102750319,5.53731625522816,1841299.55826969,-480.67971042347
2026-07-04 22:40:43,23.4930595502693,5.51968183146066,1842752.89517602,-488.872904764628
2026-07-04 22:40:44,23.7171442720568,5.50177027950307,1844230.7650125,-497.046099201367
2026-07-04 22:40:45,23.9408593040555,5.48358319664674,1845733.10741742,-505.199022762198
2026-07-04 22:40:46,24.1641995670917,5.46512219778806,1847259.86118728,-513.331408149417
2026-07-04 22:40:47,24.3871600484792,5.44638891310304,1848810.96444398,-521.442992223352
2026-07-04 22:40:48,24.6097357872119,5.42738499086586,1850386.35437256,-529.533515232774
2026-07-04 22:40:49,24.8319218871165,5.40811209417793,1851985.96746724,-537.602721511621
2026-07-04 22:40:50,25.0537131702681,5.38857197835524,1853609.73301607,-545.650341426857
2026-07-04 22:40:51,25.2751055484902,5.36876618399007,1855257.59880171,-553.676162759725
2026-07-04 22:40:52,25.4960939654774,5.34869649517526,1856929.49267636,-561.679923623742
2026-07-04 22:40:53,25.7166737712342,5.32836463373883,1858625.34814985,-569.661383971816
2026-07-04 22:40:54,25.9368403762246,5.30777233532414,1860345.09799081,-577.620307624839
2026-07-04 22:40:55,26.1565892577363,5.28692134783173,1862088.67433068,-585.556462566833
2026-07-04 22:40:56,26.3759159520705,5.26581343263365,1863856.00853452,-593.469620561349
2026-07-04 22:40:57,26.5948157295797,5.24445044259922,1865647.0245767,-601.359540226819
2026-07-04 22:40:58,26.813284922133,5.22283400244519,1867461.66603085,-609.226036151667
2026-07-04 22:40:59,27.0313189221709,5.20096598841206,1869299.85551341,-617.068874699503
2026-07-04 22:41:00,27.2489135252583,5.17884820645225,1871161.52184007,-624.887843925002
2026-07-04 22:41:01,27.4660645873916,5.15648247383086,1873046.59310815,-632.682735708312
2026-07-04 22:41:02,27.6827680314874,5.13387061684782,1874954.99686342,-640.453346119572
2026-07-04 22:41:03,27.8990198428027,5.11101447192669,1876886.65998114,-648.199475137164
2026-07-04 22:41:04,28.114815750381,5.08791596732419,1878841.50166878,-655.920910078877
2026-07-04 22:41:05,28.3301525189003,5.0645767894388,1880819.46189797,-663.617492897839
2026-07-04 22:41:06,28.5450260018295,5.04099888363008,1882820.4586818,-671.289018732245
2026-07-04 22:41:07,28.7594324475582,5.01718411822444,1884844.41668494,-678.935303969129
2026-07-04 22:41:08,28.9733681655418,4.99313436979959,1886891.25993161,-686.556168829369
2026-07-04 22:41:09,29.1868295336106,4.96885152071614,1888960.91199147,-694.151437754796
2026-07-04 22:41:10,29.3998129912783,4.94433746053494,1891053.29583316,-701.720939048046
2026-07-04 22:41:11,29.6123150475535,4.91959408345329,1893168.33401951,-709.264505275554
2026-07-04 22:41:12,29.8243319587569,4.89462337792233,1895305.94095321,-716.781956450692
2026-07-04 22:41:13,30.0358609881795,4.86942707483085,1897466.05318844,-724.273165747283
2026-07-04 22:41:14,30.246898524803,4.8440071705672,1899648.5843203,-731.737961352841
2026-07-04 22:41:15,30.4574413351678,4.81836557912551,1901853.45493795,-739.176191757568
2026-07-04 22:41:16,30.6674862471546,4.79250421923372,1904080.58509557,-746.587709258492
2026-07-04 22:41:17,30.877030161231,4.76642501070868,1906329.89460493,-753.97237053485
2026-07-04 22:41:18,31.0860700361335,4.74012987805951,1908601.30270017,-761.330035901937
2026-07-04 22:41:19,31.2946025933488,4.71362083844971,1910894.72034745,-768.660553858586
2026-07-04 22:41:20,31.5026255316416,4.6868996394096,1913210.08178549,-775.963824519244
2026-07-04 22:41:21,31.710135697433,4.65996830226228,1915547.29717748,-783.239704037587
2026-07-04 22:41:22,31.9171303109089,4.63282875783347,1917906.28430328,-790.488068659114
2026-07-04 22:41:23,32.1236066496518,4.60548294004998,1920286.96039135,-797.708798154471
2026-07-04 22:41:24,32.3295620620865,4.57793278103522,1922689.24252682,-804.901776547907
2026-07-04 22:41:25,32.5349939549211,4.55018021481628,1925113.04730602,-812.066891423379
2026-07-04 22:41:26,32.7398997992166,4.52222717482939,1927558.29103441,-819.204034251497
2026-07-04 22:41:27,32.944276837096,4.49407568759181,1930024.88144077,-826.31308504013
2026-07-04 22:41:28,33.1481232486842,4.46572749874185,1932512.75064348,-833.393973340424
2026-07-04 22:41:29,33.3514364017963,4.43718463160945,1935021.80588044,-840.446586721684
2026-07-04 22:41:30,33.5542140134579,4.40844901679831,1937551.96213707,-847.470831478346
2026-07-04 22:41:31,33.7564538692795,4.37952258057896,1940103.13434179,-854.466617977821
2026-07-04 22:41:32,33.9581538113404,4.35040724873094,1942675.23700726,-861.433859986295
2026-07-04 22:41:33,34.1593117439345,4.32110494403008,1945268.18443501,-868.372474978431
2026-07-04 22:41:34,34.3599253510382,4.29161768235767,1947881.88211973,-875.282369317041
2026-07-04 22:41:35,34.5599932207911,4.26194718908556,1950516.26095715,-882.163497154802
2026-07-04 22:41:36,34.7595131572114,4.23209547260339,1953171.22607969,-889.015771986872
2026-07-04 22:41:37,34.9584833033841,4.20206444292627,1955846.69083841,-895.839125469899
2026-07-04 22:41:38,35.1569018646698,4.17185600490557,1958542.56848198,-902.633492914743
2026-07-04 22:41:39,35.3547671034313,4.14147205957938,1961258.77202,-909.398813004085
2026-07-04 22:41:40,35.5520773381593,4.11091450412804,1963995.21421115,-916.135027731751
2026-07-04 22:41:41,35.7488306792469,4.08018532736154,1966751.79892332,-922.842068521114
2026-07-04 22:41:42,35.9450261046904,4.04928621967035,1969528.45633237,-929.519912686117
2026-07-04 22:41:43,36.1406618348654,4.01821915994666,1972325.08994445,-936.168498108316
2026-07-04 22:41:44,36.3357364216367,3.98698602236894,1975141.61205087,-942.787780394618
2026-07-04 22:41:45,36.5302484671686,3.95558867729232,1977977.93461667,-949.377718104687
2026-07-04 22:41:46,36.7241966367509,3.92402898605866,1980833.96973855,-955.938273414384
2026-07-04 22:41:47,36.9175796455602,3.89230880545938,1983709.62922688,-962.469411414039
2026-07-04 22:41:48,37.1103962650611,3.86042998498462,1986604.82484342,-968.971100429931
2026-07-04 22:41:49,37.3026450624799,3.8283944676076,1989519.459059,-975.443298298889
2026-07-04 22:41:50,37.494325435228,3.79620388824778,1992453.46180154,-981.886006811675
2026-07-04 22:41:51,37.6854360580499,3.76386017417623,1995406.73550426,-988.299189969807
2026-07-04 22:41:52,37.8759759130126,3.73136514703203,1998379.19149585,-994.682828177958
2026-07-04 22:41:53,38.0659440412985,3.69872061784917,2001370.74130457,-1001.03690517982
2026-07-04 22:41:54,38.255339531296,3.66592839149591,2004381.29624009,-1007.36140740856
2026-07-04 22:41:55,38.4441615235838,3.63299026411389,2007410.76761957,-1013.65632425538
2026-07-04 22:41:56,38.6324089617086,3.59990812557726,2010459.05725573,-1019.92163488756
2026-07-04 22:41:57,38.8200815845592,3.56668355092429,2013526.09532454,-1026.15736062666
2026-07-04 22:41:58,39.0071784358856,3.53331841153205,2016611.7837237,-1032.36348627736
2026-07-04 22:41:59,39.1936988529545,3.49981447001933,2019716.03358392,-1038.54001228291
2026-07-04 22:42:00,39.3796422282845,3.46617347702705,2022838.75630399,-1044.68694215022
2026-07-04 22:42:01,39.5650079991353,3.43239717527258,2025979.8631661,-1050.80428188023
2026-07-04 22:42:02,39.7497956463313,3.39848729970763,2029139.26531288,-1056.89203989691
2026-07-04 22:42:03,39.9340047058457,3.36444557217597,2032316.87424114,-1062.9502276476
2026-07-04 22:42:04,40.1176345176146,3.3302738113866,2035512.59144751,-1068.97884629338
2026-07-04 22:42:05,40.3006851816531,3.29597351250548,2038726.34797294,-1074.97793734673
2026-07-04 22:42:06,40.4831561279149,3.26154647398578,2041958.04545285,-1080.94750690224
2026-07-04 22:42:07,40.665047069947,3.22699437973339,2045207.59538499,-1086.88757614634
2026-07-04 22:42:08,40.8463577703283,3.19231890122995,2048474.90953227,-1092.79816891548
2026-07-04 22:42:09,41.0270880262851,3.15752170357236,2051759.89934618,-1098.67931093101
2026-07-04 22:42:10,41.2072376868265,3.12260443728001,2055062.47673888,-1104.53103070421
2026-07-04 22:42:11,41.3868064129573,3.0875688498063,2058382.54344829,-1110.35334676056
2026-07-04 22:42:12,41.5657945878179,3.05241636132161,2061720.03147055,-1116.14631604711
2026-07-04 22:42:13,41.7442019556228,3.01714869683604,2065074.84283023,-1121.90996154088
2026-07-04 22:42:14,41.9220285275366,2.9817674657668,2068446.88961586,-1127.64432040806
2026-07-04 22:42:15,42.0992743597593,2.94627426413891,2071836.08425133,-1133.34943220246
2026-07-04 22:42:16,42.2759395401613,2.91067068081126,2075242.33889633,-1139.02533813108
2026-07-04 22:42:17,42.4520242042427,2.87495828929648,2078665.56622975,-1144.67208190903
2026-07-04 22:42:18,42.6275285210189,2.83913865417306,2082105.67883223,-1150.28970900174
2026-07-04 22:42:19,42.8024524846164,2.8032134349005,2085562.57912985,-1155.87825545662
2026-07-04 22:42:20,42.9767967724264,2.76718395842694,2089036.20075912,-1161.43779379377
2026-07-04 22:42:21,43.1505614491193,2.73105186223807,2092526.44635773,-1166.96836370944
2026-07-04 22:42:22,43.3237468384161,2.69481866210957,2096033.22936138,-1172.47001866541
2026-07-04 22:42:23,43.496353291257,2.65848586656616,2099556.46293744,-1177.9428134899
2026-07-04 22:42:24,43.6683812019422,2.62205496827674,2103096.06082216,-1183.38680523974
2026-07-04 22:42:25,43.8398309955782,2.58552745018617,2106651.93672444,-1188.80205251599
2026-07-04 22:42:26,44.010702926179,2.54890489190951,2110223.99388217,-1194.18860459781
2026-07-04 22:42:27,44.180997899772,2.512188535484,2113812.16766278,-1199.54654569724
2026-07-04 22:42:28,44.3507162356177,2.47537993666011,2117416.3617042,-1204.8759283587
2026-07-04 22:42:29,44.5198584938495,2.43848053020896,2121036.49051841,-1210.17681792886
2026-07-04 22:42:30,44.6884252662745,2.40149173919034,2124672.46878946,-1215.44928130998
2026-07-04 22:42:31,44.8564171747537,2.36441497535414,2128324.21133543,-1220.69338687854
2026-07-04 22:42:32,45.0238348762066,2.3272516362748,2131991.63339439,-1225.90920473567
2026-07-04 22:42:33,45.1906788587508,2.29000321893763,2135674.63932829,-1231.09679567745
2026-07-04 22:42:34,45.3569502278805,2.2526708805612,2139373.16629652,-1236.2562537114
2026-07-04 22:42:35,45.5226495318909,2.21525609267805,2143087.11924826,-1241.38764253657
2026-07-04 22:42:36,45.6877775431673,2.17776020640709,2146816.41411333,-1246.49103777946
2026-07-04 22:42:37,45.8523350648805,2.14018455949955,2150560.96717734,-1251.5665165316
2026-07-04 22:42:38,46.0163229236397,2.10253048007978,2154320.69471075,-1256.61415695807
2026-07-04 22:42:39,46.1797419795051,2.06479928077034,2158095.51356151,-1261.63403882248
2026-07-04 22:42:40,46.3425931133767,2.02699226549241,2161885.34047661,-1266.62624281234
2026-07-04 22:42:41,46.5048770542615,1.98911083281402,2165690.08165877,-1271.59084109757
2026-07-04 22:42:42,46.6665951040222,1.9511560429116,2169509.67651221,-1276.52793685943
2026-07-04 22:42:43,46.8277480394808,1.91312927131052,2173344.03164663,-1281.43760442156
2026-07-04 22:42:44,46.9883368481898,1.87503177116677,2177193.06505213,-1286.31992935624
2026-07-04 22:42:45,47.1483625381942,1.83686478599386,2181056.69473224,-1291.17499810818
2026-07-04 22:42:46,47.3078261463892,1.79862954424201,2184934.83925972,-1296.00289844973
2026-07-04 22:42:47,47.4667287301905,1.7603272641523,2188827.41728855,-1300.80371901959
2026-07-04 22:42:48,47.6250711960838,1.72195926230163,2192734.33643704,-1305.57753988928
2026-07-04 22:42:49,47.7828549957755,1.68352651248,2196655.53846443,-1310.3244708479
2026-07-04 22:42:50,47.9400810800969,1.64503030662854,2200590.93162987,-1315.04459387183
2026-07-04 22:42:51,48.096750595621,1.60647181497899,2204540.43569595,-1319.73800143191
2026-07-04 22:42:52,48.2528647103311,1.56785219580723,2208503.9707123,-1324.40478689108
2026-07-04 22:42:53,48.4084246118512,1.5291725961776,2212481.45694499,-1329.04504441333
2026-07-04 22:42:54,48.5634315112691,1.49043414920305,2216472.81516606,-1333.6588691696
2026-07-04 22:42:55,48.7178866347334,1.45163797929745,2220477.96611673,-1338.24635687322
2026-07-04 22:42:56,48.87179106913,1.412785306877,2224496.81961484,-1342.8075951944
2026-07-04 22:42:57,49.0251464063351,1.37387701144993,2228529.32000869,-1347.34269956448
2026-07-04 22:42:58,49.1779537675994,1.33491429103485,2232575.37762686,-1351.85175897637
2026-07-04 22:42:59,49.330214456146,1.29589822182431,2236634.9145425,-1356.33487220976
2026-07-04 22:43:00,49.4819297914438,1.25682986919636,2240707.85304949,-1360.7921386507
2026-07-04 22:43:01,49.6331011134572,1.21771028481223,2244794.1159738,-1365.22365850821
2026-07-04 22:43:02,49.783729774339,1.17854051199557,2248893.62611665,-1369.62953236107
2026-07-04 22:43:03,49.9338169932559,1.13932169058675,2253006.29519658,-1374.0098529839
2026-07-04 22:43:04,50.0833644634912,1.10005461918019,2257132.07001943,-1378.36473947064
2026-07-04 22:43:05,50.2323734327731,1.06074041595135,2261270.86283688,-1382.69428557346
2026-07-04 22:43:06,50.3808453183619,1.02138007742518,2265422.59783527,-1386.99859422964
2026-07-04 22:43:07,50.5287815513477,0.981974589588592,2269587.19944342,-1391.27776882837
2026-07-04 22:43:08,50.6761835800718,0.942524925159428,2273764.59263051,-1395.53191340036
2026-07-04 22:43:09,50.8230528630015,0.903032048595835,2277954.70238155,-1399.76113221906
2026-07-04 22:43:10,50.9693907300982,0.863497022634548,2282157.44230868,-1403.96552189915
2026-07-04 22:43:11,51.1151989580169,0.823920566934554,2286372.76183796,-1408.14520413367
2026-07-04 22:43:12,51.2604789008574,0.78430372278829,2290600.57519903,-1412.3002762538
2026-07-04 22:43:13,51.4052320709214,0.744647409809494,2294840.80877393,-1416.43084423616
2026-07-04 22:43:14,51.5494599924209,0.704952536933018,2299093.38925744,-1420.53701440109
2026-07-04 22:43:15,51.6931642010414,0.66522000270143,2303358.24363415,-1424.61889337944
2026-07-04 22:43:16,51.8363462449403,0.625450694159523,2307635.29930621,-1428.67658817521
2026-07-04 22:43:17,51.9790076817295,0.585645489065909,2311924.48386267,-1432.71020599258
2026-07-04 22:43:18,52.1211499473692,0.545805364083968,2316225.7133361,-1436.71984664975
2026-07-04 22:43:19,52.2627748905159,0.505930954249633,2320538.94003469,-1440.70563346574
2026-07-04 22:43:20,52.4038839641968,0.466023217117392,2324864.08048663,-1444.66766657461
2026-07-04 22:43:21,52.5444787689613,0.426082987415293,2329201.06374872,-1448.60605426636
2026-07-04 22:43:22,52.6845609125562,0.38611109133146,2333549.81902437,-1452.52090491188
2026-07-04 22:43:23,52.8241320133457,0.346108343691668,2337910.27597989,-1456.4123271489
2026-07-04 22:43:24,52.963193697008,0.306075550517981,2342282.36447329,-1460.28042969408
2026-07-04 22:43:25,53.1017474738003,0.266013617173253,2346666.00265745,-1464.12531412672
2026-07-04 22:43:26,53.239795238106,0.225923108464892,2351061.14538819,-1467.94710424374
2026-07-04 22:43:27,53.3773385142368,0.185804910689342,2355467.71142704,-1471.74590177203
2026-07-04 22:43:28,53.5143789605572,0.145659789863723,2359885.63200837,-1475.52181595497
2026-07-04 22:43:29,53.6509182417761,0.105488503030304,2364314.83861861,-1479.27495607096
2026-07-04 22:43:30,53.7869580320683,0.065291795456316,2368755.26331538,-1483.00543160802
2026-07-04 22:43:31,53.9225000091565,0.0250704058969555,2373206.83815241,-1486.71335191277
2026-07-05 00:12:42,322.966803768218,0.0491354418201628,2374258.70935456,2059.66506801014
2026-07-05 00:12:43,323.045615998327,0.104615949058015,2368085.91265306,2058.4689039522
2026-07-05 00:12:44,323.124822163849,0.160208779252855,2361916.71958335,2057.26087816278
2026-07-05 00:12:45,323.204425283827,0.215914542994769,2355751.16579521,2056.04087928889
2026-07-05 00:12:46,323.284428400874,0.271733851292231,2349589.28747365,2054.80879482833
2026-07-05 00:12:47,323.364834591278,0.327667319608023,2343431.12089313,2053.56451083262
2026-07-05 00:12:48,323.445646753529,0.383715481118007,2337276.71191539,2052.30791794504
2026-07-05 00:12:49,323.526868421968,0.439879119935802,2331126.07948758,2051.03888813451
2026-07-05 00:12:50,323.608502555374,0.496158774031856,2324979.2701264,2049.7573093135
2026-07-05 00:12:51,323.690552342399,0.552555065849,2318836.3216546,2048.46306230975
2026-07-05 00:12:52,323.773021003521,0.609068620658732,2312697.27216211,2047.15602651665
2026-07-05 00:12:53,323.855911784727,0.665700063919685,2306562.16029162,2045.83608006902
2026-07-05 00:12:54,323.939227967959,0.722450025251544,2300431.02480686,2044.5030995332
2026-07-05 00:12:55,324.02297286172,0.779319134519846,2294303.90501533,2043.1569601686
2026-07-05 00:12:56,324.10714959356,0.83630794026356,2288180.84950028,2041.79754188106
2026-07-05 00:12:57,324.191761960196,0.893417243496664,2282061.880347,2040.42470479151
2026-07-05 00:12:58,324.276813151416,0.950647595590299,2275947.04698884,2039.03832588355
2026-07-05 00:12:59,324.36230660441,1.00799963450245,2269836.39012358,2037.63827445492
2026-07-05 00:13:00,324.448245783176,1.0654739977043,2263729.95105925,2036.22441844603
2026-07-05 00:13:01,324.534634190117,1.12307132646172,2257627.77125665,2034.79662409599
2026-07-05 00:13:02,324.621475356824,1.18079226209271,2251529.89272458,2033.35475619904
2026-07-05 00:13:03,324.708772624601,1.23863736278214,2245436.36674857,2031.89868443127
2026-07-05 00:13:04,324.796530037257,1.29660744150365,2239347.21838519,2030.42825756946
2026-07-05 00:13:05,324.884751004548,1.35470305900114,2233262.49976609,2028.9433420569
2026-07-05 00:13:06,324.973439193321,1.41292486190534,2227182.2545206,2027.44379627625
2026-07-05 00:13:07,325.062598304571,1.47127349790379,2221106.52670394,2025.92947697777
2026-07-05 00:13:08,325.15223207217,1.52974961481546,2215035.36088952,2024.40023929525
2026-07-05 00:13:09,325.242344269921,1.58835386325862,2208968.80188856,2022.85593654304
2026-07-05 00:13:10,325.332938469616,1.64708680805294,2202906.9038615,2021.29642722125
2026-07-05 00:13:11,325.424018975223,1.70594926898824,2196849.6952372,2019.72154789528
2026-07-05 00:13:12,325.515589434298,1.76494181319904,2190797.23099672,2018.13115347744
2026-07-05 00:13:13,325.607653760207,1.82406509233387,2184749.55791239,2016.52509045993
2026-07-05 00:13:14,325.700215905977,1.88331975955455,2178706.72310657,2014.90320346757
2026-07-05 00:13:15,325.793279856348,1.94270646633319,2172668.77437275,2013.26533547306
2026-07-05 00:13:16,325.886849640803,2.00222586693184,2166635.75971458,2011.61132740894
2026-07-05 00:13:17,325.980929319348,2.06187861307486,2160607.72788069,2009.94101856923
2026-07-05 00:13:18,326.075522753431,2.12166527385904,2154584.73639376,2008.2542532969
2026-07-05 00:13:19,326.170634565484,2.18158667087235,2148566.81788227,2006.55085293108
2026-07-05 00:13:20,326.266268693197,2.24164337188143,2142554.03097354,2004.83065803237
2026-07-05 00:13:21,326.362429356957,2.30183602965884,2136546.42619877,2003.09350011278
2026-07-05 00:13:22,326.459120811418,2.36216529459782,2130544.05478137,2001.33920888037
2026-07-05 00:13:23,326.55634735814,2.42263181880205,2124546.9682227,1999.5676118565
2026-07-05 00:13:24,326.654113334924,2.48323625211636,2118555.21868903,1997.77853467498
2026-07-05 00:13:25,326.75242286649,2.54397915814153,2112568.86724716,1995.97180840626
2026-07-05 00:13:26,326.851280878856,2.60486135531886,2106587.95034071,1994.14723971
2026-07-05 00:13:27,326.950691581719,2.66588340524823,2100612.53010048,1992.30465544804
2026-07-05 00:13:28,327.050659481087,2.72704595404083,2094642.66074064,1990.44387290037
2026-07-05 00:13:29,327.151189121019,2.78834964483495,2088678.39716392,1988.56470734429
2026-07-05 00:13:30,327.252285089651,2.84979511951282,2082719.79478393,1986.66697186399
2026-07-05 00:13:31,327.353952022698,2.91138301957731,2076766.90943143,1984.75047723519
2026-07-05 00:13:32,327.456194591908,2.97311398197109,2070819.79774766,1982.81503224923
2026-07-05 00:13:33,327.559017253729,3.03498855805353,2064878.5249193,1980.86045115527
2026-07-05 00:13:34,327.662425299488,3.09700755161167,2058943.13231226,1978.88652251838
2026-07-05 00:13:35,327.766423273767,3.15917150818061,2053013.68638625,1976.89305607072
2026-07-05 00:13:36,327.871016029822,3.22148105582009,2047090.24600678,1974.879851435
2026-07-05 00:13:37,327.976208464678,3.28393681900138,2041172.87069563,1972.84670595289
2026-07-05 00:13:38,328.082005526423,3.34653942060385,2035261.62042942,1970.79341445521
2026-07-05 00:13:39,328.18841220205,3.409289477809,2029356.55601399,1968.71976961162
2026-07-05 00:13:40,328.295433254535,3.47218752034593,2023457.74670367,1966.62556976602
2026-07-05 00:13:41,328.40307431821,3.53523432953394,2017565.23849252,1964.51058621384
2026-07-05 00:13:42,328.511340249986,3.59843042646164,2011679.10198922,1962.37461241203
2026-07-05 00:13:43,328.620236229269,3.66177641329816,2005799.40043873,1960.21743113436
2026-07-05 00:13:44,328.729767481935,3.72527288701839,1999926.197792,1958.03882269131
2026-07-05 00:13:45,328.839939287864,3.78892044133197,1994059.55851206,1955.83856468977
2026-07-05 00:13:46,328.950756968249,3.85271966252364,1988199.54794066,1953.61643240075
2026-07-05 00:13:47,329.062225899798,3.91667113326392,1982346.23193049,1951.37219831478
2026-07-05 00:13:48,329.174351216066,3.98077534398197,1976499.68488,1949.10564113115
2026-07-05 00:13:49,329.287138969206,4.04503303616212,1970659.95850688,1946.81651072858
2026-07-05 00:13:50,329.400594396041,4.10944468823097,1964827.12860679,1944.50458039296
2026-07-05 00:13:51,329.514723072398,4.17401085761615,1959001.26388354,1942.16961203106
2026-07-05 00:13:52,329.629530624464,4.23873209452563,1953182.43378736,1939.81136484526
2026-07-05 00:13:53,329.745022732753,4.30360894274088,1947370.70842341,1937.42959520004
2026-07-05 00:13:54,329.861205126398,4.36864193743725,1941566.15872598,1935.02405677555
2026-07-05 00:13:55,329.978083288297,4.43383152127771,1935768.86386516,1932.59450951997
2026-07-05 00:13:56,330.095663657609,4.49917838536153,1929978.88100765,1930.14068308432
2026-07-05 00:13:57,330.213951820842,4.56468295427659,1924196.29097458,1927.66233176446
2026-07-05 00:13:58,330.332953723663,4.63034573079706,1918421.16761254,1925.15919767848
2026-07-05 00:13:59,330.45267536163,4.69616720724318,1912653.58564507,1922.63102014252
2026-07-05 00:14:00,330.57312278799,4.76214786712613,1906893.62050344,1920.07753541428
2026-07-05 00:14:01,330.694302107317,4.82828818290862,1901141.34849669,1917.49847687159
2026-07-05 00:14:02,330.816219167655,4.89458853188955,1895396.85404017,1914.89358444016
2026-07-05 00:14:03,330.938880813748,4.96104953680492,1889660.20022131,1912.26256614717
2026-07-05 00:14:04,331.062293004908,5.02767155210029,1883931.47317031,1909.60515579588
2026-07-05 00:14:05,331.186462070111,5.09445500620094,1878210.75242315,1906.92107449116
2026-07-05 00:14:06,331.311394393134,5.16140031485918,1872498.11839448,1904.21004026727
2026-07-05 00:14:07,331.437096420727,5.22850788271912,1866793.6522151,1901.47176781686
2026-07-05 00:14:08,331.563574648183,5.29577809903588,1861097.43606513,1898.70596892254
2026-07-05 00:14:09,331.690835636215,5.36321134144864,1855409.55282265,1895.91235191464
2026-07-05 00:14:10,331.818885665229,5.43080788595272,1849730.09356478,1893.09063237103
2026-07-05 00:14:11,331.947732071033,5.4985682524584,1844059.12860371,1890.24049171102
2026-07-05 00:14:12,332.077381255416,5.56649268783823,1838396.75077441,1887.36163880259
2026-07-05 00:14:13,332.207840007178,5.63458150878814,1832743.04663905,1884.45376904026
2026-07-05 00:14:14,332.339115180456,5.70283501727766,1827098.10355291,1881.51657428001
2026-07-05 00:14:15,332.471213681431,5.77125349663627,1821462.00995178,1878.54974323879
2026-07-05 00:14:16,332.604142476868,5.83983721308416,1815834.85518731,1875.55296121128
2026-07-05 00:14:17,332.737908252093,5.90858633050553,1810216.73642168,1872.52592075867
2026-07-05 00:14:18,332.87251878568,5.97750125008207,1804607.73093788,1869.46827867153
2026-07-05 00:14:19,333.007980880001,6.04658209653646,1799007.93796974,1866.37972069305
2026-07-05 00:14:20,333.144301747631,6.11582906168358,1793417.45063457,1863.2599181435
2026-07-05 00:14:21,333.281488657364,6.18524231578285,1787836.36312838,1860.10853897257
2026-07-05 00:14:22,333.419548943708,6.25482200903233,1782264.7705629,1856.92524744069
2026-07-05 00:14:23,333.558489994584,6.32456826794357,1776702.76921177,1853.70970449156
2026-07-05 00:14:24,333.698319270626,6.39448119932229,1771150.45614867,1850.46156713007
2026-07-05 00:14:25,333.839043921689,6.46456079943605,1765607.93635588,1847.18050054249
2026-07-05 00:14:26,333.980672247514,6.53480729600266,1760075.29573064,1843.86613184065
2026-07-05 00:14:27,334.12321152982,6.60522063803436,1754552.64127434,1840.51811865453
2026-07-05 00:14:28,334.266669468439,6.67580083311127,1749040.07441416,1837.13610368416
2026-07-05 00:14:29,334.41105383023,6.74654786367893,1743537.69756983,1833.71972578226
2026-07-05 00:14:30,334.556372436137,6.81746168332652,1738045.61439178,1830.26862035247
2026-07-05 00:14:31,334.702633180756,6.88854222041404,1732563.92942852,1826.78241871012
2026-07-05 00:14:32,334.849843633096,6.95978928821446,1727092.75494439,1823.26076084371
2026-07-05 00:14:33,334.998012558984,7.03120292372279,1721632.18494754,1819.70324668529
2026-07-05 00:14:34,335.147147660548,7.10278288157351,1716182.33388749,1816.10950840228
2026-07-05 00:14:35,335.297257074398,7.17452896860299,1710743.31095207,1812.47916247941
2026-07-05 00:14:36,335.44834900081,7.24644095984748,1705315.22645557,1808.8118215588
2026-07-05 00:14:37,335.600431701705,7.31851859696429,1699898.19189952,1805.10709448396
2026-07-05 00:14:38,335.753513500651,7.39076158758956,1694492.31996076,1801.36458629506
2026-07-05 00:14:39,335.90760239249,7.46316952173084,1689097.7306282,1797.58391084407
2026-07-05 00:14:40,336.062707608198,7.53574220200318,1683714.52663697,1793.76464015416
2026-07-05 00:14:41,336.218837268711,7.60847914527799,1678342.83042421,1789.90638028652
2026-07-05 00:14:42,336.375999945637,7.68137991319241,1672982.75948531,1786.00872087215
2026-07-05 00:14:43,336.534204268381,7.75444402752336,1667634.43260599,1782.07124779593
2026-07-05 00:14:44,336.693458934095,7.82767097126137,1662297.96971688,1778.09354286324
2026-07-05 00:14:45,336.853772695295,7.90106018505835,1656973.49208454,1774.07518419311
2026-07-05 00:14:46,337.015154368765,7.97461106779801,1651661.12220006,1770.01574591191
2026-07-05 00:14:47,337.177612415966,8.04832289277214,1646360.98970517,1765.91481191222
2026-07-05 00:14:48,337.341156593172,8.12219513360749,1641073.20798251,1761.77192174432
2026-07-05 00:14:49,337.505795487705,8.19622697369655,1635797.90924886,1757.58665134256
2026-07-05 00:14:50,337.671538146986,8.27041762926531,1630535.22129301,1753.35855965348
2026-07-05 00:14:51,337.838393685651,8.34476627017413,1625285.27309183,1749.08720150148
2026-07-05 00:14:52,338.006371269464,8.41927201525158,1620048.19506341,1744.77212810009
2026-07-05 00:14:53,338.175480126276,8.49393393349572,1614824.11890339,1740.41288669248
2026-07-05 00:14:54,338.345729106604,8.56875096090832,1609613.18326871,1736.00903512212
2026-07-05 00:14:55,338.5171284046,8.64372222059196,1604415.51149703,1731.56008475132
2026-07-05 00:14:56,338.689686988763,8.71884654081439,1599231.24498588,1727.06558563475
2026-07-05 00:14:57,338.863414300899,8.79412277237517,1594060.52104625,1722.52507021695
2026-07-05 00:14:58,339.038319844732,8.86954971003937,1588903.47828631,1717.93806695694
2026-07-05 00:14:59,339.214413170309,8.94512608837213,1583760.25681049,1713.30410084505
2026-07-05 00:15:00,339.391703883908,9.02085058223376,1578630.99809766,1708.62269307194
2026-07-05 00:15:01,339.570201638943,9.09672180396141,1573515.84510331,1703.89336133655
2026-07-05 00:15:02,339.749915686986,9.17273822437347,1568414.94744078,1699.11563494801
2026-07-05 00:15:03,339.930856682253,9.24889848411618,1563328.44049046,1694.2889941584
2026-07-05 00:15:04,340.113033975761,9.32520092236914,1558256.47682937,1689.41296110446
2026-07-05 00:15:05,340.296457408923,9.40164388775365,1553199.20531571,1684.48703956009
2026-07-05 00:15:06,340.481136876679,9.47822566068967,1548156.7761999,1679.51072961107
2026-07-05 00:15:07,340.667082305802,9.55494444836361,1543129.34135942,1674.4835283959
2026-07-05 00:15:08,340.854303677464,9.63179838702614,1538117.05405005,1669.40492934928
2026-07-05 00:15:09,341.042810534397,9.70878546129321,1533120.07401911,1664.2744389929
2026-07-05 00:15:10,341.232613866025,9.78590380661863,1528138.54786079,1659.09151278052
2026-07-05 00:15:11,341.423723299862,9.86315125383846,1523172.63837843,1653.85565066781
2026-07-05 00:15:12,341.61614895676,9.94052562848468,1518222.50509394,1648.56633403553
2026-07-05 00:15:13,341.809901001371,10.0180246761134,1513288.30898726,1643.22304098153
2026-07-05 00:15:14,342.004989618119,10.0956460571426,1508370.21272015,1637.82524716221
2026-07-05 00:15:15,342.201425034123,10.1733873488171,1503468.38040568,1632.37242502301
2026-07-05 00:15:16,342.399217494822,10.2512460400309,1498582.97782833,1626.86404465706
2026-07-05 00:15:17,342.598376780141,10.3292194588501,1493714.17683394,1621.29959054136
2026-07-05 00:15:18,342.79891417167,10.407305060372,1488862.13733172,1615.67849363452
2026-07-05 00:15:19,343.000839491997,10.4854999883846,1484027.0344591,1610.00023358753
2026-07-05 00:15:20,343.204163080472,10.5638013660798,1479209.04035906,1604.26427060603
2026-07-05 00:15:21,343.408895285748,10.6422062194039,1474408.32884661,1598.47006298397
2026-07-05 00:15:22,343.615046474618,10.7207114765312,1469625.07532809,1592.61706682207
2026-07-05 00:15:23,343.822627022107,10.7993139651456,1464859.45685344,1586.70473641056
2026-07-05 00:15:24,344.031646792521,10.8780103410445,1460111.65628445,1580.7325424129
2026-07-05 00:15:25,344.242117202163,10.9567973641162,1455381.84561044,1574.699899772
2026-07-05 00:15:26,344.45404812448,11.0356714790982,1450670.21103446,1568.60627592643
2026-07-05 00:15:27,344.667449946279,11.1146290924353,1445976.93619271,1562.45111901036
2026-07-05 00:15:28,344.882333053612,11.1936665007219,1441302.20634921,1556.23387584687
2026-07-05 00:15:29,345.098707812537,11.2727798866684,1436646.20851623,1549.95399266985
2026-07-05 00:15:30,345.316584591855,11.35196532043,1432009.13125853,1543.61091437045
2026-07-05 00:15:31,345.535973202493,11.4312186900532,1427391.16860675,1537.2041044083
2026-07-05 00:15:32,345.756885033038,11.5105359592132,1422792.50499533,1530.7329692161
2026-07-05 00:15:33,345.979329857369,11.589912776369,1418213.33783256,1524.19697128113
2026-07-05 00:15:34,346.203317950937,11.6693447324535,1413653.86240303,1517.5955543123
2026-07-05 00:15:35,346.428859562915,11.7488272940209,1409114.27563845,1510.92816195871
2026-07-05 00:15:36,346.655964895614,11.8283557997017,1404594.77620074,1504.19423861339
2026-07-05 00:15:37,346.884644126102,11.9079254608584,1400095.56432627,1497.39322869769
2026-07-05 00:15:38,347.114907376112,11.9875313566574,1395616.84198642,1490.52457780133
2026-07-05 00:15:39,347.346764165633,12.0671683751293,1391158.8160471,1483.58775240932
2026-07-05 00:15:40,347.580225624877,12.1468314458094,1386721.68519629,1476.58216044172
2026-07-05 00:15:41,347.815301162038,12.2265151836931,1382305.65967934,1469.50727107456
2026-07-05 00:15:42,348.052000679903,12.3062141246111,1377910.94804078,1462.36253519221
2026-07-05 00:15:43,348.290333999166,12.3859226620177,1373537.76053853,1455.14740617502
2026-07-05 00:15:44,348.530310881541,12.4656350479498,1369186.30897605,1447.86133914561
2026-07-05 00:15:45,348.771940997273,12.5453453883239,1364856.80684527,1440.50379222453
2026-07-05 00:15:46,349.015233354932,12.6250475894772,1360549.47208305,1433.07424739442
2026-07-05 00:15:47,349.260198604972,12.7047355686053,1356264.51564785,1425.57212668915
2026-07-05 00:15:48,349.506845563543,12.7844029309891,1352002.15878074,1417.99691882951
2026-07-05 00:15:49,349.755183529792,12.8640431843025,1347762.62134686,1410.34809499934
2026-07-05 00:15:50,350.005221680555,12.9436496807322,1343546.12484796,1402.62513095578
2026-07-05 00:15:51,350.256969078728,13.0232156166357,1339352.8923336,1394.82750682422
2026-07-05 00:15:52,350.510434672725,13.1027340311534,1335183.14837046,1386.95470721347
2026-07-05 00:15:53,350.765627264369,13.1821978027146,1331037.11912282,1379.00622250467
2026-07-05 00:15:54,351.022554929909,13.2615996047058,1326915.03453734,1370.98157036836
2026-07-05 00:15:55,351.281227393239,13.3409320828758,1322817.11908757,1362.88020814528
2026-07-05 00:15:56,351.541652431771,13.4201875822847,1318743.60579186,1354.70166575326
2026-07-05 00:15:57,351.80383826058,13.4993583281243,1314694.72676107,1346.44545774968
2026-07-05 00:15:58,352.067792924581,13.5784363785014,1310670.71555397,1338.11110589098
2026-07-05 00:15:59,352.33352430487,13.6574136238308,1306671.80712088,1329.69813900744
2026-07-05 00:16:00,352.601040082715,13.7362817839429,1302698.23786525,1321.20609446881
2026-07-05 00:16:01,352.870347140531,13.8150323720726,1298750.24735443,1312.63454075083
2026-07-05 00:16:02,353.141454015263,13.8936568409877,1294828.07095922,1303.98298568892
2026-07-05 00:16:03,353.414367178254,13.9721463579952,1290931.95100731,1295.25101584458
2026-07-05 00:16:04,353.689093509274,14.0504919551935,1287062.1292048,1286.43820407498
2026-07-05 00:16:05,353.965639648808,14.1286844896377,1283218.84856104,1277.54413389177
2026-07-05 00:16:06,354.244012023039,14.2067146446314,1279402.35326244,1268.56839865715
2026-07-05 00:16:07,354.524216795141,14.2845729269007,1275612.88875241,1259.51060354879
2026-07-05 00:16:08,354.806259248526,14.3622496402791,1271850.70294143,1250.37038910676
2026-07-05 00:16:09,355.090146320463,14.4397349969029,1268116.04080513,1241.14733528368
2026-07-05 00:16:10,355.375882757214,14.5170189463918,1264409.15257298,1231.84110732885
2026-07-05 00:16:11,355.663473670953,14.5940912915867,1260730.28810321,1222.45135905371
2026-07-05 00:16:12,355.952923872513,14.6709416586238,1257079.69829401,1212.9777582472
2026-07-05 00:16:13,356.244237875985,14.7475594978012,1253457.63501292,1203.41998664716
2026-07-05 00:16:14,356.537419896402,14.8239340842213,1249864.35104306,1193.77774017348
2026-07-05 00:16:15,356.832473810502,14.9000545174213,1246300.10008244,1184.05073057668
2026-07-05 00:16:16,357.12940251555,14.9759097072213,1242765.1373854,1174.23871026952
2026-07-05 00:16:17,357.428210549699,15.0514884391454,1239259.71672734,1164.34137165844
2026-07-05 00:16:18,357.728900116357,15.1267792756736,1235784.09498254,1154.35850018207
2026-07-05 00:16:19,358.031473717961,15.2017706255035,1232338.52891612,1144.28987321749
2026-07-05 00:16:20,358.335933482124,15.276450727813,1228923.27592946,1134.13528613143
2026-07-05 00:16:21,358.642281167147,15.3508076539402,1225538.59400339,1123.89455221256
2026-07-05 00:16:22,358.950518119929,15.4248293088148,1222184.74165976,1113.56750445446
2026-07-05 00:16:23,359.260644616278,15.4985034290825,1218861.97807785,1103.15402141333
2026-07-05 00:16:24,359.572662555103,15.5718176039842,1215570.56219974,1092.65392242523
2026-07-05 00:16:25,359.886571370018,15.644759246907,1212310.75405384,1082.06712691677
2026-07-05 00:16:26,0.202370739582685,15.7173156205575,1209082.8136812,1071.39354909568
2026-07-05 00:16:27,0.520059891781891,15.7894738335863,1205887.00135221,1060.63312514983
2026-07-05 00:16:28,0.839637612914859,15.8612208436953,1202723.57749997,1049.78581304725
2026-07-05 00:16:29,1.16110219529797,15.9325434612947,1199592.80263824,1038.8515947373
2026-07-05 00:16:30,1.48445148016126,16.0034283527029,1196494.93730803,1027.8304746098
2026-07-05 00:16:31,1.8096821026641,16.0738620547653,1193430.24153967,1016.72250944712
2026-07-05 00:16:32,2.13679230523016,16.1438309382616,1190398.97653629,1005.52769749012
2026-07-05 00:16:33,2.46577772058153,16.2133212701985,1187401.40208989,994.246145008638
2026-07-05 00:16:34,2.79663415688859,16.282319181715,1184437.77809206,982.877956564593
2026-07-05 00:16:35,3.12935690858183,16.3508106812443,1181508.36409348,971.423262324194
2026-07-05 00:16:36,3.46394070598004,16.4187816602715,1178613.41919442,959.882220184335
2026-07-05 00:16:37,3.80037974108613,16.4862178979334,1175753.20199414,948.255014881557
2026-07-05 00:16:38,4.1386669386324,16.5531050918009,1172927.96945199,936.541887248354
2026-07-05 00:16:39,4.47879679065795,16.6194287658177,1170137.98090778,924.743021098534
2026-07-05 00:16:40,4.82076106184126,16.6851744205118,1167383.49194709,912.858714837184
2026-07-05 00:16:41,5.16455165603534,16.750327444858,1164664.75828417,900.889267164961
2026-07-05 00:16:42,5.51015987231994,16.81487314644,1161982.03468346,888.835006871764
2026-07-05 00:16:43,5.85757640708831,16.8787967580803,1159335.57488001,876.696292866499
2026-07-05 00:16:44,6.20679133929489,16.9420834451918,1156725.63147959,864.473514872761
2026-07-05 00:16:45,6.55779414042111,17.0047183121981,1154152.4559062,852.167093125633
2026-07-05 00:16:46,6.91057290557234,17.0666864551953,1151616.29648242,839.777509591776
2026-07-05 00:16:47,7.26511728960592,17.1279727980525,1149117.40530972,827.30518925022
2026-07-05 00:16:48,7.62141412117318,17.1885623526581,1146656.02792856,814.750677581909
2026-07-05 00:16:49,7.97945030201874,17.2484400624716,1144232.40992683,802.11452343093
2026-07-05 00:16:50,8.3392120796161,17.3075908513758,1141846.79520508,789.397308473748
2026-07-05 00:16:51,8.70068503576648,17.3659996330664,1139499.42585748,776.599647755638
2026-07-05 00:16:52,9.06385409873419,17.4236513186688,1137190.54213181,763.722189255478
2026-07-05 00:16:53,9.42870276649872,17.480530889136,1134920.37983627,750.765645734507
2026-07-05 00:16:54,9.79521609280584,17.5366231636099,1132689.17977977,737.730672640084
2026-07-05 00:16:55,10.1633762278054,17.5919131646639,1130497.17359655,724.618050494412
2026-07-05 00:16:56,10.5331653790005,17.6463858944342,1128344.59291004,711.428563916051
2026-07-05 00:16:57,10.9045650667654,17.7000264024065,1126231.66694502,698.163032065682
2026-07-05 00:16:58,11.2775561240075,17.7528197960365,1124158.62241389,684.822308698955
2026-07-05 00:16:59,11.6521186907493,17.8047512512686,1122125.68341371,671.407282403767
2026-07-05 00:17:00,12.0282314752937,17.8558061009536,1120133.06832183,657.918907172879
2026-07-05 00:17:01,12.4058747293293,17.9059695359802,1118181.00165823,644.358079441777
2026-07-05 00:17:02,12.7850257749114,17.9552270778534,1116269.69613284,630.725822908068
2026-07-05 00:17:03,13.1656619921254,18.0035642841226,1114399.36437106,617.023165128954
2026-07-05 00:17:04,13.5477600639144,18.0509668365898,1112570.21582909,603.251168694629
2026-07-05 00:17:05,13.9312959994544,18.0974205503098,1110782.4567794,589.410930244584
2026-07-05 00:17:06,14.3162451136616,18.1429113875813,1109036.29010894,575.503581293489
2026-07-05 00:17:07,14.7025820490856,18.187425467172,1107331.91530234,561.530287290211
2026-07-05 00:17:08,15.0902800191044,18.2309491774826,1105669.52450611,547.49227923695
2026-07-05 00:17:09,15.479313808896,18.2734687911097,1104049.3174111,533.390728184698
2026-07-05 00:17:10,15.8696553018952,18.3149710657581,1102471.47889459,519.226932144895
2026-07-05 00:17:11,16.2612764649319,18.3554428668697,1100936.19362063,505.002191327375
2026-07-05 00:17:12,16.6541486149953,18.3948712749727,1099443.64231927,490.717838694497
2026-07-05 00:17:13,17.0482424227012,18.4332435982841,1097994.00164919,476.375239758674
2026-07-05 00:17:14,17.44352793733,18.470547381174,1096587.44421419,461.975791443999
2026-07-05 00:17:15,17.8399738208864,18.5067705400636,1095224.13385186,447.520954362866
2026-07-05 00:17:16,18.2375503633321,18.5419008963555,1093904.24328808,433.012125442753
2026-07-05 00:17:17,18.6362250198122,18.5759268953779,1092627.92777532,418.450826167392
2026-07-05 00:17:18,19.0359653929258,18.608837150548,1091395.34234375,403.838576673368
2026-07-05 00:17:19,19.4367385076691,18.6406205694018,1090206.63743593,389.176926221587
2026-07-05 00:17:20,19.8385108192288,18.6712663654864,1089061.95877912,374.467452766063
2026-07-05 00:17:21,20.2412482447697,18.7007640655814,1087961.44742424,359.71176149
2026-07-05 00:17:22,20.6449161458537,18.729103525996,1086905.23944615,344.911485441347
2026-07-05 00:17:23,21.0494786336706,18.7562750797394,1085893.46086237,330.068315070099
2026-07-05 00:17:24,21.4549015297052,18.7822689827435,1084926.24814187,315.183871795248
2026-07-05 00:17:25,21.8611479488778,18.8070762672853,1084003.71729983,300.259896245776
2026-07-05 00:17:26,22.2681812672079,18.8306881931906,1083125.98422748,285.298121609279
2026-07-05 00:17:27,22.6759644191782,18.8530963920983,1082293.15967649,270.300303431956
2026-07-05 00:17:28,23.0844598955563,18.8742928807648,1081505.34902536,255.268219580611
2026-07-05 00:17:29,23.4936297791543,18.8942700656056,1080762.65235475,240.203668556716
2026-07-05 00:17:30,23.9034350277342,18.9130209151498,1080065.15844098,225.108500241815
2026-07-05 00:17:31,24.3138384007591,18.9305383236661,1079412.96798901,209.98448975567
2026-07-05 00:17:32,24.7248001335497,18.9468160765247,1078806.15891822,194.833523462774
2026-07-05 00:17:33,25.1362808431262,18.9618482249228,1078244.80918493,179.6574738161
2026-07-05 00:17:34,25.5482408504976,18.9756292444769,1077728.99122605,164.458228335462
2026-07-05 00:17:35,25.9606401794343,18.9881540467967,1077258.77171298,149.237689504279
2026-07-05 00:17:36,26.3734385978715,18.9994179808151,1076834.21166243,133.997772824132
2026-07-05 00:17:37,26.7865956245642,19.0094168417315,1076455.36626002,118.740406361593
2026-07-05 00:17:38,27.2000698638352,19.01814705488,1076122.27838803,103.467559533472
2026-07-05 00:17:39,27.6138218432885,19.0256049529756,1075835.00470671,88.181119558996
2026-07-05 00:17:40,28.027809793227,19.0317878711601,1075593.57641675,72.8830747529052
2026-07-05 00:17:41,28.4419925195899,19.0366934210132,1075398.02543595,57.5753895183898
2026-07-05 00:17:42,28.8563286997486,19.040319679371,1075248.37768956,42.2600347795189
2026-07-05 00:17:43,29.2707769247881,19.0426651857771,1075144.65326303,26.9389859735127
2026-07-05 00:17:44,29.6852957106018,19.0437289478505,1075086.86625618,11.614222400376
2026-07-05 00:17:45,30.0998428443718,19.0435106420597,1075075.01761522,-3.71224426397922
2026-07-05 00:17:46,30.5143781612519,19.042009809734,1075109.1239798,-19.0384918878091
2026-07-05 00:17:47,30.9288594276855,19.0392270630658,1075189.17443977,-34.3625075799964
2026-07-05 00:17:48,31.343245144267,19.0351632795108,1075315.15941013,-49.682310680896
2026-07-05 00:17:49,31.757493862847,19.0298198051588,1075487.06331067,-64.9959230087572
2026-07-05 00:17:50,32.1715642114168,19.023198453929,1075704.86455227,-80.3013700988631
2026-07-05 00:17:51,32.5854149418979,19.0153014979819,1075968.53582391,-95.5966834731188
2026-07-05 00:17:52,32.9990042667093,19.0061318920912,1076278.03595765,-110.879871444166
2026-07-05 00:17:53,33.4122925363083,18.9956923989104,1076633.34127374,-126.14903766238
2026-07-05 00:17:54,33.8252383114863,18.9839868792166,1077034.39912493,-141.40220763011
2026-07-05 00:17:55,34.2378010039808,18.971019435235,1077481.15855597,-156.637445542096
2026-07-05 00:17:56,34.6499402711903,18.9567946097408,1077973.56302462,-171.852827700124
2026-07-05 00:17:57,35.061616008161,18.9413173922368,1078511.55003728,-187.046442290129
2026-07-05 00:17:58,35.4727884038685,18.9245932016839,1079095.05161609,-202.216392025349
2026-07-05 00:17:59,35.8834179348539,18.9066278912849,1079723.99395837,-217.360793987938
2026-07-05 00:18:00,36.2934647734609,18.8874279727217,1080398.28913743,-232.477753319841
2026-07-05 00:18:01,36.7028913289511,18.8669996674694,1081117.86923926,-247.56547684697
2026-07-05 00:18:02,37.1116584721452,18.8453503137375,1081882.6352601,-262.622104626657
2026-07-05 00:18:03,37.5197281058756,18.8224874131906,1082692.49136699,-277.645824800917
2026-07-05 00:18:04,37.9270625226446,18.79841886784,1083547.33610506,-292.634845059269
2026-07-05 00:18:05,38.3336244577195,18.7731529590428,1084447.06292223,-307.587395122515
2026-07-05 00:18:06,38.7393770801678,18.7466983501964,1085391.55982354,-322.501726441995
2026-07-05 00:18:07,39.1442834267427,18.719064321517,1086380.70052469,-337.376086798737
2026-07-05 00:18:08,39.5483088139734,18.690259764834,1087414.38093063,-352.208829082248
2026-07-05 00:18:09,39.9514172486311,18.6602946695314,1088492.46456383,-366.998249685757
2026-07-05 00:18:10,40.3535738643888,18.6291791129032,1089614.81915943,-381.74269832952
2026-07-05 00:18:11,40.754744319271,18.5969235041996,1090781.30746503,-396.440551034908
2026-07-05 00:18:12,41.1548948111804,18.5635385749361,1091991.78729784,-411.090210892746
2026-07-05 00:18:13,41.5539921132875,18.5290353585238,1093246.11199085,-425.690109756158
2026-07-05 00:18:14,41.9520035545003,18.4934251944591,1094544.12992776,-440.238707427567
2026-07-05 00:18:15,42.3488965069006,18.4567199655534,1095885.67540541,-454.734468359521
2026-07-05 00:18:16,42.7446406072505,18.4189310500589,1097270.60723456,-469.175962927296
2026-07-05 00:18:17,43.1392044243615,18.3800708735772,1098698.75080527,-483.561715720676
2026-07-05 00:18:18,43.5325577139466,18.3401518523555,1100169.93696546,-497.890308257733
2026-07-05 00:18:19,43.924670850547,18.2991866508091,1101683.99214013,-512.160353174316
2026-07-05 00:18:20,44.3155148626413,18.2571881569039,1103240.73891819,-526.370495888107
2026-07-05 00:18:21,44.7050614155874,18.2141694831311,1104839.99568036,-540.519413862764
2026-07-05 00:18:22,45.0932823146552,18.1701442189202,1106481.56670869,-554.60579375009
2026-07-05 00:18:23,45.4801515890613,18.1251253387491,1108165.28311974,-568.628427366069
2026-07-05 00:18:24,45.8656423678918,18.0791268122294,1109890.94170769,-582.586067964908
2026-07-05 00:18:25,46.2497289823258,18.032162509452,1111658.34592922,-596.477526981542
2026-07-05 00:18:26,46.6323864321988,17.9842464676747,1113467.2955053,-610.301649498066
2026-07-05 00:18:27,47.013590413151,17.9353928663897,1115317.58703473,-624.057315538616
2026-07-05 00:18:28,47.3933172953825,17.8856160288846,1117209.01360021,-637.743439111554
2026-07-05 00:18:29,47.7715436597991,17.8349306814539,1119141.35441894,-651.358946591698
2026-07-05 00:18:30,48.148248225742,17.7833508336358,1121114.4177179,-664.902866491031
2026-07-05 00:18:31,48.5234089479676,17.7308914317178,1123127.97665569,-678.374194367521
2026-07-05 00:18:32,48.8970049639826,17.6775672354755,1125181.81227533,-691.771983418262
2026-07-05 00:18:33,49.2690160924199,17.6233930933137,1127275.70259223,-705.095321144968
2026-07-05 00:18:34,49.639422856003,17.5683839174431,1129409.42324551,-718.343330420494
2026-07-05 00:18:35,50.0082064592373,17.5125546851389,1131582.74713934,-731.51516845557
2026-07-05 00:18:36,50.3753487874552,17.4559204288189,1133795.44452293,-744.610026722174
2026-07-05 00:18:37,50.7408319866729,17.398496495439,1136047.27239209,-757.627111109763
2026-07-05 00:18:38,51.1046401952385,17.340297418485,1138338.01890893,-770.565723668626
2026-07-05 00:18:39,51.4667569061642,17.2813385996175,1140667.43651343,-783.42513811198
2026-07-05 00:18:40,51.8271667302443,17.2216351682589,1143035.28676685,-796.20468296468
2026-07-05 00:18:41,52.1858549452962,17.1612022566542,1145441.32920402,-808.90372028813
2026-07-05 00:18:42,52.5428075025977,17.1000549827412,1147885.32175211,-821.521645964809
2026-07-05 00:18:43,52.8980109961731,17.0382084585175,1150367.02013056,-834.05788820888
2026-07-05 00:18:44,53.2514522883875,16.975678045583,1152886.16717591,-846.511889589182
2026-07-05 00:18:45,53.6031200849578,16.9124782186857,1155442.53884207,-858.883182461876
2026-07-05 00:18:46,53.9530025212404,16.8486242671983,1158035.87479141,-871.171273374267
2026-07-05 00:18:47,54.3010887715648,16.7841311436677,1160665.92492795,-883.3757200297
2026-07-05 00:18:48,54.647368632408,16.7190137440374,1163332.43780605,-895.496111335705
2026-07-05 00:18:49,54.991832526039,16.6532868919813,1166035.16106128,-907.532067536485
2026-07-05 00:18:50,55.3344714680593,16.5869653494281,1168773.84076641,-919.483238626079
2026-07-05 00:18:51,55.67527709038,16.5200637868167,1171548.22246598,-931.349305398103
2026-07-05 00:18:52,56.0142412492735,16.4525970821415,1174358.03840793,-943.129960305057
2026-07-05 00:18:53,56.3513574630337,16.3845791563248,1177203.056315,-954.824977620232
2026-07-05 00:18:54,56.6866187448432,16.3160246904283,1180083.0071002,-966.434107615266
2026-07-05 00:18:55,57.020019026168,16.2469479790757,1182997.63279815,-977.957145977217
2026-07-05 00:18:56,57.351552804465,16.1773631962575,1185946.6752806,-989.393916592313
2026-07-05 00:18:57,57.6812151097082,16.1072844098002,1188929.87549236,-1000.74426986247
2026-07-05 00:18:58,58.0090015125123,16.0367255610724,1191946.97417609,-1012.00808307099
2026-07-05 00:18:59,58.3349077896946,15.9657007490301,1194997.69941955,-1023.18524369108
2026-07-05 00:19:00,58.6589311953579,15.8942230847249,1198081.8161759,-1034.27571269968
2026-07-05 00:19:01,58.9810685164232,15.8223064036026,1201199.05202314,-1045.27942769457
2026-07-05 00:19:02,59.3013173590649,15.7499641142595,1204349.14684086,-1056.19636689952
2026-07-05 00:19:03,59.6196758126962,15.6772094816396,1207531.8404819,-1067.02653241155
2026-07-05 00:19:04,59.9361424389945,15.6040556234722,1210746.87283889,-1077.76994962826
2026-07-05 00:19:05,60.2507162596648,15.5305155084356,1213993.98384271,-1088.42666660403
2026-07-05 00:19:06,60.5633967535576,15.4566019457193,1217272.91385279,-1098.99675387343
2026-07-05 00:19:07,60.8741835502298,15.3823278806353,1220583.39029116,-1109.48028873617
2026-07-05 00:19:08,61.1830775639242,15.3077052374944,1223925.17959609,-1119.87741333223
2026-07-05 00:19:09,61.490079271423,15.2327466371712,1227298.01005209,-1130.18824646481
2026-07-05 00:19:10,61.7951898442286,15.1574642508512,1230701.62315477,-1140.41294148131
2026-07-05 00:19:11,62.0984108546364,15.0818700800908,1234135.76103361,-1150.55167123946
2026-07-05 00:19:12,62.3997442555762,15.0059759645527,1237600.16606915,-1160.60462706222
2026-07-05 00:19:13,62.6991923850947,14.9297935650787,1241094.58164699,-1170.57201893971
2026-07-05 00:19:14,62.9967576916701,14.8533346613522,1244618.73830062,-1180.4540610324
2026-07-05 00:19:15,63.2924437319427,14.7766100084485,1248172.40684103,-1190.25102434832
2026-07-05 00:19:16,63.5862536539028,14.6996310364994,1251755.31945731,-1199.96315672207
2026-07-05 00:19:17,63.8781911917592,14.6224087187977,1255367.22220055,-1209.59073525545
2026-07-05 00:19:18,64.1682604076956,14.5449538496741,1259007.86213031,-1219.13405269757
2026-07-05 00:19:19,64.4564656733289,14.4672770533887,1262676.98691086,-1228.593416471
2026-07-05 00:19:20,64.7428116714448,14.3893887696677,1266374.34551921,-1237.96914876916
2026-07-05 00:19:21,65.0273031593007,14.3112995442581,1270099.67429083,-1247.2615736133
2026-07-05 00:19:22,65.3099458321837,14.2330189106475,1273852.75073178,-1256.47106414007
2026-07-05 00:19:23,65.5907450048306,14.1545570591925,1277633.31338198,-1265.59797052961
2026-07-05 00:19:24,65.8697064777976,14.0759237249969,1281441.11521396,-1274.64266732881
2026-07-05 00:19:25,66.1468363088926,13.9971284661164,1285275.91035099,-1283.60554098434
2026-07-05 00:19:26,66.4221408023396,13.9181806644251,1289137.45407847,-1292.48698930209
2026-07-05 00:19:27,66.6956265002305,13.8390895271507,1293025.50282577,-1301.28742095922
2026-07-05 00:19:28,66.9673001771866,13.7598640810164,1296939.81451947,-1310.00725526464
2026-07-05 00:19:29,67.2371686422515,13.6805134569247,1300880.13439,-1318.64691074916
2026-07-05 00:19:30,67.5052394673377,13.601045792046,1304846.24998988,-1327.20684720813
2026-07-05 00:19:31,67.7715198758436,13.5214698667893,1308837.90944016,-1335.68750177941
2026-07-05 00:19:32,68.0360174697568,13.4417940194087,1312854.87569626,-1344.08933077323
2026-07-05 00:19:33,68.2987400385835,13.3620264166313,1316896.91313522,-1352.41279873411
2026-07-05 00:19:34,68.5596955500132,13.2821750570628,1320963.78746733,-1360.65837793907
2026-07-05 00:19:35,68.8188921455488,13.2022477659498,1325055.26609373,-1368.82654820969
2026-07-05 00:19:36,69.0763379718096,13.1222524750652,1329171.10367351,-1376.91778666923
2026-07-05 00:19:37,69.3320417984915,13.0421961469089,1333311.09799632,-1384.93260549629
2026-07-05 00:19:38,69.5860120750446,12.9620863801449,1337475.00693943,-1392.87149457034
2026-07-05 00:19:39,69.8382575483015,12.8819303458184,1341662.60358576,-1400.73495904893
2026-07-05 00:19:40,70.0887870992416,12.8017350535219,1345873.66257554,-1408.52350953957
2026-07-05 00:19:41,70.3376097355248,12.7215073550448,1350107.96001733,-1416.2376616853
2026-07-05 00:19:42,70.5847345875002,12.6412539397526,1354365.2738401,-1423.87793601125
2026-07-05 00:19:43,70.8301708957126,12.5609813479561,1358645.38318931,-1431.44485720021
2026-07-05 00:19:44,71.0739278854023,12.4806962231035,1362948.0548911,-1438.93894581341
2026-07-05 00:19:45,71.3160152597803,12.4004042745118,1367273.09958517,-1446.36075112186
2026-07-05 00:19:46,71.5564424358212,12.3201118445828,1371620.28730628,-1453.71080065868
2026-07-05 00:19:47,71.7952190473195,12.2398248684896,1375989.40363414,-1460.98963342823
2026-07-05 00:19:48,72.0323548123471,12.1595491311392,1380380.23598804,-1468.1977913439
2026-07-05 00:19:49,72.2678595248551,12.0792902767201,1384792.57321984,-1475.33581872054
2026-07-05 00:19:50,72.5017430523776,11.9990538041414,1389226.20598123,-1482.4042622005
2026-07-05 00:19:51,72.7340152277638,11.9188453279835,1393680.91222511,-1489.40366295864
2026-07-05 00:19:52,72.9646862491619,11.8386695624237,1398156.51418412,-1496.33458604886
2026-07-05 00:19:53,73.1937660651274,11.7585318456157,1402652.79329172,-1503.19757573353
2026-07-05 00:19:54,73.4212647770844,11.6784371319072,1407169.5465516,-1509.99318479514
2026-07-05 00:19:55,73.64719253529,11.5983902385566,1411706.57290868,-1516.72196711074
2026-07-05 00:19:56,73.8715595310067,11.518395856215,1416263.67277555,-1523.38447718026
2026-07-05 00:19:57,74.0943759934381,11.4384585450647,1420840.64837265,-1529.9812700505
2026-07-05 00:19:58,74.3156521068384,11.3585829887565,1425437.28911135,-1536.51289448091
2026-07-05 00:19:59,74.5353983213793,11.2787730040008,1430053.42913933,-1542.97991895777
2026-07-05 00:20:00,74.7536248730232,11.1990330277965,1434688.8613386,-1549.38289210612
2026-07-05 00:20:01,74.9703420987956,11.1193671313865,1439343.39447233,-1555.72236878387
2026-07-05 00:20:02,75.1855603532325,11.039779267759,1444016.83900818,-1561.99890334649
2026-07-05 00:20:03,75.3992900043726,10.9602732756456,1448709.00700273,-1568.21304942207
2026-07-05 00:20:04,75.6115414309799,10.8808528758388,1453419.71244127,-1574.36535986243
2026-07-05 00:20:05,75.8223250169595,10.8015216837436,1458148.77061045,-1580.45638633042
2026-07-05 00:20:06,76.0316510954469,10.7222834428954,1462895.98409708,-1586.48667369683
2026-07-05 00:20:07,76.2395301659533,10.6431410671346,1467661.20072402,-1592.45678253827
2026-07-05 00:20:08,76.4459725557571,10.5640980889096,1472444.22635798,-1598.36725474053
2026-07-05 00:20:09,76.6509886425378,10.4851576961275,1477244.88301529,-1604.21863627447
2026-07-05 00:20:10,76.8545887960918,10.4063229743524,1482062.9944139,-1610.01147136439
2026-07-05 00:20:11,77.056783372748,10.3275969135663,1486898.38567334,-1615.7463022095
2026-07-05 00:20:12,77.2575827158537,10.24898240035,1491750.88391184,-1621.42366910462
2026-07-05 00:20:13,77.4569971151317,10.1704824635408,1496620.30300052,-1627.04410512803
2026-07-05 00:20:14,77.6550369501552,10.0920993385374,1501506.5021452,-1632.6081560045
2026-07-05 00:20:15,77.8517124669043,10.0138358656852,1506409.29872132,-1638.11635013143
2026-07-05 00:20:16,78.0470339246935,9.93569456804971,1511328.52586843,-1643.56921832338
2026-07-05 00:20:17,78.2410115568054,9.85767787587016,1516264.01863184,-1648.96728889858
2026-07-05 00:20:18,78.4336555676665,9.77978813658536,1521215.61343789,-1654.31108742366
2026-07-05 00:20:19,78.624976131272,9.70202761100663,1526183.14844495,-1659.60113673355
2026-07-05 00:20:20,78.8149833887058,9.62439848020702,1531166.46320947,-1664.8379567456
2026-07-05 00:20:21,79.0036874308765,9.54690306858775,1536165.38427586,-1670.02206023319
2026-07-05 00:20:22,79.1910983627649,9.4695429429005,1541179.78383232,-1675.15396975119
2026-07-05 00:20:23,79.3772261989492,9.39232027559395,1546209.49132461,-1680.23419182321
2026-07-05 00:20:24,79.562080932287,9.31523693307343,1551254.35266514,-1685.26323419034
2026-07-05 00:20:25,79.7456725152066,9.23829471084234,1556314.21510329,-1690.24160133308
2026-07-05 00:20:26,79.9280108568608,9.16149533030136,1561388.92753552,-1695.16979446696
2026-07-05 00:20:27,80.1091058231719,9.08484044460223,1566478.34021622,-1700.0483114433
2026-07-05 00:20:28,80.2889672339298,9.00833185615346,1571582.29021887,-1704.8776430545
2026-07-05 00:20:29,80.4676048657577,8.93197063979538,1576700.66045878,-1709.658287781
2026-07-05 00:20:30,80.6450284419733,8.85575846909703,1581833.29076162,-1714.39072935248
2026-07-05 00:20:31,80.8212476396065,8.77969672876002,1586980.03746604,-1719.07545179631
2026-07-05 00:20:32,80.9962720855183,8.70378674284708,1592140.75822875,-1723.71293553155
2026-07-05 00:20:33,81.1701113558413,8.62802977667049,1597315.31198323,-1728.30365733578
2026-07-05 00:20:34,81.3427749741216,8.55242703072805,1602503.55944633,-1732.84809041757
2026-07-05 00:20:35,81.5142724113394,8.47697965147966,1607705.36246646,-1737.34670425101
2026-07-05 00:20:36,81.6846131009303,8.401688940638,1612920.56948466,-1741.79996151643
2026-07-05 00:20:37,81.8538063750868,8.32655550403838,1618149.07500984,-1746.20833057301
2026-07-05 00:20:38,82.021861555061,8.25158053566953,1623390.73021266,-1750.57226653886
2026-07-05 00:20:39,82.1887878917321,8.17676496039053,1628645.40268856,-1754.89222398017
2026-07-05 00:20:40,82.3545945796861,8.10210965643469,1633912.96105942,-1759.1686536093
2026-07-05 00:20:41,82.519290755524,8.0276154461883,1639193.27570617,-1763.40200241534
2026-07-05 00:20:42,82.68288549845,7.95328310731882,1644486.21805909,-1767.59271351705
2026-07-05 00:20:43,82.8453878581147,7.87911357691031,1649791.64594439,-1771.74122354325
2026-07-05 00:20:44,83.0068067390522,7.80510712046433,1655109.46353884,-1775.84797336891
2026-07-05 00:20:45,83.167151071127,7.73126458618086,1660439.53117023,-1779.91339186188
2026-07-05 00:20:46,83.326429696033,7.65758656567945,1665781.72573022,-1783.93790681776
2026-07-05 00:20:47,83.4846513963732,7.58407361280662,1671135.92502529,-1787.92194212382
2026-07-05 00:20:48,83.6418248928944,7.51072623428388,1676502.00853052,-1791.8659178727
2026-07-05 00:20:49,83.7979588463793,7.43754490017931,1681879.85669325,-1795.77025026036
2026-07-05 00:20:50,83.9530618972899,7.36453024242496,1687269.33621982,-1799.63534937234
2026-07-05 00:20:51,84.1071425024608,7.29168224632822,1692670.36025678,-1803.46162830072
2026-07-05 00:20:52,84.2602091780734,7.21900147061362,1698082.79784417,-1807.24948936217
2026-07-05 00:20:53,84.4122703382177,7.14648823064651,1703506.53457756,-1810.99933340078
2026-07-05 00:20:54,84.5633343360123,7.07414281155767,1708941.45686915,-1814.71155737187
2026-07-05 00:20:55,84.7134094611439,7.00196545868613,1714387.45272955,-1818.3865544635
2026-07-05 00:20:56,84.8625039417829,6.92995638676634,1719844.41113661,-1822.02471402181
2026-07-05 00:20:57,85.010625944816,6.85811578132767,1725312.2219842,-1825.62642156186
2026-07-05 00:20:58,85.1577836266148,6.78644398543367,1730790.76174298,-1829.19205702753
2026-07-05 00:20:59,85.3039849227205,6.71494072876753,1736279.95288081,-1832.72200211199
2026-07-05 00:21:00,85.4492378644152,6.64360629861719,1741779.67385312,-1836.21662913541
2026-07-05 00:21:01,85.5935503678332,6.57244075503149,1747289.8194596,-1839.67630857988
2026-07-05 00:21:02,85.7369302879061,6.50144413443349,1752810.2852638,-1843.10140715389
2026-07-05 00:21:03,85.8793854156518,6.43061643950014,1758340.96843626,-1846.49228791434
2026-07-05 00:21:04,86.020923482062,6.35995765470211,1763881.76658939,-1849.84931014539
2026-07-05 00:21:05,86.1615522178919,6.28946792140479,1769432.56391204,-1853.17282801591
2026-07-05 00:21:06,86.3012791028501,6.21914678946183,1774993.29058913,-1856.46319656484
2026-07-05 00:21:07,86.4401117434884,6.14899435591557,1780563.83262254,-1859.72076258409
2026-07-05 00:21:08,86.5780576213958,6.07901050156476,1786144.09230791,-1862.94587081599
2026-07-05 00:21:09,86.7151241582568,6.00919508806312,1791733.97269058,-1866.13886238765
2026-07-05 00:21:10,86.8513187126183,5.93954795113473,1797333.378156,-1869.3000748764
2026-07-05 00:21:11,86.9866485835395,5.87006890996427,1802942.21371714,-1872.42984227415
2026-07-05 00:21:12,87.1211210074301,5.80075775785946,1808560.3858138,-1875.52849508701
2026-07-05 00:21:13,87.2547432352604,5.73161445634795,1814187.78643712,-1878.59635911132
2026-07-05 00:21:14,87.3875222360074,5.66263839330351,1819824.35398352,-1881.63376023112
2026-07-05 00:21:15,87.5194651377323,5.59382949039358,1825469.9826042,-1884.64101728714
2026-07-05 00:21:16,87.6505789369158,5.5251874697608,1831124.58223427,-1887.61844688004
2026-07-05 00:21:17,87.7808705686297,5.45671203264003,1836788.06403907,-1890.56636222264
2026-07-05 00:21:18,87.910346909434,5.3884028647198,1842460.34000916,-1893.48507314671
2026-07-05 00:21:19,88.039014777257,5.32025963756129,1848141.32287649,-1896.37488611215
2026-07-05 00:21:20,88.1668810117839,5.25228218189687,1853830.91152328,-1899.23610336855
2026-07-05 00:21:21,88.2939521493484,5.18446977804059,1859529.05084258,-1902.06902660847
2026-07-05 00:21:22,88.4202349116471,5.11682222869868,1865235.6414187,-1904.87395145622
2026-07-05 00:21:23,88.5457358828481,5.04933914489782,1870950.59963856,-1907.65117123116
2026-07-05 00:21:24,88.6704615884332,4.9820201226758,1876673.84287478,-1910.40097603256
2026-07-05 00:21:25,88.7944184957836,4.91486474342132,1882405.2894909,-1913.12365277242
2026-07-05 00:21:26,88.9176130172807,4.84787257966797,1888144.85837481,-1915.81948518217
2026-07-05 00:21:27,89.0400515961468,4.7810433618047,1893892.45450794,-1918.48875319858
2026-07-05 00:21:28,89.1617403518625,4.71437628636708,1899648.02891963,-1921.13173569103
2026-07-05 00:21:29,89.282685615379,4.64787106373909,1905411.48804227,-1923.74870635802
2026-07-05 00:21:30,89.4028935733502,4.58152721757996,1911182.75431157,-1926.33993655841
2026-07-05 00:21:31,89.5223703570194,4.51534426174869,1916961.75091036,-1928.90569461389
2026-07-05 00:21:32,89.6411220417116,4.44932169806774,1922748.40199195,-1931.4462458543
2026-07-05 00:21:33,89.7591546506668,4.38345902224351,1928542.63218433,-1933.96185263479
2026-07-05 00:21:34,89.8764741497422,4.31775571625152,1934344.36728807,-1936.45277436956
2026-07-05 00:21:35,89.9930865512511,4.25221142607347,1940153.51842709,-1938.91926712573
2026-07-05 00:21:36,90.108997520289,4.18682527806287,1945970.04309732,-1941.36158540466
2026-07-05 00:21:37,90.2242129611192,4.12159690113767,1951793.8540238,-1943.77997949983
2026-07-05 00:21:38,90.3387386285082,4.05652574636207,1957624.87981132,-1946.17469733196
2026-07-05 00:21:39,90.4525802237758,3.99161125543974,1963463.04996952,-1948.54598402179
2026-07-05 00:21:40,90.5657433986756,3.92685286654216,1969308.29440722,-1950.8940819096
2026-07-05 00:21:41,90.6782337504583,3.86225000643844,1975160.54416626,-1953.21923059369
2026-07-05 00:21:42,90.7900569318472,3.79780226404372,1981019.71554319,-1955.52166671256
2026-07-05 00:21:43,90.9012182322262,3.73350872416232,1986885.77111497,-1957.80162495679
2026-07-05 00:21:44,91.0117232008687,3.66936896183422,1992758.62878843,-1960.05933658497
2026-07-05 00:21:45,91.121577235147,3.60538238309458,1998638.22207491,-1962.29503047686
2026-07-05 00:21:46,91.230785682113,3.54154838650887,2004524.48535907,-1964.50893291368
2026-07-05 00:21:47,91.3393538395705,3.47786636622847,2010417.35363517,-1966.70126758604
2026-07-05 00:21:48,91.4472869574318,3.41433571228438,2016316.76249537,-1968.87225563476
2026-07-05 00:21:49,91.5545902349652,3.35095580707327,2022222.64847538,-1971.02211567136
2026-07-05 00:21:50,91.6612689374389,3.28772619416624,2028134.93316332,-1973.15106375944
2026-07-05 00:21:51,91.7673279486269,3.22464592546275,2034053.58469644,-1975.25931365792
2026-07-05 00:21:52,91.8727724366968,3.16171453557001,2039978.52608946,-1977.34707647934
2026-07-05 00:21:53,91.9776074131628,3.09893139305246,2045909.69624258,-1979.41456099507
2026-07-05 00:21:54,92.0818378430736,3.03629586311932,2051847.03467319,-1981.46197358004
2026-07-05 00:21:55,92.1854686460859,2.97380730869241,2057790.48142717,-1983.48951824015
2026-07-05 00:21:56,92.2885046940052,2.91146508666605,2063739.97745044,-1985.49739663681
2026-07-05 00:21:57,92.3909509326294,2.84926871284394,2069695.4486864,-1987.48580822173
2026-07-05 00:21:58,92.4928119132094,2.787217224427,2075656.8675685,-1989.45494986143
2026-07-05 00:21:59,92.5940924903401,2.72531013103531,2081624.16138971,-1991.40501642932
2026-07-05 00:22:00,92.6947973592902,2.66354678226371,2087597.27320682,-1993.33620047397
2026-07-05 00:22:01,92.7949311704225,2.60192652394259,2093576.14682137,-1995.24869232751
2026-07-05 00:22:02,92.8944985335103,2.54044870348948,2099560.72626826,-1997.14268013619
2026-07-05 00:22:03,92.9935040117633,2.47911266198428,2105550.9566008,-1999.01834987316
2026-07-05 00:22:04,93.0919521292868,2.41791774325299,2111546.78301114,-2000.87588537715
2026-07-05 00:22:05,93.1898474879599,2.35686344138785,2117548.13621629,-2002.7154686246
2026-07-05 00:22:06,93.2871942841829,2.29594878810998,2123554.99312357,-2004.53727874221
2026-07-05 00:22:07,93.3839970368069,2.23517327666749,2129567.28544222,-2006.34149352733
2026-07-05 00:22:08,93.4802601014815,2.17453624350153,2135584.96081306,-2008.12828848956
2026-07-05 00:22:09,93.5759877951951,2.11403702692992,2141607.96714004,-2009.89783711943
2026-07-05 00:22:10,93.6711843942055,2.05367496372434,2147636.25293863,-2011.65031091035
2026-07-05 00:22:11,93.7658541327462,1.99344938777352,2153669.76748003,-2013.38587937221
2026-07-05 00:22:12,93.860001334005,1.93335978573359,2159708.4450352,-2015.10471045256
2026-07-05 00:22:13,93.9536299058253,1.87340519420018,2165752.26589606,-2016.80696904104
2026-07-05 00:22:14,94.046744090089,1.81358509677768,2171801.16565418,-2018.49281922095
2026-07-05 00:22:15,94.1393479678705,1.75389882963621,2177855.09528067,-2020.16242283567
2026-07-05 00:22:16,94.2314455814966,1.69434572829909,2183914.00631053,-2021.81593986252
2026-07-05 00:22:17,94.3230409362072,1.6349251294766,2189977.85066117,-2023.45352843728
2026-07-05 00:22:18,94.4141379975993,1.57563636729241,2196046.58102589,-2025.07534486968
2026-07-05 00:22:19,94.5047408266163,1.51647892619238,2202120.13506005,-2026.68154417151
2026-07-05 00:22:20,94.5948530597584,1.45745185105567,2208198.49638165,-2028.27227812057
2026-07-05 00:22:21,94.6844786816705,1.39855462483705,2214281.60389141,-2029.8476981683
2026-07-05 00:22:22,94.7736215147283,1.33978658705543,2220369.41181772,-2031.40795356542
2026-07-05 00:22:23,94.862285345072,1.28114707725738,2226461.87492049,-2032.9531918456
2026-07-05 00:22:24,94.9504739243276,1.2226354367674,2232558.94831283,-2034.48355885039
2026-07-05 00:22:25,95.0381909666235,1.16425100519753,2238660.58783128,-2035.99919873481
2026-07-05 00:22:26,95.1254401553805,1.1059931271543,2244766.74933521,-2037.50025401795
2026-07-05 00:22:27,95.2122252701694,1.04786128843363,2250877.37427446,-2038.98686617076
2026-07-05 00:22:28,95.2985496583524,0.989854548047839,2256992.44982947,-2040.45917326275
2026-07-05 00:22:29,95.3844170327486,0.931972396022341,2263111.91816,-2041.91731354561
2026-07-05 00:22:30,95.4698309401609,0.874214180190809,2269235.73700816,-2043.36142310808
2026-07-05 00:22:31,95.5547948942393,0.816579250076177,2275363.86450082,-2044.79163647625
2026-07-05 00:22:32,95.6393123765773,0.759066957050253,2281496.25913433,-2046.20808664105
2026-07-05 00:22:33,95.7233868354903,0.701676652860361,2287632.87993525,-2047.61090506871
2026-07-05 00:22:34,95.8070218246917,0.644407831892819,2293773.6710892,-2049.00022241578
2026-07-05 00:22:35,95.8902204580946,0.587259571200996,2299918.62241867,-2050.37616579921
2026-07-05 00:22:36,95.9729862238124,0.530231366771852,2306067.67913191,-2051.73886290147
2026-07-05 00:22:37,96.0553224468629,0.473322580222779,2312220.80149489,-2053.08843929788
2026-07-05 00:22:38,96.1372324185609,0.416532571964176,2318377.95048598,-2054.42501911712
2026-07-05 00:22:39,96.218719401772,0.359860706266619,2324539.08724664,-2055.74872508416
2026-07-05 00:22:40,96.2997866274587,0.303306348092241,2330704.17342797,-2057.05967851401
2026-07-05 00:22:41,96.3804372987404,0.246868865672164,2336873.1709095,-2058.35799935655
2026-07-05 00:22:42,96.4606747274967,0.190547764863243,2343046.02695671,-2059.64380696801
2026-07-05 00:22:43,96.5405017775145,0.13434214339869,2349222.73446912,-2060.91721702652
2026-07-05 00:22:44,96.6199217041381,0.0782515137233909,2355403.24120602,-2062.17834621122
2026-07-05 00:22:45,96.6989375921938,0.022275250918323,2361587.51065183,-2063.42730910332
2026-07-05 01:49:20,306.214987557335,0.0241269883289684,2373382.87033211,2274.25983653708
2026-07-05 01:49:21,306.188787684415,0.085247611202651,2366565.24708619,2274.08533315425
2026-07-05 01:49:22,306.162417909535,0.146539670000826,2359748.14099742,2273.90661190826
2026-07-05 01:49:23,306.135876597738,0.208004498862266,2352931.57705206,2273.72363054146
2026-07-05 01:49:24,306.109162215035,0.269643558040036,2346115.56807732,2273.53634757981
2026-07-05 01:49:25,306.082273208777,0.331458323407952,2339300.12706829,2273.34472095412
2026-07-05 01:49:26,306.055208009054,0.39345028827548,2332485.2670137,2273.14870800907
2026-07-05 01:49:27,306.02796502432,0.455620959978237,2325671.00129507,2272.9482654468
2026-07-05 01:49:28,306.000542647239,0.51797186562304,2318857.34308374,2272.74334938571
2026-07-05 01:49:29,305.972939124316,0.580504433389061,2312044.31824199,2272.53391388873
2026-07-05 01:49:30,305.945153055343,0.643220449585028,2305231.91575191,2272.31991656735
2026-07-05 01:49:31,305.917182648297,0.706121377774429,2298420.16168005,2272.10131019778
2026-07-05 01:49:32,305.88902621411,0.769208812141509,2291609.06993554,2271.87804827863
2026-07-05 01:49:33,305.860682044531,0.832484365702199,2284798.65445716,2271.65008364756
2026-07-05 01:49:34,305.832148408158,0.895949667790408,2277988.92951094,2271.41736842944
2026-07-05 01:49:35,305.803423552981,0.959606366625877,2271179.9094421,2271.17985405615
2026-07-05 01:49:36,305.774505578603,1.02345601417633,2264371.62092085,2270.93748984569
2026-07-05 01:49:37,305.745392945213,1.08750052759213,2257564.05397333,2270.69022862176
2026-07-05 01:49:38,305.71608370841,1.1517414967782,2250757.23559653,2270.43801823871
2026-07-05 01:49:39,305.686576026958,1.21618064489366,2243951.18080949,2270.18080719365
2026-07-05 01:49:40,305.656868038047,1.28081971597581,2237145.90464706,2269.91854323535
2026-07-05 01:49:41,305.626957855152,1.34566047358901,2230341.42233324,2269.6511733312
2026-07-05 01:49:42,305.596843567311,1.41070470070689,2223537.74932356,2269.37864364958
2026-07-05 01:49:43,305.566523242065,1.47595420292143,2216734.90100202,2269.10089958199
2026-07-05 01:49:44,305.535994785291,1.54141068351378,2209932.90563252,2268.81788421052
2026-07-05 01:49:45,305.50525648085,1.60707622817208,2203131.75423116,2268.52954416144
2026-07-05 01:49:46,305.474306186659,1.672952584032,2196331.47526363,2268.23582085432
2026-07-05 01:49:47,305.443141868277,1.73904163932945,2189532.08496311,2267.93665629546
2026-07-05 01:49:48,305.411761465138,1.80534530433523,2182733.599715,2267.6319916112
2026-07-05 01:49:49,305.380162889579,1.87186551047815,2175936.03617995,2267.3217670259
2026-07-05 01:49:50,305.348344029605,1.93860421425269,2169139.41092994,2267.00592188037
2026-07-05 01:49:51,305.316302604237,2.005563268349,2162343.7534983,2266.68439307191
2026-07-05 01:49:52,305.284036721076,2.07274491962166,2155549.05609077,2266.35712101125
2026-07-05 01:49:53,305.251544045376,2.14015106902634,2148755.34847102,2266.0240407105
2026-07-05 01:49:54,305.218822351008,2.20778376387322,2141962.64816743,2265.68508767483
2026-07-05 01:49:55,305.1858693844,2.27564507662281,2135170.97279132,2265.34019643064
2026-07-05 01:49:56,305.15268285922,2.34373710153989,2128380.34040717,2264.98930045594
2026-07-05 01:49:57,305.119260463434,2.41206196125966,2121590.76891595,2264.63233224177
2026-07-05 01:49:58,305.085599707568,2.48062167334889,2114802.28924144,2264.26922167812
2026-07-05 01:49:59,305.051698501292,2.54941866218567,2108014.89490362,2263.8999021227
2026-07-05 01:50:00,305.017554294788,2.61845499837316,2101228.61710453,2263.5243013238
2026-07-05 01:50:01,304.983164648462,2.68773290488886,2094443.47478146,2263.14234742197
2026-07-05 01:50:02,304.9485270901,2.75725463127155,2087659.48708305,2262.75396742576
2026-07-05 01:50:03,304.913639114413,2.82702245379195,2080876.67339281,2262.35908719173
2026-07-05 01:50:04,304.878498181568,2.89703867538151,2074095.05337591,2261.95763139325
2026-07-05 01:50:05,304.843101720312,2.96730562915975,2067314.64668046,2261.54952353711
2026-07-05 01:50:06,304.807446973372,3.03782554281087,2060535.48594986,2261.13468434326
2026-07-05 01:50:07,304.7715315914,3.10860106338952,2053757.56663802,2260.71303789203
2026-07-05 01:50:08,304.735352749585,3.17963447950752,2046980.92156079,2260.28450243442
2026-07-05 01:50:09,304.698907731072,3.25092823622561,2040205.57156957,2259.84899643579
2026-07-05 01:50:10,304.662193782555,3.32248480913271,2033431.53768159,2259.40643705666
2026-07-05 01:50:11,304.625208112073,3.39430670310152,2026658.8412422,2258.95674011186
2026-07-05 01:50:12,304.587947892038,3.46639645628536,2019887.50359446,2258.49982008261
2026-07-05 01:50:13,304.550410099567,3.5387565002129,2013117.55914583,2258.03558846452
2026-07-05 01:50:14,304.512592129773,3.61138970083827,2006349.00502177,2257.5639600226
2026-07-05 01:50:15,304.474490883477,3.68429855665596,1999581.87586903,2257.08484343272
2026-07-05 01:50:16,304.436103369511,3.75748572977175,1992816.19434414,2256.59814742968
2026-07-05 01:50:17,304.397426555623,3.83095391588934,1986051.98330724,2256.10377925838
2026-07-05 01:50:18,304.358457366034,3.90470584328072,1979289.2659654,2255.60164462747
2026-07-05 01:50:19,304.319192684654,3.97874427657229,1972528.06557619,2255.09164772006
2026-07-05 01:50:20,304.279629347297,4.05307201136751,1965768.40598792,2254.5736910921
2026-07-05 01:50:21,304.239763988011,4.12769174013443,1959010.32375987,2254.04767410381
2026-07-05 01:50:22,304.199593671107,4.20260660886248,1952253.81803703,2253.51349925826
2026-07-05 01:50:23,304.159114938729,4.27781938132893,1945498.92601525,2252.97106258478
2026-07-05 01:50:24,304.118324443992,4.35333299678777,1938745.67261731,2252.4202599942
2026-07-05 01:50:25,304.077218791827,4.42915043138481,1931994.08307787,2251.86098564909
2026-07-05 01:50:26,304.035794537731,4.50527469817728,1925244.18299485,2251.29313192567
2026-07-05 01:50:27,303.994048188576,4.58170884951858,1918495.99817281,2250.71658939491
2026-07-05 01:50:28,303.951976035828,4.658455831402,1911749.56740873,2250.13124514169
2026-07-05 01:50:29,303.909574808025,4.73551905845824,1905004.89224151,2249.53698921205
2026-07-05 01:50:30,303.866840695712,4.81290155859051,1898262.01192422,2248.93370490303
2026-07-05 01:50:31,303.823769993915,4.89060653872213,1891520.95387427,2248.32127511679
2026-07-05 01:50:32,303.780358946707,4.96863724992901,1884781.74557553,2247.69958078533
2026-07-05 01:50:33,303.736603740406,5.04699698251445,1878044.41506342,2247.06850077359
2026-07-05 01:50:34,303.692500506501,5.12568907069972,1871308.99058004,2246.42791187616
2026-07-05 01:50:35,303.64804531707,5.20471688965762,1864575.50088825,2245.77768874118
2026-07-05 01:50:36,303.603234017592,5.2840837097611,1857843.98761577,2245.11770220704
2026-07-05 01:50:37,303.558062901529,5.36379329302997,1851114.45497678,2244.4478258519
2026-07-05 01:50:38,303.512527692187,5.44384899709168,1844386.94554669,2243.76792601855
2026-07-05 01:50:39,303.466624222749,5.52425437640979,1837661.48946674,2243.07786842248
2026-07-05 01:50:40,303.420348260935,5.6050130292506,1830938.11746488,2242.37751640286
2026-07-05 01:50:41,303.373695512026,5.68612860227971,1824216.8605366,2241.66673091482
2026-07-05 01:50:42,303.326661613914,5.76760478774546,1817497.75024365,2240.94537044435
2026-07-05 01:50:43,303.279241964372,5.84944517253648,1810780.83108774,2240.21328931005
2026-07-05 01:50:44,303.231432416749,5.93165385569794,1804066.1101485,2239.47034431168
2026-07-05 01:50:45,303.183228231381,6.01423452227537,1797353.63287711,2238.71638460405
2026-07-05 01:50:46,303.134624772381,6.09719106210999,1790643.43250894,2237.95125836073
2026-07-05 01:50:47,303.085617332564,6.18052741616471,1783935.54272897,2237.17481104757
2026-07-05 01:50:48,303.036201128765,6.26424757531908,1777229.99783686,2236.3868853325
2026-07-05 01:50:49,302.986371308197,6.34835558707465,1770526.83228232,2235.58732110388
2026-07-05 01:50:50,302.936122755061,6.43285538598223,1763826.094106,2234.77595359412
2026-07-05 01:50:51,302.885450822923,6.51775144826488,1757127.79335726,2233.9526202625
2026-07-05 01:50:52,302.834350242581,6.6030478204605,1750431.97890526,2233.11715041017
2026-07-05 01:50:53,302.782815843031,6.6887487643864,1743738.6874955,2232.26937195874
2026-07-05 01:50:54,302.730842374515,6.7748586017035,1737047.95614195,2231.40910972309
2026-07-05 01:50:55,302.67842449886,6.86138170737088,1730359.82271112,2230.53618526988
2026-07-05 01:50:56,302.625556797991,6.94832251969225,1723674.32522187,2229.65041694439
2026-07-05 01:50:57,302.572233761053,7.03568553101815,1716991.50263864,2228.75161969667
2026-07-05 01:50:58,302.518449604368,7.1234751288087,1710311.40695404,2227.83960335516
2026-07-05 01:50:59,302.464199014881,7.21169626573465,1703634.05254569,2226.91417947219
2026-07-05 01:51:00,302.409476023529,7.3003534501406,1696959.49277753,2225.97515080163
2026-07-05 01:51:01,302.354274757066,7.38945142397947,1690287.76862838,2225.02231822628
2026-07-05 01:51:02,302.298589243302,7.47899499078157,1683618.9218448,2224.05547888564
2026-07-05 01:51:03,302.242413414605,7.568989021007,1676952.99462461,2223.07442614724
2026-07-05 01:51:04,302.185741098905,7.65943844706787,1670290.03006798,2222.07894945888
2026-07-05 01:51:05,302.128565834052,7.75034809741636,1663630.08432732,2221.06883259288
2026-07-05 01:51:06,302.070881629111,7.84172339075451,1656973.176107,2220.04386051687
2026-07-05 01:51:07,302.012681807941,7.93356928891005,1650319.36316156,2219.00380877958
2026-07-05 01:51:08,301.953959781207,8.02589100114122,1643668.69091829,2217.94845048293
2026-07-05 01:51:09,301.894708846221,8.11869380475202,1637021.20568794,2216.87755438523
2026-07-05 01:51:10,301.834922189807,8.21198305155253,1630376.95428976,2215.79088485042
2026-07-05 01:51:11,301.774592880706,8.30576416364901,1623735.98444185,2214.68820170512
2026-07-05 01:51:12,301.713713869187,8.40004263671704,1617098.34461628,2213.5692601561
2026-07-05 01:51:13,301.652277789846,8.49482386095763,1610464.09657577,2212.43380895751
2026-07-05 01:51:14,301.590277749353,8.59011385151346,1603833.26461632,2211.28159733993
2026-07-05 01:51:15,301.527706131671,8.68591815020867,1597205.91223305,2210.11236428307
2026-07-05 01:51:16,301.464555393914,8.78224256285064,1590582.09073542,2208.92584552373
2026-07-05 01:51:17,301.400817858625,8.87909297111683,1583961.85248993,2207.72177161639
2026-07-05 01:51:18,301.336485718727,8.97647534119077,1577345.2504243,2206.499867885
2026-07-05 01:51:19,301.271551028038,9.0743957185355,1570732.33848107,2205.25985424755
2026-07-05 01:51:20,301.206005497389,9.17286004112973,1564123.18415696,2204.00144334658
2026-07-05 01:51:21,301.139841310713,9.27187490693245,1557517.81736827,2202.72434755655
2026-07-05 01:51:22,301.073049890515,9.37144642349346,1550916.30746479,2201.42826812703
2026-07-05 01:51:23,301.005622718158,9.4715809791357,1544318.71169272,2200.11290223158
2026-07-05 01:51:24,300.937551119474,9.57228504623775,1537725.08848138,2198.77794099508
2026-07-05 01:51:25,300.868826269211,9.67356519065653,1531135.49692611,2197.4230694201
2026-07-05 01:51:26,300.799439181104,9.7754280658251,1524549.99727658,2196.04796619512
2026-07-05 01:51:27,300.729380496618,9.87788021694576,1517968.66352063,2194.65230178593
2026-07-05 01:51:28,300.658641327892,9.98092888773963,1511391.53195195,2193.2357454745
2026-07-05 01:51:29,300.58721197996,10.0845808098637,1504818.67873337,2191.79795438342
2026-07-05 01:51:30,300.515082801166,10.1888430158773,1498250.16790486,2190.33858058648
2026-07-05 01:51:31,300.442243958518,10.2937226310876,1491686.06484313,2188.85726907024
2026-07-05 01:51:32,300.368685442567,10.3992268835733,1485126.43573849,2187.35365764475
2026-07-05 01:51:33,300.294397057708,10.5053630994082,1478571.34800198,2185.82737673348
2026-07-05 01:51:34,300.219368417063,10.612138703923,1472020.87029036,2184.27804919095
2026-07-05 01:51:35,300.143588727354,10.7195610163707,1465475.08502916,2182.705288406
2026-07-05 01:51:36,300.067047649294,10.8276380955323,1458934.03728802,2181.10870520853
2026-07-05 01:51:37,299.989733990216,10.9363774706942,1452397.81191342,2179.48789699504
2026-07-05 01:51:38,299.911636565466,11.0457869869817,1445866.48224021,2177.84245465404
2026-07-05 01:51:39,299.832743981174,11.1558745995499,1439340.12274033,2176.17196062727
2026-07-05 01:51:40,299.753044629459,11.2666483750689,1432818.80904823,2174.47598871232
2026-07-05 01:51:41,299.672526676481,11.3781164866937,1426302.61836538,2172.75410380185
2026-07-05 01:51:42,299.591177843462,11.4902870011763,1419791.64182461,2171.00585998936
2026-07-05 01:51:43,299.508986290794,11.6031687684556,1413285.93326538,2169.2308073949
2026-07-05 01:51:44,299.42593926889,11.7167700829587,1406785.5867412,2167.42848129403
2026-07-05 01:51:45,299.342024013004,11.8310995817332,1400290.68461621,2165.59840904419
2026-07-05 01:51:46,299.257227506075,11.9461660158968,1393801.31092984,2163.74010801355
2026-07-05 01:51:47,299.171536482513,12.0619782613786,1387317.55090122,2161.85308542352
2026-07-05 01:51:48,299.084937411364,12.1785453095912,1380839.49156353,2159.9368380231
2026-07-05 01:51:49,298.99741650226,12.2958762810857,1374367.22111446,2157.99085193584
2026-07-05 01:51:50,298.908959456223,12.4139801765005,1367900.84256983,2156.01460057934
2026-07-05 01:51:51,298.819552391584,12.5328668391666,1361440.4214689,2154.00755142994
2026-07-05 01:51:52,298.72918044971,12.6525455271262,1354986.06386428,2151.96915529039
2026-07-05 01:51:53,298.637828706479,12.7730258597073,1348537.86470753,2149.89885295599
2026-07-05 01:51:54,298.545481943822,12.8943175912677,1342095.92035588,2147.79607325984
2026-07-05 01:51:55,298.452124631499,13.0164306009702,1335660.32922472,2145.66023270715
2026-07-05 01:51:56,298.357740931895,13.1393749073025,1329231.1911282,2143.49073527014
2026-07-05 01:51:57,298.262314443543,13.2631604040449,1322808.62099006,2141.28697031653
2026-07-05 01:51:58,298.165829149309,13.3877978787133,1316392.69641214,2139.04831912992
2026-07-05 01:51:59,298.068267985252,13.5132975016741,1309983.53586539,2136.77414441162
2026-07-05 01:52:00,297.969613774847,13.63966982787,1303581.24691811,2134.46379671687
2026-07-05 01:52:01,297.86984898945,13.7669255528002,1297185.93900357,2132.11661246705
2026-07-05 01:52:02,297.768955739487,13.8950755138589,1290797.72345731,2129.73191360999
2026-07-05 01:52:03,297.666915757921,14.0241306836203,1284416.71394856,2127.30900722016
2026-07-05 01:52:04,297.563710404052,14.1541021843024,1278043.02586159,2124.84718523985
2026-07-05 01:52:05,297.459320394637,14.2850010017164,1271676.79020471,2122.3457224007
2026-07-05 01:52:06,297.353726783395,14.4168390828016,1265318.10063636,2119.80388239103
2026-07-05 01:52:07,297.246909479292,14.5496277071608,1258967.09244692,2117.22090772629
2026-07-05 01:52:08,297.138848213975,14.6833785685091,1252623.89014818,2114.59602585956
2026-07-05 01:52:09,297.029522290018,14.8181035100092,1246288.62044017,2111.9284471716
2026-07-05 01:52:10,296.918910561747,14.953814515645,1239961.41269848,2109.21736451159
2026-07-05 01:52:11,296.806991436566,15.0905237243692,1233642.39839282,2106.46195286568
2026-07-05 01:52:12,296.693742602142,15.2282431287726,1227331.72487088,2103.66136735387
2026-07-05 01:52:13,296.579142017475,15.3669857350323,1221029.50259636,2100.81474884997
2026-07-05 01:52:14,296.463166404963,15.5067638367857,1214735.884004,2097.92121447338
2026-07-05 01:52:15,296.345792232674,15.6475901615721,1208451.01112318,2094.97986318624
2026-07-05 01:52:16,296.226995456001,15.7894775889572,1202175.02856629,2091.98977382678
2026-07-05 01:52:17,296.106751495957,15.9324391404615,1195908.08402911,2088.95000458683
2026-07-05 01:52:18,295.985035237884,16.0764879943279,1189650.32769299,2085.85959259414
2026-07-05 01:52:19,295.861820751696,16.2216371624592,1183401.92607668,2082.71755200176
2026-07-05 01:52:20,295.737082298627,16.3679007274686,1177163.00914702,2079.52287894903
2026-07-05 01:52:21,295.610792792942,16.5152919997298,1170933.74937892,2076.27454284384
2026-07-05 01:52:22,295.482924800541,16.6638247404876,1164714.30921815,2072.97149131986
2026-07-05 01:52:23,295.353450269501,16.8135128556925,1158504.85429012,2069.61264831371
2026-07-05 01:52:24,295.222340514172,16.9643703940696,1152305.55349548,2066.19691352628
2026-07-05 01:52:25,295.08956619659,17.1164115441563,1146116.57913815,2062.72316184545
2026-07-05 01:52:26,294.955097315628,17.2696506405332,1139938.10667474,2059.19024280466
2026-07-05 01:52:27,294.818902920285,17.4241018151004,1133770.32852454,2055.5969788224
2026-07-05 01:52:28,294.680952129961,17.5797803302275,1127613.40114328,2051.94216919168
2026-07-05 01:52:29,294.541212572281,17.7367005963546,1121467.52385765,2048.22458260561
2026-07-05 01:52:30,294.39965138546,17.8948774763463,1115332.88681534,2044.44296112942
2026-07-05 01:52:31,294.25623494672,18.054325961045,1109209.6839071,2040.59601843421
2026-07-05 01:52:32,294.110928848534,18.2150611622226,1103098.11298327,2036.68243913851
2026-07-05 01:52:33,293.963697884579,18.3770983165017,1096998.3756416,2032.70087820129
2026-07-05 01:52:34,293.814505755685,18.5404524097015,1090910.69103832,2028.64995933984
2026-07-05 01:52:35,293.663316096839,18.7051396051842,1084835.24290247,2024.52827790553
2026-07-05 01:52:36,293.51009089546,18.8711751130578,1078772.25853604,2020.33439489286
2026-07-05 01:52:37,293.354791499419,19.038574588385,1072721.95665507,2016.06683980704
2026-07-05 01:52:38,293.197378338595,19.20735378001,1066684.56035764,2011.72410908027
2026-07-05 01:52:39,293.037810897105,19.3775285194406,1060660.29737807,2007.30466536311
2026-07-05 01:52:40,292.876047693819,19.5491147231089,1054649.39984959,2002.80693681984
2026-07-05 01:52:41,292.712046243786,19.7221283663508,1048652.1050413,1998.2293163842
2026-07-05 01:52:42,292.545762781935,19.8965851048254,1042668.66801607,1993.57016058645
2026-07-05 01:52:43,292.377153274114,20.072501804312,1036699.30930896,1988.82779073651
2026-07-05 01:52:44,292.206171819692,20.2498942134294,1030744.29419939,1984.00048920154
2026-07-05 01:52:45,292.032771672701,20.428778500621,1024803.87981373,1979.08650071588
2026-07-05 01:52:46,291.856904941793,20.6091708472982,1018878.32880562,1974.08403108146
2026-07-05 01:52:47,291.678522566359,20.7910874444042,1012967.90917443,1968.99124644796
2026-07-05 01:52:48,291.497574282634,20.9745444794008,1007072.89438171,1963.80627252253
2026-07-05 01:52:49,291.314008328338,21.1595576961969,1001193.57688327,1958.52719382715
2026-07-05 01:52:50,291.127772450118,21.346144053445,995330.215424578,1953.15205308092
2026-07-05 01:52:51,290.938812312065,21.5343192184012,989483.113987315,1947.67885008553
2026-07-05 01:52:52,290.74707249428,21.7240991949845,983652.569685082,1942.10554132405
2026-07-05 01:52:53,290.552496200293,21.9154999021078,977838.885732951,1936.43003907924
2026-07-05 01:52:54,290.355025217267,22.1085371486482,972042.371745064,1930.65021071218
2026-07-05 01:52:55,290.154599884152,22.3032266234715,966263.343543322,1924.7638779258
2026-07-05 01:52:56,289.951158785168,22.4995833997112,960502.137064661,1918.76881662315
2026-07-05 01:52:57,289.744639741946,22.6976237355962,954759.055321051,1912.66275403777
2026-07-05 01:52:58,289.53497823667,22.8973623452102,949034.447576957,1906.44337112357
2026-07-05 01:52:59,289.322108387555,23.0988141571562,943328.657155095,1900.10829993242
2026-07-05 01:53:00,289.10596265505,23.3019938475385,937642.034479584,1893.65512342541
2026-07-05 01:53:01,288.886471795091,23.5069158045437,931974.937372896,1887.08137485819
2026-07-05 01:53:02,288.663564819985,23.7135941089448,926327.730864371,1880.3845371424
2026-07-05 01:53:03,288.437168940758,23.9220424774809,920700.787966378,1873.56204232926
2026-07-05 01:53:04,288.207209286471,24.1322737504343,915094.502387713,1866.61127245927
2026-07-05 01:53:05,287.973609837603,24.3443018322899,909509.236304276,1859.52955354191
2026-07-05 01:53:06,287.736291893768,24.5581386761444,903945.399548158,1852.3141632228
2026-07-05 01:53:07,287.495175016811,24.7737962220541,898403.396992281,1844.96232508168
2026-07-05 01:53:08,287.25017673199,24.9912858582736,892883.641910151,1837.47120957344
2026-07-05 01:53:09,287.001212477343,25.2106183737835,887386.556140227,1829.837933739
2026-07-05 01:53:10,286.7481955522,25.4318039083795,881912.570246476,1822.05956097367
2026-07-05 01:53:11,286.49103682991,25.6548513530488,876462.136907518,1814.13310323808
2026-07-05 01:53:12,286.229645647542,25.8797704764645,871035.678139517,1806.05551160239
2026-07-05 01:53:13,285.96392833673,26.1065686048412,865633.664847002,1797.82369006402
2026-07-05 01:53:14,285.693789113606,26.3352527217526,860256.564204491,1789.43448658602
2026-07-05 01:53:15,285.419129794743,26.5658288777849,854904.852705094,1780.88469544649
2026-07-05 01:53:16,285.139849736302,26.7983021076823,849579.016668694,1772.1710575677
2026-07-05 01:53:17,284.855845784116,27.0326763658997,844279.552233306,1763.29026089
2026-07-05 01:53:18,284.56701221836,27.2689544465877,839006.965621977,1754.23894090913
2026-07-05 01:53:19,284.273240494134,27.5071373180033,833761.786075965,1745.01368495448
2026-07-05 01:53:20,283.9744200281,27.747226415106,828544.514090379,1735.61101833245
2026-07-05 01:53:21,283.670436874864,27.9892199783099,823355.699958033,1726.02742705238
2026-07-05 01:53:22,283.361174534136,28.2331153541768,818195.891297774,1716.25934448128
2026-07-05 01:53:23,283.046513680371,28.4789082916067,813065.646628708,1706.30315620562
2026-07-05 01:53:24,282.726332117729,28.7265928507541,807965.53533057,1696.15520140092
2026-07-05 01:53:25,282.400504734212,28.9761612923546,802896.137917249,1685.81177454011
2026-07-05 01:53:26,282.068903280079,29.2276033299049,797858.058829322,1675.26913229514
2026-07-05 01:53:27,281.731397047648,29.4809086084466,792851.875020196,1664.52347495153
2026-07-05 01:53:28,281.387851739468,29.7360626849482,787878.213920916,1653.57097946934
2026-07-05 01:53:29,281.038130173268,29.9930495163914,782937.701278332,1642.40778152737
2026-07-05 01:53:30,280.682092062177,30.2518506662037,778030.974620788,1631.02998345068
2026-07-05 01:53:31,280.319593991559,30.5124451805889,773158.683169919,1619.43365713777
2026-07-05 01:53:32,279.950489398394,30.7748094486341,768321.487960944,1607.61484736194
2026-07-05 01:53:33,279.574628557989,31.0389170562384,763520.061968834,1595.56957540901
2026-07-05 01:53:34,279.191858446564,31.3047379203032,758755.10288463,1583.29385031504
2026-07-05 01:53:35,278.802023269408,31.5722410212062,754027.281838753,1570.78364361903
2026-07-05 01:53:36,278.404963665388,31.8413899104836,749337.320792136,1558.03493786273
2026-07-05 01:53:37,278.000517270572,32.1121454471052,744685.940626584,1545.04370224405
2026-07-05 01:53:38,277.588518606247,32.3844648793873,740073.874607788,1531.80590543848
2026-07-05 01:53:39,277.168799120939,32.6583017045623,735501.867816076,1518.31752080266
2026-07-05 01:53:40,276.741187242308,32.9336054639162,730970.677580982,1504.5745327639
2026-07-05 01:53:41,276.305508374847,33.2103207893993,726481.085793796,1490.57295279244
2026-07-05 01:53:42,275.861585268047,33.4883903608301,722033.848254696,1476.30878742877
2026-07-05 01:53:43,275.40923766901,33.7677499925719,717629.770884771,1461.77810348912
2026-07-05 01:53:44,274.948282746593,34.0483316007205,713269.658393573,1446.97699719112
2026-07-05 01:53:45,274.478535147539,34.3300621906282,708954.327410026,1431.90161222553
2026-07-05 01:53:46,273.999807154701,34.6128636929643,704684.605792088,1416.54814784574
2026-07-05 01:53:47,273.511908869323,34.8966527346621,700461.332887656,1400.91286834757
2026-07-05 01:53:48,273.014648426264,35.1813396014677,696285.371434088,1384.9921248075
2026-07-05 01:53:49,272.507832194414,35.4668314478869,692157.557694888,1368.7823151552
2026-07-05 01:53:50,271.991265071582,35.7530269682862,688078.776063168,1352.27996920201
2026-07-05 01:53:51,271.464750768846,36.0398196266378,684049.908520878,1335.48170990169
2026-07-05 01:53:52,270.928092136915,36.3270965869622,680071.847135763,1318.38427724125
2026-07-05 01:53:53,270.381091529425,36.6147385323592,676145.493527169,1300.98453986057
2026-07-05 01:53:54,269.823551203854,36.9026194777927,672271.75846258,1283.27950726383
2026-07-05 01:53:55,269.255273764821,37.1906065741937,668451.561618474,1265.2663427184
2026-07-05 01:53:56,268.676062781009,37.4785590380887,664685.842690943,1246.94239210481
2026-07-05 01:53:57,268.085722787076,37.7663316729123,660975.513122902,1228.30513284975
2026-07-05 01:53:58,267.484060630435,38.0537691739723,657321.527690064,1209.35228430079
2026-07-05 01:53:59,266.870885599508,38.3407096835767,653724.835684442,1190.08175783634
2026-07-05 01:54:00,266.246010224187,38.6269837417236,650186.392431231,1170.49168732194
2026-07-05 01:54:01,265.609251001781,38.9124142100204,646707.158273852,1150.58044328162
2026-07-05 01:54:02,264.960429191738,39.1968161471507,643288.09836123,1130.34664856034
2026-07-05 01:54:03,264.299371930236,39.4799958035915,639930.192934441,1109.78921270977
2026-07-05 01:54:04,263.625912028318,39.7617545253478,636634.390246146,1088.90726718203
2026-07-05 01:54:05,262.93989056318,40.0418828076354,633401.675756466,1067.70030057419
2026-07-05 01:54:06,262.24115681929,40.3201642983482,630233.024163051,1046.16809376299
2026-07-05 01:54:07,261.529569641861,40.596374835431,627129.410577378,1024.31075564281
2026-07-05 01:54:08,260.804998547044,40.8702825877784,624091.809033094,1002.12873693832
2026-07-05 01:54:09,260.067324928299,41.1416481561448,621121.191854077,979.622845846476
2026-07-05 01:54:10,259.316443282391,41.4102247816316,618218.528258637,956.794261689859
2026-07-05 01:54:11,258.552263007342,41.6757574944783,615384.794596436,933.644574741832
2026-07-05 01:54:12,257.774707766155,41.9379876228916,612620.92842273,910.175698581842
2026-07-05 01:54:13,256.983719758728,42.1966468053677,609927.894256601,886.390032968229
2026-07-05 01:54:14,256.179259234752,42.4514615520909,607306.637855394,862.290377135022
2026-07-05 01:54:15,255.36130637552,42.7021526719631,604758.095731172,837.879964926623
2026-07-05 01:54:16,254.529862754656,42.9484357347837,602283.194183601,813.162476003126
2026-07-05 01:54:17,253.684952774077,43.1900216543504,599882.847682583,788.142044589814
2026-07-05 01:54:18,252.826625850603,43.4266161960121,597557.968268576,762.823298432594
2026-07-05 01:54:19,251.954954947817,43.65792502009,595309.421717221,737.21124600792
2026-07-05 01:54:20,251.070042226684,43.8836479099808,593138.089650376,711.311460302485
2026-07-05 01:54:21,250.172017589076,44.1034838942045,591044.825872577,685.129965761291
2026-07-05 01:54:22,249.26104062569,44.3171310516054,589030.465325837,658.67326987201
2026-07-05 01:54:23,248.337301791024,44.5242874369115,587095.822628417,631.948364219568
2026-07-05 01:54:24,247.401023510575,44.7246520268731,585241.690938061,604.962725141929
2026-07-05 01:54:25,246.452462085271,44.9179247148868,583468.849882405,577.724344729107
2026-07-05 01:54:26,245.49190459783,45.1038117164394,581778.024940296,550.241589739188
2026-07-05 01:54:27,244.519675399451,45.2820201445818,580169.945489764,522.523402113112
2026-07-05 01:54:28,243.536132690618,45.4522635692554,578645.303367706,494.579153345659
2026-07-05 01:54:29,242.541669764263,45.6142620812521,577204.761763531,466.418669841758
2026-07-05 01:54:30,241.536715019194,45.7677435333482,575848.953612727,438.052220295988
2026-07-05 01:54:31,240.521731807317,45.9124447258415,574578.4806277,409.490503358093
2026-07-05 01:54:32,239.49721793239,46.0481126871633,573393.911568087,380.744630130218
2026-07-05 01:54:33,238.463706323707,46.1745047926674,572295.790422813,351.826148203918
2026-07-05 01:54:34,237.421758806111,46.2913941970509,571284.599116786,322.746862765885
2026-07-05 01:54:35,236.371972628058,46.398564698896,570360.810352488,293.519051706866
2026-07-05 01:54:36,235.314973850984,46.4958160479991,569524.85080385,264.155286850213
2026-07-05 01:54:37,234.251416776964,46.5829640191961,568777.108776652,234.668446462615
2026-07-05 01:54:38,233.181981961559,46.6598413758145,568117.933749561,205.071690700989
2026-07-05 01:54:39,232.107373845684,46.7262988606621,567547.63513224,175.37843184209
2026-07-05 01:54:40,231.028319882011,46.7822050264909,567066.490024694,145.602350638458
2026-07-05 01:54:41,229.945561404121,46.8274509250585,566674.709971488,115.757190977164
2026-07-05 01:54:42,228.859860122576,46.8619448878672,566372.489151866,85.8569881614251
2026-07-05 01:54:43,227.771988818812,46.8856169584992,566159.97160378,55.9158655191609
2026-07-05 01:54:44,226.682729576741,46.8984183744746,566037.258677056,25.9480422292708
2026-07-05 01:54:45,225.59287051535,46.9003218199734,566004.409138682,-4.03219825868585
2026-07-05 01:54:46,224.503202340969,46.8913216156615,566061.438838478,-34.0105432350494
2026-07-05 01:54:47,223.414514893816,46.8714337635608,566208.320596243,-63.9726852663163
2026-07-05 01:54:48,222.327595664315,46.8406949669724,566444.99157944,-93.9043073191102
2026-07-05 01:54:49,221.243218903075,46.7991658488929,566771.325021561,-123.791306139217
2026-07-05 01:54:50,220.16215346492,46.7469254502236,567187.173020376,-153.619543935216
2026-07-05 01:54:51,219.085152266121,46.6840741894091,567692.338553715,-183.375067827197
2026-07-05 01:54:52,218.012951048675,46.6107324254815,568286.582925497,-213.044096285471
2026-07-05 01:54:53,216.946265596984,46.5270397293382,568969.626560868,-242.613048560976
2026-07-05 01:54:54,215.885788984197,46.4331541230817,569741.149317233,-272.068577298496
2026-07-05 01:54:55,214.832191296855,46.3292504334395,570600.797597059,-301.397545786097
2026-07-05 01:54:56,213.786109266204,46.2155222056692,571548.160766508,-330.587252132061
2026-07-05 01:54:57,212.74815650135,46.0921763356735,572582.808551355,-359.625162807895
2026-07-05 01:54:58,211.718913788164,45.9594348546607,573704.267667035,-388.499130840643
2026-07-05 01:54:59,210.698929675698,45.8175330654599,574912.028868174,-417.197370889285
2026-07-05 01:55:00,209.688719438322,45.6667183321407,576205.548265698,-445.708478403036
2026-07-05 01:55:01,208.688764135153,45.5072489003618,577584.248227222,-474.021450979217
2026-07-05 01:55:02,207.699510134739,45.3393926434887,579047.518858424,-502.125703084058
2026-07-05 01:55:03,206.721370863738,45.1634253100584,580594.723973413,-530.011033279511
2026-07-05 01:55:04,205.754718256853,44.979631483297,582225.182987094,-557.667833729327
2026-07-05 01:55:05,204.799895631713,44.7883000704507,583938.20168578,-585.086806175534
2026-07-05 01:55:06,203.857209547965,44.5897253566732,585733.053798402,-612.259168522599
2026-07-05 01:55:07,202.926932536666,44.3842052843829,587608.987504702,-639.176611546415
2026-07-05 01:55:08,202.009303777528,44.1720403582695,589565.226765877,-665.831305425896
2026-07-05 01:55:09,201.10452995244,43.9535325903701,591600.972713453,-692.215903872488
2026-07-05 01:55:10,200.212788514612,43.7289840672277,593715.40913169,-718.323494601342
2026-07-05 01:55:11,199.33422013449,43.4986976378091,595907.688259876,-744.147796854901
2026-07-05 01:55:12,198.468942839407,43.2629735445462,598176.955710708,-769.682865846706
2026-07-05 01:55:13,197.617044733216,43.0221102463492,600522.336172699,-794.923284964175
2026-07-05 01:55:14,196.778587500794,42.7764032213148,602942.938811609,-819.864112257531
2026-07-05 01:55:15,195.953607830513,42.5261442513938,605437.858689494,-844.500873918599
2026-07-05 01:55:16,195.14211878505,42.2716207769278,608006.178085983,-868.829558325871
2026-07-05 01:55:17,194.344113448709,42.0131150194471,610646.970829785,-892.846558071082
2026-07-05 01:55:18,193.559557938984,41.7509045649113,613359.292154547,-916.548849664962
2026-07-05 01:55:19,192.788405372785,41.4852602190968,616142.19723749,-939.933701559238
2026-07-05 01:55:20,192.030588985367,41.2164467176728,618994.730959279,-962.998849107112
2026-07-05 01:55:21,191.286025572121,40.94472208962,621915.932000299,-985.742436085951
2026-07-05 01:55:22,190.554616862879,40.6703373493838,624904.834081998,-1008.16300128308
2026-07-05 01:55:23,189.836250777292,40.3935362477928,627960.46707798,-1030.25946620381
2026-07-05 01:55:24,189.130802815989,40.1145550550877,631081.858255273,-1052.03111820215
2026-07-05 01:55:25,188.438139097486,39.8336222632839,634268.034923386,-1073.4775557548
2026-07-05 01:55:26,187.758109704808,39.5509590675723,637518.018582105,-1094.59884661751
2026-07-05 01:55:27,187.090561660482,39.2667783519877,640830.836570977,-1115.3952500428
2026-07-05 01:55:28,186.435332021315,38.9812852832817,644205.515746628,-1135.86737778786
2026-07-05 01:55:29,185.792250870987,38.6946771344719,647641.085246806,-1156.01613453385
2026-07-05 01:55:30,185.161142194946,38.4071433046457,651136.577323139,-1175.84270393463
2026-07-05 01:55:31,184.541824861372,38.118865359543,654691.028207529,-1195.34853109056
2026-07-05 01:55:32,183.9341152176,37.8300170414984,658303.479637499,-1214.53526869988
2026-07-05 01:55:33,183.337820334601,37.5407646297317,661972.976182989,-1233.40492629064
2026-07-05 01:55:34,182.752750069877,37.2512666283997,665698.571250696,-1251.95960753539
2026-07-05 01:55:35,182.178710148403,36.9616741885103,669479.324036894,-1270.20166137727
2026-07-05 01:55:36,181.6155046146,36.6721311754356,673314.301066282,-1288.13362755366
2026-07-05 01:55:37,181.062936439515,36.3827743253328,677202.57674063,-1305.75822170634
2026-07-05 01:55:38,180.520807999603,36.0937334118677,681143.233856417,-1323.07832269242
2026-07-05 01:55:39,179.988921556511,35.8051314235384,685135.364065035,-1340.09695927044
2026-07-05 01:55:40,179.467081389128,35.5170847559053,689178.068189681,-1356.81726100782
2026-07-05 01:55:41,178.955087218583,35.2297033767873,693270.456972361,-1373.24259502324
2026-07-05 01:55:42,178.45274506117,34.9430910463367,697411.651081984,-1389.37632937357
2026-07-05 01:55:43,177.959860502974,34.6573455073873,701600.781548179,-1405.22197256538
2026-07-05 01:55:44,177.476240742453,34.3725586853488,705836.990061904,-1420.78312498861
2026-07-05 01:55:45,177.001694838408,34.0888168899287,710119.429235572,-1436.06346862217
2026-07-05 01:55:46,176.536033940574,33.8062010182888,714447.262814627,-1451.06675695898
2026-07-05 01:55:47,176.0790730835,33.5247868087898,718819.665053447,-1465.79677220789
2026-07-05 01:55:48,175.630624838624,33.2446448293934,723235.824205544,-1480.25745275082
2026-07-05 01:55:49,175.19050931004,32.9658409878442,727694.937798661,-1494.4526783942
2026-07-05 01:55:50,174.758547661834,32.6884365231889,732196.215929944,-1508.38640072804
2026-07-05 01:55:51,174.334563888005,32.4124882491076,736738.880574304,-1522.06260064809
2026-07-05 01:55:52,173.918384879246,32.1380487409177,741322.165692002,-1535.48528171117
2026-07-05 01:55:53,173.509840540275,31.8651665223161,745945.31725599,-1548.65846253099
2026-07-05 01:55:54,173.108765351497,31.5938863350524,750607.591741343,-1561.58613985812
2026-07-05 01:55:55,172.71499224442,31.3242489593651,755308.262311902,-1574.27240852698
2026-07-05 01:55:56,172.328361937068,31.0562919134883,760046.609707065,-1586.72126604272
2026-07-05 01:55:57,171.948716756956,30.7900492738031,764821.928191485,-1598.93673413797
2026-07-05 01:55:58,171.575902172656,30.5255519204125,769633.524091365,-1610.92282290108
2026-07-05 01:55:59,171.209766838299,30.2628276954375,774480.715724632,-1622.68352553528
2026-07-05 01:56:00,170.850162571272,30.0019015546464,779362.833345624,-1634.22281459468
2026-07-05 01:56:01,170.496944352945,29.7427957143548,784279.219070036,-1645.54463796147
2026-07-05 01:56:02,170.149971704196,29.4855299065046,789229.224581606,-1656.65288793743
2026-07-05 01:56:03,169.809102995527,29.230121055915,794212.219950902,-1667.5515096984
2026-07-05 01:56:04,169.474203993813,28.9765841002584,799227.580218692,-1678.24432920327
2026-07-05 01:56:05,169.145142061495,28.7249316568629,804274.694141689,-1688.73516443816
2026-07-05 01:56:06,168.821787596821,28.4751742601993,809352.961843823,-1699.0277938113
2026-07-05 01:56:07,168.504013975811,28.2273204771676,814461.794715261,-1709.12595431369
2026-07-05 01:56:08,168.191697521031,27.9813770194648,819600.61526736,-1719.0333393367
2026-07-05 01:56:09,167.884718762674,27.7373489792035,824768.854239199,-1728.75357205586
2026-07-05 01:56:10,167.582957075935,27.4952394089903,829965.961613361,-1738.29030519173
2026-07-05 01:56:11,167.286298675276,27.2550502058887,835191.389740414,-1747.64706612141
2026-07-05 01:56:12,166.994631152776,27.0167816787707,840444.604355225,-1756.82735909267
2026-07-05 01:56:13,166.707844812449,26.7804327717939,845725.081587972,-1765.83463767707
2026-07-05 01:56:14,166.425832599931,26.5460011479448,851032.307847486,-1774.67230422792
2026-07-05 01:56:15,166.148490058874,26.3134832703843,856365.779664225,-1783.34370898537
2026-07-05 01:56:16,165.875715248123,26.082874478005,861725.003577627,-1791.852149993
2026-07-05 01:56:17,165.607409987155,25.8541692070201,867109.492459461,-1800.20084889493
2026-07-05 01:56:18,165.343474767788,25.6273604856562,872518.779012222,-1808.39304268327
2026-07-05 01:56:19,165.083816208718,25.4024408569232,877952.395356362,-1816.43184589312
2026-07-05 01:56:20,164.828342003427,25.1794018740151,883409.886266114,-1824.32034215579
2026-07-05 01:56:21,164.576962126095,24.9582343033951,888890.805649099,-1832.06156101206
2026-07-05 01:56:22,164.32958874959,24.7389281792146,894394.71645473,-1839.65847845341
2026-07-05 01:56:23,164.086136227466,24.5214728600856,899921.190452025,-1847.11401644231
2026-07-05 01:56:24,163.846522189956,24.3058572273541,905469.804248051,-1854.4310228914
2026-07-05 01:56:25,163.610662800218,24.0920691418523,911040.154489873,-1861.61235455234
2026-07-05 01:56:26,163.378479788861,23.8800963804196,916631.834677716,-1868.66075239671
2026-07-05 01:56:27,163.14989564118,23.6699260832517,922244.45038791,-1875.57892607753
2026-07-05 01:56:28,162.924834780828,23.4615449488738,927877.615164549,-1882.36953257265
2026-07-05 01:56:29,162.703223474978,23.2549392679907,933530.950506634,-1889.03517744809
2026-07-05 01:56:30,162.484989824357,23.0500949648991,939204.085595289,-1895.57841472807
2026-07-05 01:56:31,162.270063688688,22.8469976287483,944896.657243456,-1902.0017479225
2026-07-05 01:56:32,162.058377761634,22.6456327009401,950608.305320419,-1908.30761176074
2026-07-05 01:56:33,161.849863115745,22.4459849010379,956338.689908351,-1914.49844704072
2026-07-05 01:56:34,161.644455760564,22.2480391592125,962087.465409729,-1920.57658999378
2026-07-05 01:56:35,161.442092216232,22.0517800464976,967854.297381295,-1926.54434692664
2026-07-05 01:56:36,161.242710535164,21.8571919445887,973638.858323107,-1932.4039769287
2026-07-05 01:56:37,161.046250297972,21.6642590760697,979440.827370396,-1938.15769194928
2026-07-05 01:56:38,160.852652546894,21.4729655236634,985259.890268636,-1943.80765794992
2026-07-05 01:56:39,160.661860806538,21.2832954056099,991095.734458869,-1949.35597852867
2026-07-05 01:56:40,160.473816872668,21.0952322912656,996948.06770053,-1954.80476307837
2026-07-05 01:56:41,160.288467025073,20.9087601242157,1002816.58998018,-1960.15602640852
2026-07-05 01:56:42,160.105757826367,20.72386263946,1008701.0119086,-1965.41175697187
2026-07-05 01:56:43,159.925637135415,20.5405235305524,1014601.04996791,-1970.57390061677
2026-07-05 01:56:44,159.748054045724,20.3587264618062,1020516.42650093,-1975.64436176566
2026-07-05 01:56:45,159.572958896812,20.178455089694,1026446.86937067,-1980.62500346522
2026-07-05 01:56:46,159.40030417423,19.999693217815,1032392.10708515,-1985.51763372796
2026-07-05 01:56:47,159.230040572333,19.8224242185167,1038351.88850538,-1990.32406680243
2026-07-05 01:56:48,159.062122891011,19.6466319412191,1044325.95275568,-1995.04603193293
2026-07-05 01:56:49,158.89650600616,19.4723001198833,1050314.0492443,-1999.6852362644
2026-07-05 01:56:50,158.733145889599,19.2994125412418,1056315.93229485,-2004.24334927549
2026-07-05 01:56:51,158.571999527185,19.1279530464411,1062331.36131282,-2008.72200433207
2026-07-05 01:56:52,158.413024939473,18.957905547793,1068360.10040625,-2013.12279868438
2026-07-05 01:56:53,158.256181104217,18.7892540288745,1074401.91857014,-2017.44729496098
2026-07-05 01:56:54,158.101428903478,18.6219827059276,1080456.58396814,-2021.69700751818
2026-07-05 01:56:55,157.948727359833,18.4560754454255,1086523.88533884,-2025.87345838441
2026-07-05 01:56:56,157.798039183203,18.2915166482695,1092603.59995827,-2029.97809552924
2026-07-05 01:56:57,157.649327057913,18.1282906757145,1098695.51459657,-2034.01234821997
2026-07-05 01:56:58,157.502554507758,17.9663819941599,1104799.42038752,-2037.97761451783
2026-07-05 01:56:59,157.357685906381,17.8057751855139,1110915.11253871,-2041.87526147077
2026-07-05 01:57:00,157.214686433047,17.6464549487448,1117042.39035721,-2045.70662609381
2026-07-05 01:57:01,157.073522952735,17.4884062496937,1123181.05144869,-2049.47300328115
2026-07-05 01:57:02,156.934160445398,17.3316137498542,1129330.91414422,-2053.17569672004
2026-07-05 01:57:03,156.796567293135,17.1760626696016,1135491.78383819,-2056.81594424669
2026-07-05 01:57:04,156.660711744398,17.0217382220188,1141663.4750809,-2060.39496842447
2026-07-05 01:57:05,156.52656274239,16.8686257531947,1147845.80615903,-2063.91396508525
2026-07-05 01:57:06,156.394089932251,16.7167107480869,1154038.59888265,-2067.37410358073
2026-07-05 01:57:07,156.263263646485,16.5659788345027,1160241.67843295,-2070.77652731411
2026-07-05 01:57:08,156.134054855327,16.4164157786964,1166454.8735477,-2074.12235477283
2026-07-05 01:57:09,156.006436027957,16.2680076336297,1172678.01024491,-2077.41266824967
2026-07-05 01:57:10,155.880377732761,16.1207401780245,1178910.93551835,-2080.6485600549
2026-07-05 01:57:11,155.755853670558,15.974599756166,1185153.48190442,-2083.83106483227
2026-07-05 01:57:12,155.632837300789,15.829572721872,1191405.49084735,-2086.96120554106
2026-07-05 01:57:13,155.511302650114,15.6856455755222,1197666.80691828,-2090.0399828162
2026-07-05 01:57:14,155.391224327942,15.5428049702964,1203937.2775052,-2093.0683750763
2026-07-05 01:57:15,155.272577470254,15.4010377049217,1210216.75308652,-2096.04733958712
2026-07-05 01:57:16,155.155338568929,15.2603308675314,1216505.08069547,-2098.97780204489
2026-07-05 01:57:17,155.039482219202,15.1206712869376,1222802.12858079,-2101.86069897031
2026-07-05 01:57:18,154.924985939985,14.9820463507784,1229107.74937351,-2104.69691555627
2026-07-05 01:57:19,154.811826946592,14.8444434618394,1235421.80440487,-2107.48732784042
2026-07-05 01:57:20,154.699982926962,14.7078501709376,1241744.15769562,-2110.23279290663
2026-07-05 01:57:21,154.589432058202,14.5722541816184,1248074.67566605,-2112.93414896277
2026-07-05 01:57:22,154.480152955517,14.4376433429914,1254413.22739404,-2115.59221627006
2026-07-05 01:57:23,154.37212546854,14.3040057879629,1260759.67791138,-2118.2077875541
2026-07-05 01:57:24,154.265327567049,14.1713293993157,1267113.91367594,-2120.78166691551
2026-07-05 01:57:25,154.159739953868,14.0396026032521,1273475.80458139,-2123.3146127918
2026-07-05 01:57:26,154.055342993795,13.9088138432853,1279845.22894333,-2125.80737643359
2026-07-05 01:57:27,153.952117437951,13.778951704999,1286222.06748176,-2128.26069313499
2026-07-05 01:57:28,153.850044448359,13.6500049217156,1292606.20295069,-2130.67528218205
2026-07-05 01:57:29,153.749105568546,13.5219623694636,1298997.52028876,-2133.05184746958
2026-07-05 01:57:30,153.649282704463,13.3948130646902,1305395.90663883,-2135.39107796963
2026-07-05 01:57:31,153.550558898705,13.2685462993621,1311801.24432939,-2137.69363883089
2026-07-05 01:57:32,153.452915296378,13.1431511128428,1318213.43777377,-2139.9602075036
2026-07-05 01:57:33,153.356335644839,13.0186170762648,1324632.37333906,-2142.19142067303
2026-07-05 01:57:34,153.26080327784,12.8949337670285,1331057.94600736,-2144.38791026617
2026-07-05 01:57:35,153.1663018648,12.7720908999633,1337490.05260343,-2146.55029476804
2026-07-05 01:57:36,153.072815404534,12.65007832612,1343928.59174928,-2148.67917951743
2026-07-05 01:57:37,152.980328197659,12.5288860280095,1350373.46400901,-2150.77515723887
2026-07-05 01:57:38,152.888825590991,12.4085042503127,1356824.56470954,-2152.83879981806
2026-07-05 01:57:39,152.798291079246,12.288922990277,1363281.81135367,-2154.87069139498
2026-07-05 01:57:40,152.708710595924,12.1701327521845,1369745.10283402,-2156.87137980741
2026-07-05 01:57:41,152.620069654687,12.0521240444029,1376214.34638561,-2158.8414093222
2026-07-05 01:57:42,152.532354041492,11.9348875009462,1382689.4509501,-2160.78131293559
2026-07-05 01:57:43,152.445549833178,11.8184138844996,1389170.32689557,-2162.69161235644
2026-07-05 01:57:44,152.359643352449,11.7026940780681,1395656.8863694,-2164.57281869164
2026-07-05 01:57:45,152.27462121345,11.5877190927162,1402149.04275116,-2166.4254321259
2026-07-05 01:57:46,152.190470941705,11.4734801776278,1408646.70420587,-2168.24993540579
2026-07-05 01:57:47,152.107178281179,11.3599683406272,1415149.80106698,-2170.04682317088
2026-07-05 01:57:48,152.024731270075,11.2471750725787,1421658.24426224,-2171.8165579265
2026-07-05 01:57:49,151.943117493488,11.1350918582942,1428171.95314428,-2173.55960004726
2026-07-05 01:57:50,151.862324783748,11.0237103008989,1434690.84828209,-2175.27640032327
2026-07-05 01:57:51,151.782341186903,10.9130221150687,1441214.85174359,-2176.96740047944
2026-07-05 01:57:52,151.703154985422,10.8030191305954,1447743.88677342,-2178.63303309059
2026-07-05 01:57:53,151.624755334258,10.6936934059096,1454277.87082298,-2180.27371513448
2026-07-05 01:57:54,151.547129616395,10.5850367537581,1460816.74401589,-2181.88987563586
2026-07-05 01:57:55,151.470267414284,10.477041451903,1467360.42629186,-2183.48191446116
2026-07-05 01:57:56,151.394157849631,10.3696997659816,1473908.84594319,-2185.05023020238
2026-07-05 01:57:57,151.318790244094,10.2630040677479,1480461.93241788,-2186.5952134121
2026-07-05 01:57:58,151.244154115857,10.1569468330413,1487019.61633298,-2188.11724678253
2026-07-05 01:57:59,151.170239167065,10.0515206395405,1493581.8295049,-2189.6167054009
2026-07-05 01:58:00,151.097035300667,9.94671816888842,1500148.50470594,-2191.09395671341
2026-07-05 01:58:01,151.024533217255,9.84253231381671,1506719.56872662,-2192.54935473903
2026-07-05 01:58:02,150.95272190713,9.73895572500759,1513294.97108065,-2193.9832650962
2026-07-05 01:58:03,150.881592435923,9.63598149318043,1519874.64059979,-2195.39602748203
2026-07-05 01:58:04,150.811135404513,9.53360269055167,1526458.51438588,-2196.78798108537
2026-07-05 01:58:05,150.74134158256,9.43181248412115,1533046.53053827,-2198.15945838765
2026-07-05 01:58:06,150.672201896515,9.33060413304753,1539638.62821909,-2199.51078539198
2026-07-05 01:58:07,150.60370744668,9.22997099101612,1546234.74739253,-2200.84228157058
2026-07-05 01:58:08,150.535850085186,9.1299066101841,1552834.8217918,-2202.15425447265
2026-07-05 01:58:09,150.468619989723,9.030404301132,1559438.80807842,-2203.44702297519
2026-07-05 01:58:10,150.402009327143,8.93145779550866,1566046.64174605,-2204.72088238871
2026-07-05 01:58:11,150.336009796059,8.83306080050406,1572658.26655105,-2205.9761280689
2026-07-05 01:58:12,150.270613240706,8.73520710944796,1579273.62709233,-2207.21304963404
2026-07-05 01:58:13,150.205811639159,8.63789059853535,1585892.66893333,-2208.43193117593
2026-07-05 01:58:14,150.14159711754,8.54110522924705,1592515.3383376,-2209.63305121936
2026-07-05 01:58:15,150.077962526779,8.44484515224832,1599141.57494359,-2210.81667753934
2026-07-05 01:58:16,150.014899059002,8.34910427316036,1605771.34180173,-2211.98308910927
2026-07-05 01:58:17,149.95239983098,8.2538769037754,1612404.58015324,-2213.13254328219
2026-07-05 01:58:18,149.890457486995,8.15915732547273,1619041.23954117,-2214.26529792204
2026-07-05 01:58:19,149.829064795374,8.06493989686507,1625681.27027972,-2215.38160599592
2026-07-05 01:58:20,149.768214646012,7.97121905274664,1632324.62343432,-2216.48171567939
2026-07-05 01:58:21,149.707900047822,7.87798930290058,1638971.25081291,-2217.56587046125
2026-07-05 01:58:22,149.64811412968,7.7852452318135,1645621.10489323,-2218.6343092138
2026-07-05 01:58:23,149.588850698368,7.69298159990145,1652274.13135956,-2219.68726138669
2026-07-05 01:58:24,149.530101958437,7.60119292581933,1658930.29937732,-2220.72496707862
2026-07-05 01:58:25,149.471861951897,7.50987411492215,1665589.55588002,-2221.7476469048
2026-07-05 01:58:26,149.414124243132,7.41902003533825,1672251.85621325,-2222.75552242773
2026-07-05 01:58:27,149.356882508142,7.32862562495337,1678917.15630124,-2223.74881104099
2026-07-05 01:58:28,149.300130524655,7.23868588909853,1685585.41272964,-2224.72772612396
2026-07-05 01:58:29,149.243862174662,7.14919590029495,1692256.58267787,-2225.69247708888
2026-07-05 01:58:30,149.188071986796,7.06015089724765,1698930.61634159,-2226.64326487871
2026-07-05 01:58:31,149.132752923657,6.97154587801426,1705607.48759015,-2227.5803006979
2026-07-05 01:58:32,149.077899714946,6.88337621128445,1712287.14775518,-2228.50377791855
2026-07-05 01:58:33,149.023506624674,6.79563722584855,1718969.55648518,-2229.41389103152
2026-07-05 01:58:34,148.969568008601,6.70832431254601,1725654.67399248,-2230.31083098325
2026-07-05 01:58:35,148.91607831218,6.62143292298035,1732342.4610706,-2231.19478525427
2026-07-05 01:58:36,148.863032072011,6.53495856942742,1739032.87902114,-2232.06593790425
2026-07-05 01:58:37,148.810423900555,6.4488968214096,1745725.88984138,-2232.92446975392
2026-07-05 01:58:38,148.758249049208,6.36324340891897,1752421.44800376,-2233.77055389873
2026-07-05 01:58:39,148.706501220661,6.2779938183561,1759119.53221827,-2234.60437342842
2026-07-05 01:58:40,148.655175827096,6.19314389306014,1765820.09809122,-2235.42609513546
2026-07-05 01:58:41,148.604267816107,6.10868943145368,1772523.10963841,-2236.23588717091
2026-07-05 01:58:42,148.553772219733,6.02462628812189,1779228.53127385,-2237.03391464298
2026-07-05 01:58:43,148.503684138074,5.94095037009106,1785936.32803335,-2237.82033979771
2026-07-05 01:58:44,148.453998754058,5.85765763902618,1792646.46532537,-2238.59532195064
2026-07-05 01:58:45,148.40471184485,5.77474420517839,1799358.90117793,-2239.35901356788
2026-07-05 01:58:46,148.355817682918,5.692205939012,1806073.61786689,-2240.11157662139
2026-07-05 01:58:47,148.307312198603,5.61003905503793,1812790.57425039,-2240.85315802765
2026-07-05 01:58:48,148.25919085557,5.52823971901368,1819509.73768276,-2241.58390624341
2026-07-05 01:58:49,148.211449191758,5.44680414697909,1826231.07589102,-2242.30396709169
2026-07-05 01:58:50,148.164082811215,5.36572860366203,1832954.557038,-2243.0134838654
2026-07-05 01:58:51,148.11708738675,5.28500940201302,1839680.14969322,-2243.71259735125
2026-07-05 01:58:52,148.070458646355,5.20464290073046,1846407.82297471,-2244.40144597018
2026-07-05 01:58:53,148.024192902196,5.1246256015515,1853137.53822626,-2245.08016188616
2026-07-05 01:58:54,147.978284999564,5.04495376833836,1859869.28124785,-2245.74888630922
2026-07-05 01:58:55,147.93273136516,4.9656239921711,1866603.01437367,-2246.40774681828
2026-07-05 01:58:56,147.887527984821,4.88663281575464,1873338.70818067,-2247.05687248875
2026-07-05 01:58:57,147.842670900771,4.80797682518224,1880076.33367386,-2247.6963902132
2026-07-05 01:58:58,147.798156216167,4.72965265036098,1886815.86218799,-2248.32642470374
2026-07-05 01:58:59,147.753980081534,4.65165696199204,1893557.26558798,-2248.94709862566
2026-07-05 01:59:00,147.710139211002,4.57398656730817,1900300.50782238,-2249.5585289349
2026-07-05 01:59:01,147.666628882601,4.49663803722953,1907045.57749559,-2250.16084124511
2026-07-05 01:59:02,147.623445910365,4.41960825943409,1913792.43945402,-2250.75414852986
2026-07-05 01:59:03,147.580586672809,4.3428940707725,1920541.06683007,-2251.33856532378
2026-07-05 01:59:04,147.538047597873,4.26649234718798,1927291.43314158,-2251.91420426358
2026-07-05 01:59:05,147.495825164909,4.19040000387459,1934043.51222162,-2252.48117610385
2026-07-05 01:59:06,147.453915904593,4.11461399419959,1940797.27825762,-2253.03958975067
2026-07-05 01:59:07,147.412316876579,4.03913139967917,1947552.69760979,-2253.58954899379
2026-07-05 01:59:08,147.371023741924,3.96394906820618,1954309.76139816,-2254.13116584728
2026-07-05 01:59:09,147.330033663485,3.88906415644839,1961068.4365592,-2254.66454052501
2026-07-05 01:59:10,147.289343356919,3.81447376496118,1967828.69864901,-2255.18977495982
2026-07-05 01:59:11,147.248949597318,3.74017503254413,1974590.52329961,-2255.70696932097
2026-07-05 01:59:12,147.208849194426,3.6661651312103,1981353.88662559,-2256.21622220977
2026-07-05 01:59:13,147.169039009189,3.59244126900365,1988118.7649152,-2256.71763057284
2026-07-05 01:59:14,147.129515940983,3.519000687114,1994885.1348447,-2257.21128981432
2026-07-05 01:59:15,147.090277406346,3.44584074955868,2001652.96505717,-2257.69729065607
2026-07-05 01:59:16,147.051319453453,3.37295858884512,2008422.2491595,-2258.17573163803
2026-07-05 01:59:17,147.01263957642,3.30035163377139,2015192.95649772,-2258.64670049701
2026-07-05 01:59:18,146.97423485147,3.22801725927721,2021965.06469815,-2259.11028655585
2026-07-05 01:59:19,146.936102384702,3.1559528703447,2028738.55182196,-2259.56657776938
2026-07-05 01:59:20,146.898239328139,3.08415590449912,2035513.39608286,-2260.01566064262
2026-07-05 01:59:21,146.86064286744,3.01262382917961,2042289.57604932,-2260.45762033258
2026-07-05 01:59:22,146.823310689728,2.94135422962904,2049067.06216529,-2260.89253769025
2026-07-05 01:59:23,146.786239141349,2.87034446171604,2055845.84999038,-2261.32050102634
2026-07-05 01:59:24,146.749425977711,2.79959216916363,2062625.91061284,-2261.7415885789
2026-07-05 01:59:25,146.712868542315,2.72909494049089,2069407.22343165,-2262.15588017383
2026-07-05 01:59:26,146.676564204303,2.65885039125782,2076189.76825393,-2262.5634544421
2026-07-05 01:59:27,146.640510371684,2.58885616605609,2082973.52505983,-2262.96438875616
2026-07-05 01:59:28,146.604704492066,2.51910993850901,2089758.47395844,-2263.3587592448
2026-07-05 01:59:29,146.569144035676,2.44960940762938,2096544.59550234,-2263.74664091733
2026-07-05 01:59:30,146.533826962612,2.38035238580444,2103331.86194813,-2264.12810482873
2026-07-05 01:59:31,146.498749921397,2.31133645855931,2110120.27083143,-2264.50322910524
2026-07-05 01:59:32,146.463910930052,2.24255949019003,2116909.79501241,-2264.87208255884
2026-07-05 01:59:33,146.429307601748,2.17401928875598,2123700.41567462,-2265.23473557509
2026-07-05 01:59:34,146.394937569731,2.10571368579769,2130492.11443453,-2265.59125752215
2026-07-05 01:59:35,146.360798509209,2.0376405404617,2137284.87289113,-2265.9417166349
2026-07-05 01:59:36,146.326888112147,1.96979773429838,2144078.67310871,-2266.2861801824
2026-07-05 01:59:37,146.293204551872,1.90218325908793,2150873.48867661,-2266.6247117495
2026-07-05 01:59:38,146.259744708092,1.83479488024206,2157669.31877378,-2266.95738170546
2026-07-05 01:59:39,146.226506802755,1.76763063605173,2164466.13759295,-2267.28425167689
2026-07-05 01:59:40,146.193488657668,1.70068850725196,2171263.92772322,-2267.60538485101
2026-07-05 01:59:41,146.160688111706,1.63396649584433,2178062.67215271,-2267.92084352207
2026-07-05 01:59:42,146.128103042093,1.56746262887258,2184862.35384642,-2268.23068898233
2026-07-05 01:59:43,146.095731339952,1.50117495362131,2191662.95620447,-2268.53498167698
2026-07-05 01:59:44,146.063571365143,1.43510162378435,2198464.45408043,-2268.83377863862
2026-07-05 01:59:45,146.031620208565,1.36924056886591,2205266.84805642,-2269.1271433628
2026-07-05 01:59:46,145.999876272752,1.30358998465897,2212070.11354797,-2269.41513115711
2026-07-05 01:59:47,145.968337566104,1.23814800860639,2218874.2344051,-2269.69779886086
2026-07-05 01:59:48,145.937002112535,1.17291279747818,2225679.19484128,-2269.97520252247
2026-07-05 01:59:49,145.905867966676,1.10788253031296,2232484.97909327,-2270.24739732639
2026-07-05 01:59:50,145.874933201325,1.0430554052915,2239291.571717,-2270.51443767601
2026-07-05 01:59:51,145.844195919293,0.978429642429487,2246098.9572725,-2270.77637713927
2026-07-05 01:59:52,145.813654669094,0.914003562083847,2252907.11191769,-2271.03326620409
2026-07-05 01:59:53,145.783306747098,0.849775261213609,2259716.03787199,-2271.28516152478
2026-07-05 01:59:54,145.753150750333,0.785743100121471,2266525.71156586,-2271.53211202908
2026-07-05 01:59:55,145.723184871017,0.721905376662711,2273336.11826724,-2271.77416823122
2026-07-05 01:59:56,145.693407320248,0.658260407355503,2280147.24343171,-2272.01137992791
2026-07-05 01:59:57,145.663816338823,0.594806528744502,2286959.07252511,-2272.24379615212
2026-07-05 01:59:58,145.634410179917,0.531542094298053,2293771.59132954,-2272.47146527535
2026-07-05 01:59:59,145.605187538699,0.468465556217883,2300584.77700039,-2272.69443276818
2026-07-05 02:00:00,145.57614588792,0.405575146726354,2307398.63274629,-2272.91274993546
2026-07-05 02:00:01,145.547283959576,0.342869352944662,2314213.13612408,-2273.12646090038
2026-07-05 02:00:02,145.518600096328,0.280346601089478,2321028.27335059,-2273.33561127914
2026-07-05 02:00:03,145.490092655162,0.218005333724627,2327844.03088349,-2273.54024606523
2026-07-05 02:00:04,145.461760020493,0.155844011848426,2334660.39516437,-2273.74040957161
2026-07-05 02:00:05,145.433600588258,0.0938611119474878,2341477.35291683,-2273.93614552145
2026-07-05 02:00:06,145.405612778951,0.0320551280352787,2348294.890895,-2274.12749699065
2026-07-05 03:28:31,263.926277893515,0.0120739657400562,2362976.35979605,966.291340753475
2026-07-05 03:28:32,263.764105175298,0.0376545948351531,2360088.06493124,960.588600491634
2026-07-05 03:28:33,263.601530495456,0.0631116464562605,2357216.89881454,954.863980368827
2026-07-05 03:28:34,263.438554732475,0.0884440884119863,2354362.92713061,949.117507237095
2026-07-05 03:28:35,263.275178792077,0.113650887394366,2351526.21534609,943.349209682915
2026-07-05 03:28:36,263.111403608303,0.138731008924195,2348706.82872284,937.559118073897
2026-07-05 03:28:37,262.94723014743,0.163683413402766,2345904.83276127,931.747264606136
2026-07-05 03:28:38,262.78265954586,0.188506926356224,2343120.30753959,925.913685071924
2026-07-05 03:28:39,262.617692539072,0.213200778640755,2340353.28802457,920.058411653132
2026-07-05 03:28:40,262.452330323746,0.237763790290769,2337603.85429583,914.181483788183
2026-07-05 03:28:41,262.286573982826,0.262194916208714,2334872.07121382,908.282940978791
2026-07-05 03:28:42,262.120424629851,0.286493109335548,2332158.00356077,902.362824604952
2026-07-05 03:28:43,261.953883406923,0.310657322687589,2329461.71582382,896.421177906409
2026-07-05 03:28:44,261.786951489912,0.33468650490409,2326783.27269163,890.458046067304
2026-07-05 03:28:45,261.619630233853,0.358579469820599,2324122.75335197,884.473478298571
2026-07-05 03:28:46,261.451920570378,0.382335439585995,2321480.19196867,878.467519310084
2026-07-05 03:28:47,261.283823917137,0.405953224161679,2318855.66765095,872.440222159798
2026-07-05 03:28:48,261.115341571276,0.429431769945672,2316249.24429122,866.391639736143
2026-07-05 03:28:49,260.946474861796,0.452770022198492,2313660.98566559,860.321826907879
2026-07-05 03:28:50,260.777225146677,0.475966927209067,2311090.95520553,854.230840474252
2026-07-05 03:28:51,260.607593819659,0.499021427627557,2308539.21651528,848.118739306374
2026-07-05 03:28:52,260.437582301356,0.521932469643676,2306005.83259759,841.985584199476
2026-07-05 03:28:53,260.267192209275,0.54469885847983,2303490.88155802,835.831440577838
2026-07-05 03:28:54,260.096424706696,0.567319814287753,2300994.39622572,829.656368223162
2026-07-05 03:28:55,259.925281472836,0.589794143152436,2298516.4542406,823.460436558355
2026-07-05 03:28:56,259.753764058632,0.612120789306944,2296057.11804254,817.243714557261
2026-07-05 03:28:57,259.58187404645,0.634298697449384,2293616.44984895,811.006273225584
2026-07-05 03:28:58,259.409613051315,0.656326812717701,2291194.51166704,804.748185651524
2026-07-05 03:28:59,259.236982721883,0.678204080076835,2288791.36536917,798.469527029348
2026-07-05 03:29:00,259.063984906663,0.699929309020013,2286407.08728416,792.170377508539
2026-07-05 03:29:01,258.89062097812,0.72150172421056,2284041.70884339,785.850810636079
2026-07-05 03:29:02,258.716892853589,0.742920133359273,2281695.30632376,779.510910798929
2026-07-05 03:29:03,258.542802308208,0.764183488543929,2279367.94031161,773.150761528837
2026-07-05 03:29:04,258.36835115388,0.785290740124868,2277059.67147261,766.77044855274
2026-07-05 03:29:05,258.193541233924,0.806240840829233,2274770.56012204,760.370059694159
2026-07-05 03:29:06,258.018374426016,0.827032744237354,2272500.66639764,753.949684948844
2026-07-05 03:29:07,257.842852816534,0.847665269456829,2270250.06474942,747.509419691874
2026-07-05 03:29:08,257.666977992067,0.868137651551847,2268018.78503887,741.049351666723
2026-07-05 03:29:09,257.490752107901,0.888448710736856,2265806.9014914,734.569580580409
2026-07-05 03:29:10,257.31417717013,0.908597411627123,2263614.47282176,728.07020497188
2026-07-05 03:29:11,257.137255221853,0.928582718566644,2261441.55773935,721.551325627075
2026-07-05 03:29:12,256.959988338037,0.948403599343041,2259288.21456178,715.013045475867
2026-07-05 03:29:13,256.782378627852,0.968059023770719,2257154.50137687,708.455469645448
2026-07-05 03:29:14,256.604428230104,0.987547967317586,2255040.47566792,701.878705376536
2026-07-05 03:29:15,256.426139511058,1.00686926574794,2252946.20975731,695.282865929576
2026-07-05 03:29:16,256.247514300575,1.02602217770524,2250871.73107749,688.668055534715
2026-07-05 03:29:17,256.068555026869,1.04500554805397,2248817.11104641,682.034391712949
2026-07-05 03:29:18,255.889263964069,1.06381836383809,2246782.40601466,675.381990509446
2026-07-05 03:29:19,255.709643420669,1.08245961478654,2244767.67209943,668.710970181191
2026-07-05 03:29:20,255.529695735711,1.10092829683435,2242772.96482353,662.021451138203
2026-07-05 03:29:21,255.34942328323,1.11922340821494,2240798.33954025,655.313556011359
2026-07-05 03:29:22,255.168828667311,1.13734381346315,2238843.8657883,648.587413737547
2026-07-05 03:29:23,254.987913931276,1.15528879930054,2236909.56865944,641.843143111001
2026-07-05 03:29:24,254.806681746913,1.17305723711479,2234995.5171857,635.080877460162
2026-07-05 03:29:25,254.625134616214,1.1906481461117,2233101.76491423,628.300748108415
2026-07-05 03:29:26,254.443275078168,1.20806054775606,2231228.3652846,621.50288866169
2026-07-05 03:29:27,254.261105703245,1.22529346947561,2229375.37125029,614.68743488445
2026-07-05 03:29:28,254.078629095324,1.24234594331546,2227542.83543204,607.854524735799
2026-07-05 03:29:29,253.895847887217,1.25921700950755,2225730.80975537,601.004298282199
2026-07-05 03:29:30,253.712764957106,1.27590557150788,2223939.36064726,594.136902428026
2026-07-05 03:29:31,253.529382590447,1.29241095696459,2222168.51027813,587.252472567041
2026-07-05 03:29:32,253.345703724125,1.30873208433362,2220418.32390118,580.351159783777
2026-07-05 03:29:33,253.161731123485,1.32486801506377,2218688.85199071,573.433112880783
2026-07-05 03:29:34,252.97746758443,1.34081781780779,2216980.14448925,566.498482778249
2026-07-05 03:29:35,252.792915936083,1.35658056700886,2215292.25096755,559.547422576087
2026-07-05 03:29:36,252.608079034885,1.37215534659095,2213625.22025156,552.580087410495
2026-07-05 03:29:37,252.422959991208,1.38754110510733,2211979.11552218,545.596639622644
2026-07-05 03:29:38,252.237561294371,1.40273721600392,2210353.95596248,538.597228796499
2026-07-05 03:29:39,252.051886110766,1.41774264532921,2208749.80348896,531.582021321908
2026-07-05 03:29:40,251.865937425852,1.43255650313611,2207166.7052999,524.551180880782
2026-07-05 03:29:41,251.679718254029,1.44717790795654,2205604.70801394,517.504873191881
2026-07-05 03:29:42,251.493231640727,1.46160598610234,2204063.85775528,510.443266067425
2026-07-05 03:29:43,251.306480661587,1.47583987157138,2202544.20017497,503.366529369421
2026-07-05 03:29:44,251.119468647888,1.48987856908279,2201045.7946545,496.274840366888
2026-07-05 03:29:45,250.932198283324,1.50372150630421,2199568.65708988,489.168362321577
2026-07-05 03:29:46,250.744672959199,1.51736770330176,2198112.84598921,482.047276537038
2026-07-05 03:29:47,250.556895867248,1.53081633006025,2196678.40468867,474.911760933515
2026-07-05 03:29:48,250.368870233616,1.54406656169172,2195265.37637553,467.76199553433
2026-07-05 03:29:49,250.180599308824,1.55711758537481,2193873.80338233,460.598162239348
2026-07-05 03:29:50,249.992086374254,1.56996859599583,2192503.72764938,453.420444957831
2026-07-05 03:29:51,249.803334739448,1.58261879817318,2191155.19052718,446.229029543914
2026-07-05 03:29:52,249.614347979532,1.59506726775175,2189828.24706202,439.024109616253
2026-07-05 03:29:53,249.425128986003,1.60731350473095,2188522.90901525,431.805863217372
2026-07-05 03:29:54,249.23568138505,1.61935660636432,2187239.2301202,424.574487638393
2026-07-05 03:29:55,249.046008599538,1.63119581461866,2185977.24964622,417.33017638706
2026-07-05 03:29:56,248.856114074032,1.64283038472999,2184737.00596597,410.07312469425
2026-07-05 03:29:57,248.666001282467,1.65425958077265,2183518.53702277,402.803529691666
2026-07-05 03:29:58,248.475673723856,1.66548267778179,2182321.88012316,395.521590283992
2026-07-05 03:29:59,248.285135171413,1.67649882371469,2181147.0861149,388.227513465488
2026-07-05 03:30:00,248.094388683095,1.68730758996498,2179994.16289143,380.921489230623
2026-07-05 03:30:01,247.90343807792,1.6979081481795,2178863.15990849,373.603727926029
2026-07-05 03:30:02,247.712286959904,1.70829981522882,2177754.11224113,366.27443555509
2026-07-05 03:30:03,247.520938952407,1.71848192232578,2176667.05403496,358.933819688858
2026-07-05 03:30:04,247.329397704892,1.72845381102015,2175602.01892734,351.582089617085
2026-07-05 03:30:05,247.137666892436,1.73821483336159,2174559.04004053,344.219456319486
2026-07-05 03:30:06,246.945750209241,1.74776435544838,2173538.14962876,336.846132285076
2026-07-05 03:30:07,246.753651635481,1.75710161621339,2172539.39352143,329.462338467753
2026-07-05 03:30:08,246.561374395129,1.76622627976541,2171562.77467501,322.06827707346
2026-07-05 03:30:09,246.368922509586,1.77513760996548,2170608.33756343,314.664172036942
2026-07-05 03:30:10,246.176299767147,1.78383501911839,2169676.11208972,307.250242180993
2026-07-05 03:30:11,245.983509972127,1.79231793466253,2168766.1272271,299.826707668397
2026-07-05 03:30:12,245.790556955549,1.80058579362056,2167878.41159479,292.393790268876
2026-07-05 03:30:13,245.597444563721,1.80863804839856,2167012.9928752,284.951713038571
2026-07-05 03:30:14,245.40417693348,1.81647402699764,2166169.91206641,277.500707655351
2026-07-05 03:30:15,245.210757420994,1.82409347745575,2165349.16801242,270.040985805654
2026-07-05 03:30:16,245.017190195968,1.83149575598727,2164550.80014802,262.572781685812
2026-07-05 03:30:17,244.823479187976,1.83868036420169,2163774.8337536,255.096323902065
2026-07-05 03:30:18,244.629628338406,1.84564682042238,2163021.29308053,247.611842163201
2026-07-05 03:30:19,244.43564161225,1.85239465345356,2162290.20199359,240.119567572783
2026-07-05 03:30:20,244.24152298641,1.85892340830569,2161581.58339614,232.619732294856
2026-07-05 03:30:21,244.047276458378,1.86523264181066,2160895.45968379,225.11256976939
2026-07-05 03:30:22,243.85290631801,1.87132179130024,2160231.86609363,217.598322130344
2026-07-05 03:30:23,243.658416037148,1.87719071178704,2159590.79613017,210.077209829332
2026-07-05 03:30:24,243.463809939179,1.88283886647174,2158972.28382869,202.549477220748
2026-07-05 03:30:25,243.269092079803,1.88826586985983,2158376.34856893,195.015361985635
2026-07-05 03:30:26,243.074266532786,1.89347134913469,2157803.00917045,187.475102917284
2026-07-05 03:30:27,242.879337384454,1.89845494615685,2157252.28369556,179.928939736238
2026-07-05 03:30:28,242.684308733886,1.90321631751851,2156724.18945016,172.377113081851
2026-07-05 03:30:29,242.489184984533,1.90775499902018,2156218.75673234,164.819872607303
2026-07-05 03:30:30,242.293969682428,1.91207094511407,2155735.97413209,157.257444629001
2026-07-05 03:30:31,242.098667253334,1.91616372056622,2155275.87051629,149.690080410847
2026-07-05 03:30:32,241.903281845453,1.92003303989034,2154838.46032274,142.118023989954
2026-07-05 03:30:33,241.707817614744,1.92367863347794,2154423.75714328,134.541520064731
2026-07-05 03:30:34,241.512278732954,1.92710024398212,2154031.77409501,126.960814202996
2026-07-05 03:30:35,241.316669375113,1.93029763187323,2153662.52326183,119.376152469836
2026-07-05 03:30:36,241.120994027711,1.93327043812594,2153316.02960445,111.787790123475
2026-07-05 03:30:37,240.925256294089,1.93601871572669,2152992.2771361,104.195957798052
2026-07-05 03:30:38,240.729460671775,1.93854213732211,2152691.28917433,96.6009117343612
2026-07-05 03:30:39,240.533611373786,1.94084052132501,2152413.07505914,89.0029004518811
2026-07-05 03:30:40,240.337712615525,1.94291370312928,2152157.64320028,81.4021728204724
2026-07-05 03:30:41,240.141768624507,1.94476153079354,2151925.0015172,73.7989783175634
2026-07-05 03:30:42,239.94578362824,1.94638387014623,2151715.15692492,66.1935666599864
2026-07-05 03:30:43,239.749761863669,1.94778060048093,2151528.11577211,58.5861880502722
2026-07-05 03:30:44,239.553707874923,1.94895148823873,2151363.8966248,50.9771017195018
2026-07-05 03:30:45,239.357625295728,1.94989670317204,2151222.4780385,43.366540887382
2026-07-05 03:30:46,239.161518679387,1.95061604107237,2151103.87721192,35.7547653468669
2026-07-05 03:30:47,238.965392273267,1.95110944440235,2151008.09730456,28.1420262190473
2026-07-05 03:30:48,238.769250333647,1.95137686850243,2150935.14097687,20.5285749845941
2026-07-05 03:30:49,238.573097112099,1.95141828662425,2150885.00988169,12.9146630564582
2026-07-05 03:30:50,238.376936864552,1.95123368634827,2150857.70502733,5.30054202823329
2026-07-05 03:30:51,238.180774165511,1.95082294116289,2150853.23977067,-2.3135272090127
2026-07-05 03:30:52,237.984612637242,1.95018632809141,2150871.58744662,-9.92731147390384
2026-07-05 03:30:53,237.788456853766,1.94932375082257,2150912.75996674,-17.5405499213682
2026-07-05 03:30:54,237.592311066444,1.94823526000465,2150976.75517877,-25.1529911314232
2026-07-05 03:30:55,237.396179530973,1.94692091921423,2151063.57042602,-32.7643836269379
2026-07-05 03:30:56,237.200066498315,1.94538080846703,2151173.20219132,-40.3744761597778
2026-07-05 03:30:57,237.003976214242,1.94361502418619,2151305.64609872,-47.9830177464668
2026-07-05 03:30:58,236.807912927644,1.94162367534299,2151460.89730241,-55.5897574554161
2026-07-05 03:30:59,236.611881199114,1.93940676424807,2151638.96255321,-63.1944353168667
2026-07-05 03:31:00,236.415884619397,1.93696468308314,2151839.80993169,-70.7968201342469
2026-07-05 03:31:01,236.219927745523,1.93429746161266,2152063.44499869,-78.3966524470274
2026-07-05 03:31:02,236.024014800511,1.93140527265228,2152309.85962629,-85.993682863022
2026-07-05 03:31:03,235.828150005989,1.92828830245803,2152579.04511466,-93.5876622804491
2026-07-05 03:31:04,235.632337572103,1.92494675413598,2152870.99184344,-101.178342213651
2026-07-05 03:31:05,235.436581709521,1.92138084312199,2153185.68972646,-108.765474452974
2026-07-05 03:31:06,235.240886942894,1.91759068000005,2153523.14008396,-116.348801768603
2026-07-05 03:31:07,235.045256800936,1.91357675851374,2153883.30618277,-123.928096888962
2026-07-05 03:31:08,234.849695798261,1.90933921573584,2154266.18820415,-131.503103595808
2026-07-05 03:31:09,234.654208100748,1.90487833061933,2154671.77272015,-139.0735764164
2026-07-05 03:31:10,234.458797874369,1.90019439315978,2155100.04594658,-146.639270280747
2026-07-05 03:31:11,234.263469265812,1.8952877111134,2155550.99305687,-154.199941124003
2026-07-05 03:31:12,234.068226419823,1.89015860384183,2156024.59880144,-161.755345379992
2026-07-05 03:31:13,233.87307379872,1.88480728760276,2156520.8591475,-169.305230430882
2026-07-05 03:31:14,233.678014842198,1.87923435454353,2157039.7326502,-176.849374801356
2026-07-05 03:31:15,233.483053995272,1.87344004644824,2157581.21416438,-184.387527398995
2026-07-05 03:31:16,233.288195342587,1.86742474412077,2158145.28516738,-191.919448454862
2026-07-05 03:31:17,233.093442964311,1.86118883924542,2158731.9267579,-199.444898885498
2026-07-05 03:31:18,232.898800921939,1.85473273930594,2159341.11914996,-206.963640735271
2026-07-05 03:31:19,232.704273262813,1.84805686547775,2159972.84188012,-214.47543706598
2026-07-05 03:31:20,232.50986402149,1.84116165221895,2160627.07384228,-221.980051927689
2026-07-05 03:31:21,232.315577557138,1.83404743183102,2161303.80503031,-229.477240192261
2026-07-05 03:31:22,232.121417180262,1.82671490257525,2162002.9888883,-236.966789046542
2026-07-05 03:31:23,231.927387221224,1.81916442210175,2162724.61420715,-244.448455547049
2026-07-05 03:31:24,231.733491644797,1.8113964808429,2163468.65694624,-251.922008468526
2026-07-05 03:31:25,231.539734402085,1.80341158131838,2164235.09250582,-259.387217697999
2026-07-05 03:31:26,231.346119420833,1.79521024092899,2165023.89543412,-266.84385454997
2026-07-05 03:31:27,231.152650618602,1.78679298765472,2165835.03985768,-274.291691377088
2026-07-05 03:31:28,230.959332237309,1.77816025029126,2166668.51067745,-281.730491433945
2026-07-05 03:31:29,230.766167447056,1.76931281494282,2167524.25696748,-289.160051285101
2026-07-05 03:31:30,230.57316045514,1.76025113377796,2168402.26251044,-296.580136797017
2026-07-05 03:31:31,230.380315093613,1.75097578837795,2169302.49850708,-303.9905260219
2026-07-05 03:31:32,230.187635177041,1.7414873715389,2170224.93562686,-311.390998365118
2026-07-05 03:31:33,229.995124494314,1.73178649003169,2171169.5437167,-318.781334841583
2026-07-05 03:31:34,229.802786820478,1.72187376032985,2172136.29222805,-326.161317736134
2026-07-05 03:31:35,229.610625898423,1.71174981415137,2173125.1496402,-333.530731176439
2026-07-05 03:31:36,229.418645816695,1.70141518054011,2174136.09553383,-340.889349619175
2026-07-05 03:31:37,229.226849558199,1.69087073833596,2175169.07421825,-348.236982138669
2026-07-05 03:31:38,229.035241160497,1.68011704092681,2176224.06390212,-355.573406548136
2026-07-05 03:31:39,228.84382428137,1.66915476477115,2177301.03073683,-362.898413162409
2026-07-05 03:31:40,228.652602549472,1.65798459923458,2178399.94008922,-370.211794118446
2026-07-05 03:31:41,228.461579575454,1.64660724305099,2179520.75689429,-377.5133430459
2026-07-05 03:31:42,228.270758943135,1.63502340663049,2180663.44540743,-384.802855352651
2026-07-05 03:31:43,228.080144572578,1.62323370307781,2181827.98040665,-392.080117131969
2026-07-05 03:31:44,227.889739264428,1.61123908427003,2183014.30231985,-399.344949698186
2026-07-05 03:31:45,227.699546895051,1.59904018181214,2184222.38500296,-406.597142459091
2026-07-05 03:31:46,227.50957093949,1.58663775056748,2185452.1901138,-413.836498102126
2026-07-05 03:31:47,227.319814853638,1.5740325535402,2186703.67893885,-421.062820915873
2026-07-05 03:31:48,227.13028206449,1.5612253644313,2187976.81211867,-428.275917101175
2026-07-05 03:31:49,226.940975973853,1.54821696626516,2189271.54977801,-435.475594668355
2026-07-05 03:31:50,226.75189994828,1.53500815423379,2190587.85122061,-442.66166375198
2026-07-05 03:31:51,226.563057712807,1.52159962270476,2191925.68660277,-449.833924556851
2026-07-05 03:31:52,226.374451836754,1.50799239814292,2193284.99215496,-456.992213777471
2026-07-05 03:31:53,226.186085977877,1.49418719616369,2194665.73664389,-464.136335823036
2026-07-05 03:31:54,225.997963398286,1.48018484692225,2196067.8773875,-471.266108311814
2026-07-05 03:31:55,225.810087329459,1.46598619009035,2197491.3710975,-478.381350891395
2026-07-05 03:31:56,225.622460975268,1.45159207346135,2198936.17401183,-485.481885159767
2026-07-05 03:31:57,225.435087502624,1.4370033557572,2200402.24159155,-492.567534950835
2026-07-05 03:31:58,225.24797044025,1.42222079662591,2201889.53994223,-499.638114116683
2026-07-05 03:31:59,225.061112143922,1.40724547796747,2203398.00201457,-506.693473610644
2026-07-05 03:32:00,224.874516071608,1.39207817817782,2204927.59261417,-513.733431703239
2026-07-05 03:32:01,224.688185278396,1.37671978613165,2206478.26538056,-520.757820159841
2026-07-05 03:32:02,224.502122787391,1.36117119900192,2208049.97338872,-527.766472863046
2026-07-05 03:32:03,224.316331590822,1.34543332145694,2209642.66922026,-534.759225789528
2026-07-05 03:32:04,224.130814650007,1.32950706549186,2211256.30496873,-541.735917015095
2026-07-05 03:32:05,223.945575280583,1.31339324896155,2212890.84283309,-548.696374900942
2026-07-05 03:32:06,223.760615613003,1.29709300074741,2214546.2127647,-555.640465325842
2026-07-05 03:32:07,223.575938897714,1.28060715262958,2216222.37599271,-562.568020972483
2026-07-05 03:32:08,223.391547970602,1.26393664412854,2217919.28272214,-569.478888412623
2026-07-05 03:32:09,223.207445639715,1.24708242042735,2219636.88278316,-576.37291623904
2026-07-05 03:32:10,223.023634674615,1.2300454346152,2221375.12538351,-583.249955400452
2026-07-05 03:32:11,222.840117817175,1.21282664476304,2223133.95940286,-590.109858871794
2026-07-05 03:32:12,222.656897776096,1.195427015127,2224913.33325442,-596.95248182465
2026-07-05 03:32:13,222.473977616673,1.17784741803954,2226713.2051976,-603.777669688117
2026-07-05 03:32:14,222.291359208076,1.16008902423599,2228533.50225759,-610.585305724023
2026-07-05 03:32:15,222.109045545912,1.14215271763445,2230374.18177348,-617.37523986377
2026-07-05 03:32:16,221.927039211482,1.12403948381462,2232235.19053074,-624.147335920752
2026-07-05 03:32:17,221.745342751368,1.10575031392905,2234116.47485243,-630.901459958872
2026-07-05 03:32:18,221.563958679352,1.08728620397342,2236017.98066399,-637.637480235202
2026-07-05 03:32:19,221.382889476329,1.06864815461154,2237939.65349982,-644.355267202599
2026-07-05 03:32:20,221.202137983316,1.0498370763716,2239881.44853259,-651.054681488404
2026-07-05 03:32:21,221.021705832427,1.03085416794894,2241843.29050293,-657.735621886689
2026-07-05 03:32:22,220.841595793863,1.01170034896939,2243825.13375814,-664.397953563796
2026-07-05 03:32:23,220.661810218855,0.992376636534002,2245826.92238722,-671.041555691326
2026-07-05 03:32:24,220.482351423525,0.972884052091898,2247848.60006348,-677.666309699117
2026-07-05 03:32:25,220.303221691822,0.953223620461814,2249890.11013669,-684.272099185711
2026-07-05 03:32:26,220.124423270398,0.933396370978595,2251951.3954998,-690.858810070467
2026-07-05 03:32:27,219.94595837893,0.913403334705921,2254032.39887396,-697.42633027965
2026-07-05 03:32:28,219.76782959894,0.893245455198343,2256133.07232387,-703.974537882956
2026-07-05 03:32:29,219.590038283164,0.872923954258251,2258253.33821369,-710.503349603876
2026-07-05 03:32:30,219.412586945831,0.852439780726545,2260393.14800434,-717.012647912281
2026-07-05 03:32:31,219.235477674514,0.831793977283446,2262552.44311903,-723.502329460261
2026-07-05 03:32:32,219.058712516332,0.810987590518761,2264731.16452099,-729.972293304016
2026-07-05 03:32:33,218.882293490117,0.790021668378429,2266929.25297619,-736.422440522513
2026-07-05 03:32:34,218.706222580331,0.768897261195423,2269146.64893213,-742.852674402242
2026-07-05 03:32:35,218.53050213823,0.747615333125631,2271383.30202904,-749.262888238624
2026-07-05 03:32:36,218.355133284754,0.726177114590439,2273639.13320691,-755.653013881966
2026-07-05 03:32:37,218.180118299538,0.704583574081277,2275914.09145341,-762.022949096519
2026-07-05 03:32:38,218.005459040121,0.682835767704757,2278208.11624274,-768.372605629158
2026-07-05 03:32:39,217.831157322942,0.660934754945969,2280521.14657191,-774.701897609001
2026-07-05 03:32:40,217.657214935823,0.638881595515515,2282853.12129003,-781.010741168017
2026-07-05 03:32:41,217.483633632263,0.616677350382675,2285203.97897708,-787.299054609417
2026-07-05 03:32:42,217.310415536065,0.594322996336497,2287573.66718939,-793.566746146742
2026-07-05 03:32:43,217.137561533495,0.571819766342078,2289962.10559088,-799.813762583078
2026-07-05 03:32:44,216.965073677221,0.549168639314074,2292369.24118308,-806.0400165064
2026-07-05 03:32:45,216.792953596281,0.526370677854112,2294795.01174123,-812.245434442231
2026-07-05 03:32:46,216.621202878668,0.50342694679524,2297239.35461802,-818.429945254346
2026-07-05 03:32:47,216.44982308438,0.48033851020316,2299702.20705975,-824.593479745324
2026-07-05 03:32:48,216.278815740609,0.45710643248022,2302183.50607763,-830.735970791362
2026-07-05 03:32:49,216.108182341939,0.433731777874747,2304683.18849197,-836.857353334188
2026-07-05 03:32:50,215.937924758605,0.410215528284996,2307201.19990763,-842.957552074065
2026-07-05 03:32:51,215.768043606636,0.386558912418873,2309737.45873871,-849.036530553367
2026-07-05 03:32:52,215.598540694642,0.362762910428407,2312291.91031214,-855.094217442206
2026-07-05 03:32:53,215.429417390841,0.338828584935724,2314864.49070961,-861.13055572818
2026-07-05 03:32:54,215.260675028109,0.314756998406929,2317455.13577942,-867.145490506476
2026-07-05 03:32:55,215.092314916584,0.290549210951887,2320063.7813702,-873.138968585977
2026-07-05 03:32:56,214.924338327061,0.266206283185924,2322690.36300861,-879.11093898497
2026-07-05 03:32:57,214.756746910368,0.24172919494757,2325334.82484724,-885.061340357786
2026-07-05 03:32:58,214.5895410686,0.217119161350843,2327997.08484207,-890.990149781475
2026-07-05 03:32:59,214.422722383987,0.192377160478102,2330677.08675693,-896.897309968514
2026-07-05 03:33:00,214.256292013551,0.167504245976586,2333374.76574289,-902.782777368295
2026-07-05 03:33:01,214.090251073906,0.142501471841592,2336090.05660809,-908.646510622963
2026-07-05 03:33:02,213.924600660172,0.117369888584271,2338822.89423391,-914.488469994632
2026-07-05 03:33:03,213.759341829929,0.0921105464264128,2341573.21321511,-920.308617831489
2026-07-05 03:33:04,213.594475616437,0.0667244925621398,2344340.94815593,-926.106918166048
2026-07-05 03:33:05,213.430003428065,0.0412126973875773,2347126.0418712,-931.883324820162
2026-07-05 03:33:06,213.265925418197,0.0155763558821928,2349928.41186123,-937.637829910487
