Time_UTC,Azimuth_deg,Elevation_deg,Range_m,Doppler_Hz
2026-07-27 15:21:00,178.491332329245,-4.811685188449,3877840.16096871,NaN
2026-07-27 15:21:01,178.513127427394,-4.7605433291298,3871301.03286497,NaN
2026-07-27 15:21:02,178.534992160585,-4.70933150187037,3864761.83594518,NaN
2026-07-27 15:21:03,178.556926897689,-4.65804935950524,3858222.57694471,NaN
2026-07-27 15:21:04,178.578932000638,-4.60669655275283,3851683.26264347,NaN
2026-07-27 15:21:05,178.601008158164,-4.55527272713118,3845143.89947327,NaN
2026-07-27 15:21:06,178.62315511132,-4.50377753470756,3838604.49502495,NaN
2026-07-27 15:21:07,178.645373550187,-4.45221061650343,3832065.05579692,NaN
2026-07-27 15:21:08,178.66766385342,-4.40057161420158,3825525.58869787,NaN
2026-07-27 15:21:09,178.690026398889,-4.34886016723422,3818986.10067585,NaN
2026-07-27 15:21:10,178.712461574218,-4.29707591266117,3812446.59870532,NaN
2026-07-27 15:21:11,178.73496976103,-4.24521848530056,3805907.08980629,NaN
2026-07-27 15:21:12,178.757551348998,-4.1932875175843,3799367.58102847,NaN
2026-07-27 15:21:13,178.780207051024,-4.1412826370191,3792828.07913251,NaN
2026-07-27 15:21:14,178.802936622153,-4.08920347648464,3786288.5918964,NaN
2026-07-27 15:21:15,178.825740778727,-4.03704965869005,3779749.12614944,NaN
2026-07-27 15:21:16,178.848619920969,-3.98482080653981,3773209.68908817,NaN
2026-07-27 15:21:17,178.87157445202,-3.93251654050399,3766670.28794574,NaN
2026-07-27 15:21:18,178.894604779747,-3.8801364785929,3760130.92999135,NaN
2026-07-27 15:21:19,178.917711308764,-3.82768023639778,3753591.62253806,NaN
2026-07-27 15:21:20,178.940894776038,-3.77514742472821,3747052.3726494,NaN
2026-07-27 15:21:21,178.964154955373,-3.72253765865889,3740513.18827593,NaN
2026-07-27 15:21:22,178.987492582169,-3.66985054397523,3733974.07655864,NaN
2026-07-27 15:21:23,179.010908079433,-3.61708568616496,3727435.04495936,NaN
2026-07-27 15:21:24,179.034401871499,-3.56424268816018,3720896.10098031,NaN
2026-07-27 15:21:25,179.057974387635,-3.51132115030287,3714357.25216256,NaN
2026-07-27 15:21:26,179.081626053982,-3.45832067037195,3707818.50609219,NaN
2026-07-27 15:21:27,179.105357632995,-3.40524084156286,3701279.8701526,NaN
2026-07-27 15:21:28,179.129168913124,-3.35208126022156,3694741.35248661,NaN
2026-07-27 15:21:29,179.153060655564,-3.2988415142312,3688202.96055841,NaN
2026-07-27 15:21:30,179.177033305717,-3.24552119072213,3681664.70211343,NaN
2026-07-27 15:21:31,179.201087310495,-3.19211987412793,3675126.58493994,NaN
2026-07-27 15:21:32,179.225223121979,-3.13863714614589,3668588.61686701,NaN
2026-07-27 15:21:33,179.249441189253,-3.08507258576227,3662050.8057707,NaN
2026-07-27 15:21:34,179.273741972998,-3.03142576915519,3655513.15956495,NaN
2026-07-27 15:21:35,179.298126263942,-2.97769626820932,3648975.68602284,NaN
2026-07-27 15:21:36,179.322593864273,-2.92388365662301,3642438.39352769,NaN
2026-07-27 15:21:37,179.347145572058,-2.86998750058368,3635901.28993336,NaN
2026-07-27 15:21:38,179.371781858288,-2.81600736499873,3629364.38333129,NaN
2026-07-27 15:21:39,179.396503197525,-2.76194281190546,3622827.68185852,NaN
2026-07-27 15:21:40,179.421310068856,-2.70779340043194,3616291.19369604,NaN
2026-07-27 15:21:41,179.446202952236,-2.65355868680281,3609754.92707269,NaN
2026-07-27 15:21:42,179.471182667246,-2.59923822312755,3603218.8901215,NaN
2026-07-27 15:21:43,179.496249039097,-2.54483156206746,3596683.09144822,NaN
2026-07-27 15:21:44,179.521402888701,-2.49033824974565,3590147.53927539,NaN
2026-07-27 15:21:45,179.546644717387,-2.43575783044337,3583612.2420149,NaN
2026-07-27 15:21:46,179.571975022869,-2.38108984543753,3577077.20813021,NaN
2026-07-27 15:21:47,179.597394311355,-2.32633383292764,3570542.44613087,NaN
2026-07-27 15:21:48,179.622903089213,-2.27148932803421,3564007.96457563,NaN
2026-07-27 15:21:49,179.64850187046,-2.21655586276975,3557473.7720722,NaN
2026-07-27 15:21:50,179.674191507989,-2.16153296529209,3550939.87719149,NaN
2026-07-27 15:21:51,179.699971846104,-2.1064201628226,3544406.28881972,NaN
2026-07-27 15:21:52,179.725843747023,-2.05121697712646,3537873.01562134,NaN
2026-07-27 15:21:53,179.751807738953,-1.9959229275356,3531340.06640417,NaN
2026-07-27 15:21:54,179.777864356104,-1.9405375301503,3524807.45002723,NaN
2026-07-27 15:21:55,179.804014130222,-1.88506029782308,3518275.17540237,NaN
2026-07-27 15:21:56,179.830257606693,-1.82949074010853,3511743.25149173,NaN
2026-07-27 15:21:57,179.856595670299,-1.77382836294667,3505211.68727393,NaN
2026-07-27 15:21:58,179.883028186276,-1.71807266995405,3498680.49190014,NaN
2026-07-27 15:21:59,179.90955605024,-1.66222316031308,3492149.67444814,NaN
2026-07-27 15:22:00,179.936179820021,-1.60627933019589,3485619.2440944,NaN
2026-07-27 15:22:01,179.962900056887,-1.55024067235854,3479089.21006959,NaN
2026-07-27 15:22:02,179.989717331328,-1.49410667612158,3472559.58166005,NaN
2026-07-27 15:22:03,180.01663220875,-1.43787682733477,3466030.36820729,NaN
2026-07-27 15:22:04,180.043645269614,-1.38155060835667,3459501.57910927,NaN
2026-07-27 15:22:05,180.070757439765,-1.32512749817715,3452973.22383848,NaN
2026-07-27 15:22:06,180.097968607712,-1.26860697182052,3446445.31187604,NaN
2026-07-27 15:22:07,180.125279713736,-1.21198850109021,3439917.85280238,NaN
2026-07-27 15:22:08,180.152691349168,-1.1552715540844,3433390.85624454,NaN
2026-07-27 15:22:09,180.18020411589,-1.09845559526859,3426864.33188849,NaN
2026-07-27 15:22:10,180.207818612833,-1.04154008543353,3420338.28947815,NaN
2026-07-27 15:22:11,180.235535454441,-0.984524481695565,3413812.73881932,NaN
2026-07-27 15:22:12,180.263355601188,-0.927408238036463,3407287.68984556,NaN
2026-07-27 15:22:13,180.291278969499,-0.870190802940777,3400763.15235055,NaN
2026-07-27 15:22:14,180.319306536947,-0.81287162280771,3394239.13638451,NaN
2026-07-27 15:22:15,180.347438929097,-0.75545013967218,3387715.65199597,NaN
2026-07-27 15:22:16,180.375676781496,-0.697925791733533,3381192.70929671,NaN
2026-07-27 15:22:17,180.404020729926,-0.640298013314899,3374670.31846109,NaN
2026-07-27 15:22:18,180.432471423226,-0.582566234850527,3368148.48972883,NaN
2026-07-27 15:22:19,180.461029861867,-0.524729883897834,3361627.23352374,NaN
2026-07-27 15:22:20,180.489695989496,-0.466788380893377,3355106.55997637,NaN
2026-07-27 15:22:21,180.518470824481,-0.408741145388289,3348586.47963608,NaN
2026-07-27 15:22:22,180.547355029082,-0.350587591872315,3342067.00300097,NaN
2026-07-27 15:22:23,180.576349274976,-0.292327130789531,3335548.1406375,NaN
2026-07-27 15:22:24,180.605454238363,-0.233959168490094,3329029.90317935,NaN
2026-07-27 15:22:25,180.634670601019,-0.175483107196795,3322512.30132791,NaN
2026-07-27 15:22:26,180.663999051342,-0.116898344979908,3315995.34585381,NaN
2026-07-27 15:22:27,180.693440642823,-0.058204277358843,3309479.04778017,NaN
2026-07-27 15:22:28,180.722995350147,0.000599709249516274,3302963.41765478,2173.31636237816
2026-07-27 15:22:29,180.752664242697,0.0595142278560455,3296448.46663628,2173.08799169047
2026-07-27 15:22:30,180.782448026947,0.118539897379358,3289934.20577371,2172.85592257365
2026-07-27 15:22:31,180.812347423334,0.177677341023715,3283420.6461926,2172.62013088031
2026-07-27 15:22:32,180.842363151232,0.236927186389325,3276907.79908713,2172.38059228485
2026-07-27 15:22:33,180.872495941096,0.296290065446998,3270395.67572756,2172.13728219297
2026-07-27 15:22:34,180.902746892515,0.355766612433044,3263884.28769655,2171.89017311306
2026-07-27 15:22:35,180.933116012732,0.415357472511472,3257373.64593931,2171.63924536817
2026-07-27 15:22:36,180.96360441813,0.475063288936541,3250863.76218352,2171.3844709629
2026-07-27 15:22:37,180.994212857879,0.534884711643867,3244354.64799638,2171.12582439366
2026-07-27 15:22:38,181.024942095654,0.594822395096104,3237846.3150271,2170.86327985175
2026-07-27 15:22:39,181.055792894421,0.654876998408338,3231338.77499777,2170.59681133314
2026-07-27 15:22:40,181.086766028747,0.715049185309958,3224832.03971246,2170.32639254541
2026-07-27 15:22:41,181.117862275665,0.775339624239501,3218326.12105153,2170.051996973
2026-07-27 15:22:42,181.149082793443,0.835748985520201,3211821.03128247,2169.77359505166
2026-07-27 15:22:43,181.180427633159,0.896277952600424,3205316.78184655,2169.49116525566
2026-07-27 15:22:44,181.211897962772,0.956927205462625,3198813.38516272,2169.20467753313
2026-07-27 15:22:45,181.243494589336,1.01769743163394,3192310.85343803,2168.91410430288
2026-07-27 15:22:46,181.275218325788,1.07858932352156,3185809.19896182,2168.61941772332
2026-07-27 15:22:47,181.307069991013,1.1396035784593,3179308.43410573,2168.32058968955
2026-07-27 15:22:48,181.339050416151,1.20074089867995,3172808.57133172,2168.01759178342
2026-07-27 15:22:49,181.371160806587,1.2620019880801,3166309.62354213,2167.71039253322
2026-07-27 15:22:50,181.403401253512,1.32338756567148,3159811.6026489,2167.39896866095
2026-07-27 15:22:51,181.435772982339,1.3848983454813,3153314.52172554,2167.08328809502
2026-07-27 15:22:52,181.468276845905,1.44653505001631,3146818.39357347,2166.76332134436
2026-07-27 15:22:53,181.50091371182,1.50829840685891,3140323.23109105,2166.43903857213
2026-07-27 15:22:54,181.533684446829,1.57018914887182,3133829.04725719,2166.11040971191
2026-07-27 15:22:55,181.566589934737,1.63220801405441,3127335.85515171,2165.77740432843
2026-07-27 15:22:56,181.59963143804,1.69435574174561,3120843.66835953,2165.43998883986
2026-07-27 15:22:57,181.632809090506,1.75663308856201,3114352.49930054,2165.0981380734
2026-07-27 15:22:58,181.666124175843,1.81904080454765,3107862.36174354,2164.75181779989
2026-07-27 15:22:59,181.699577600646,1.88157964914647,3101373.26913084,2164.40099642753
2026-07-27 15:23:00,181.733170286962,1.94425038716541,3094885.23500855,2164.04564199318
2026-07-27 15:23:01,181.766903157508,2.00705378898428,3088398.27301025,2163.68572227334
2026-07-27 15:23:02,181.800777148517,2.0699906304539,3081912.39687307,2163.32120468203
2026-07-27 15:23:03,181.834793200237,2.13306169305059,3075427.62042715,2162.95205634129
2026-07-27 15:23:04,181.868952651991,2.19626775902552,3068943.95810167,2162.5782409971
2026-07-27 15:23:05,181.903255689841,2.25960963062145,3062461.42294678,2162.19973111766
2026-07-27 15:23:06,181.937703665083,2.32308810161757,3055980.02957822,2161.81648982553
2026-07-27 15:23:07,181.972297558455,2.38670397615948,3049499.792237,2161.42848285426
2026-07-27 15:23:08,182.007038351902,2.45045806429561,3043020.7252568,2161.03567565212
2026-07-27 15:23:09,182.041927039436,2.51435118187637,3036542.84308012,2160.63803329385
2026-07-27 15:23:10,182.076964628357,2.5783841505891,3030066.16026035,2160.23552046755
2026-07-27 15:23:11,182.112152518116,2.64255779266738,3023590.6920044,2159.82809847229
2026-07-27 15:23:12,182.147490948131,2.70687295267776,3017116.45196659,2159.41573749401
2026-07-27 15:23:13,182.182981337603,2.77133046494887,3010643.45556343,2158.99839810227
2026-07-27 15:23:14,182.218624729518,2.83593117522186,3004171.71777865,2158.57604354259
2026-07-27 15:23:15,182.254422173042,2.90067593541268,2997701.2537021,2158.14863671292
2026-07-27 15:23:16,182.290374723592,2.96556560366113,2991232.07853072,2157.71614015991
2026-07-27 15:23:17,182.326483455029,3.03060104420271,2984764.20758748,2157.27851597784
2026-07-27 15:23:18,182.362749439982,3.09578312771329,2978297.65629286,2156.83572596226
2026-07-27 15:23:19,182.39917416787,3.16111272468601,2971832.44083012,2156.38772824246
2026-07-27 15:23:20,182.435757939054,3.22659073108208,2965368.57559735,2155.93449019677
2026-07-27 15:23:21,182.472502260031,3.29221803033692,2958906.07699897,2155.4759691891
2026-07-27 15:23:22,182.509408250208,3.35799551862288,2952444.96093351,2155.01212536944
2026-07-27 15:23:23,182.546477034865,3.42392409870633,2945985.24341261,2154.54291851392
2026-07-27 15:23:24,182.583709758636,3.49000467978329,2939526.94058362,2154.06830791164
2026-07-27 15:23:25,182.621107565565,3.5562381778626,2933070.06869809,2153.58825252251
2026-07-27 15:23:26,182.658672021998,3.62262550831484,2926614.64484674,2153.10270751908
2026-07-27 15:23:27,182.696403494483,3.68916761467608,2920160.68414789,2152.61163752805
2026-07-27 15:23:28,182.734303562419,3.75586542608551,2913708.20392041,2152.11499693535
2026-07-27 15:23:29,182.772373424503,3.82271988538319,2907257.22093786,2151.61274288049
2026-07-27 15:23:30,182.810614280476,3.88973194247919,2900807.75208499,2151.1048321409
2026-07-27 15:23:31,182.849027351542,3.95690255403893,2894359.814395,2150.59122095994
2026-07-27 15:23:32,182.887613859032,4.02423268393249,2887913.42501241,2150.07186521831
2026-07-27 15:23:33,182.92637504262,4.09172330295475,2881468.60122679,2149.54672027958
2026-07-27 15:23:34,182.965312568789,4.15937538072418,2875025.36125493,2149.01573759011
2026-07-27 15:23:35,183.004426870278,4.22718991872439,2868583.72108154,2148.47887846942
2026-07-27 15:23:36,183.043719636522,4.29516790107641,2862143.69918582,2147.93609342781
2026-07-27 15:23:37,183.083192152538,4.36331032735185,2855705.31340007,2147.38733594659
2026-07-27 15:23:38,183.122845716732,4.43161820442858,2849268.58169839,2146.83255900798
2026-07-27 15:23:39,183.162681642203,4.50009254650127,2842833.52220232,2146.27171507948
2026-07-27 15:23:40,183.202701246524,4.56873437538313,2836400.15315919,2145.70475619483
2026-07-27 15:23:41,183.242906288092,4.63754471101692,2829968.49384069,2145.13163026782
2026-07-27 15:23:42,183.283297281087,4.70652460825321,2823538.56109147,2144.55229529863
2026-07-27 15:23:43,183.32387600191,4.77567510247409,2817110.37445242,2143.96669824108
2026-07-27 15:23:44,183.36464382784,4.84499724561412,2810683.95277598,2143.3747889942
2026-07-27 15:23:45,183.405602143624,4.91449209746134,2804259.31505299,2142.77651697396
2026-07-27 15:23:46,183.446752356782,4.9841607253643,2797836.48044688,2142.17183097825
2026-07-27 15:23:47,183.488095875593,5.05400420480328,2791415.46824767,2141.56067936896
2026-07-27 15:23:48,183.529634557844,5.12402360875471,2784996.29885943,2140.94300622287
2026-07-27 15:23:49,183.571368999317,5.19422004848494,2778578.99004523,2140.31876598278
2026-07-27 15:23:50,183.61330107788,5.26459461324179,2772163.56249979,2139.68790167715
2026-07-27 15:23:51,183.655432267221,5.33514841021183,2765750.03616657,2139.05035933957
2026-07-27 15:23:52,183.697764049556,5.40588255485428,2759338.43113849,2138.40608447522
2026-07-27 15:23:53,183.740297931168,5.47679817057752,2752928.76769464,2137.75502192124
2026-07-27 15:23:54,183.783035421273,5.54789638934353,2746521.06625239,2137.09711602365
2026-07-27 15:23:55,183.825978051141,5.61917835123655,2740115.347414,2136.43231046646
2026-07-27 15:23:56,183.869127801058,5.69064519330129,2733711.63297874,2135.76054454188
2026-07-27 15:23:57,183.912485365981,5.76229809508316,2727309.94184605,2135.08176826045
2026-07-27 15:23:58,183.956052754887,5.83413821073,2720910.2961465,2134.39591970262
2026-07-27 15:23:59,183.99983155591,5.90616671429686,2714512.71716036,2133.70294011685
2026-07-27 15:24:00,184.043823380267,5.97838478825605,2708117.2263625,2133.0027700501
2026-07-27 15:24:01,184.088029852857,6.0507936238073,2701723.84540203,2132.29534942399
2026-07-27 15:24:02,184.132452607595,6.1233944210988,2695332.59609011,2131.58061756988
2026-07-27 15:24:03,184.177093742702,6.19618837630569,2688943.50154749,2130.85850919104
2026-07-27 15:24:04,184.221954059512,6.26917673177309,2682556.58178537,2130.12896994537
2026-07-27 15:24:05,184.267035679124,6.34236070189816,2676171.8602606,2129.39193329003
2026-07-27 15:24:06,184.312340310992,6.41574152214432,2669789.35954999,2128.64733578369
2026-07-27 15:24:07,184.357869679435,6.48932043708846,2663409.1024154,2127.89511331111
2026-07-27 15:24:08,184.403625528722,6.5630987003414,2657031.11181832,2127.13520103105
2026-07-27 15:24:09,184.449609612246,6.63707757493728,2650655.41089345,2126.36753346655
2026-07-27 15:24:10,184.495823713614,6.71125833278026,2644282.02300452,2125.59204430911
2026-07-27 15:24:11,184.54227007087,6.7856422414523,2637910.9728866,2124.80866258562
2026-07-27 15:24:12,184.588949608015,6.86023061927745,2631542.28191114,2124.01732858841
2026-07-27 15:24:13,184.635864602769,6.93502475268711,2625175.97521673,2123.21796984118
2026-07-27 15:24:14,184.683016906581,7.0100259513208,2618812.0769633,2122.41051711406
2026-07-27 15:24:15,184.730408392466,7.08523553427644,2612450.61152683,2121.59490038719
2026-07-27 15:24:16,184.77804094278,7.1606548305874,2606091.60346639,2120.77104895466
2026-07-27 15:24:17,184.825916476902,7.23628517838418,2599735.07760307,2119.93889116499
2026-07-27 15:24:18,184.874037369827,7.31212791086691,2593381.06020755,2119.09835057775
2026-07-27 15:24:19,184.922404667738,7.3881844162158,2587029.57396112,2118.24936229237
2026-07-27 15:24:20,184.971020792439,7.46445604723378,2580680.64558154,2117.39184819648
2026-07-27 15:24:21,185.019887734037,7.54094418168652,2574334.30073928,2116.52573348454
2026-07-27 15:24:22,185.069007503449,7.61765020731766,2567990.56533064,2115.65094251435
2026-07-27 15:24:23,185.118382132677,7.69457552191669,2561649.46547978,2114.76739879662
2026-07-27 15:24:24,185.168013675074,7.77172153337954,2555311.02754145,2113.87502498433
2026-07-27 15:24:25,185.217904668885,7.84908964300998,2548975.27948246,2112.97373855095
2026-07-27 15:24:26,185.268056285517,7.92668131240845,2542642.24538161,2112.06346900419
2026-07-27 15:24:27,185.318471104923,8.00449796365525,2536311.95366334,2111.14413207987
2026-07-27 15:24:28,185.369151272454,8.08254104554475,2529984.43164247,2110.21564685579
2026-07-27 15:24:29,185.420098948513,8.16081201756804,2523659.70685443,2109.27793156901
2026-07-27 15:24:30,185.471316321672,8.2393123494981,2517337.80709681,2108.33090348463
2026-07-27 15:24:31,185.522805602553,8.31804352168534,2511018.76041298,2107.37447894409
2026-07-27 15:24:32,185.574569028013,8.39700702498141,2504702.59510587,2106.40857331687
2026-07-27 15:24:33,185.626609320571,8.47620434274669,2498389.3411862,2105.43309663728
2026-07-27 15:24:34,185.678927827382,8.55563702382335,2492079.02453175,2104.44797122268
2026-07-27 15:24:35,185.731527323852,8.63530657308893,2485771.67567423,2103.45310512434
2026-07-27 15:24:36,185.784410141882,8.71521452444738,2479467.32394684,2102.44840982661
2026-07-27 15:24:37,185.837578638579,8.79536242268804,2473165.99894955,2101.43379580552
2026-07-27 15:24:38,185.891035196592,8.87575182354417,2466867.73055206,2100.40917251614
2026-07-27 15:24:39,185.944782227073,8.95638429363037,2460572.54890612,2099.37444835447
2026-07-27 15:24:40,185.998822636941,9.03726139084539,2454280.4859843,2098.32952614744
2026-07-27 15:24:41,186.05315793633,9.11838474392461,2447991.56936551,2097.27432135909
2026-07-27 15:24:42,186.107791089733,9.19975593306732,2441705.83158723,2096.20873465421
2026-07-27 15:24:43,186.162724612579,9.28137656953555,2435423.30391616,2095.13267018752
2026-07-27 15:24:44,186.217961049248,9.36324827580606,2429144.01791208,2094.04603100029
2026-07-27 15:24:45,186.273502966759,9.44537268590857,2422868.00540911,2092.94871907149
2026-07-27 15:24:46,186.329352968491,9.52775144489146,2416595.29856405,2091.84063517395
2026-07-27 15:24:47,186.385513682553,9.61038620939835,2410325.92981928,2090.72167897681
2026-07-27 15:24:48,186.441988251711,9.69327862542867,2404059.93359849,2089.59174422925
2026-07-27 15:24:49,186.498778387363,9.7764304168107,2397797.33959084,2088.45073782882
2026-07-27 15:24:50,186.555887297197,9.85984325258425,2391538.18284467,2087.29855112392
2026-07-27 15:24:51,186.613317724028,9.94351883574162,2385282.4970191,2086.13507910839
2026-07-27 15:24:52,186.671072446772,10.0274588806766,2379030.31610906,2084.96021550677
2026-07-27 15:24:53,186.729154274095,10.1116651135399,2372781.67442523,2083.77385282549
2026-07-27 15:24:54,186.787566048921,10.1961392720907,2366536.60661205,2082.57588229676
2026-07-27 15:24:55,186.846311133372,10.28088308212,2360295.14939797,2081.36618903198
2026-07-27 15:24:56,186.905391443636,10.3658983530321,2354057.33452633,2080.14467159182
2026-07-27 15:24:57,186.96481041538,10.4511868341161,2347823.19941236,2078.91121244281
2026-07-27 15:24:58,187.024571015053,10.5367503108047,2341592.78001027,2077.66569773912
2026-07-27 15:24:59,187.084676248315,10.6225905801833,2335366.1126377,2076.40801225261
2026-07-27 15:25:00,187.145129153611,10.7087094513578,2329143.23395489,2075.13803942498
2026-07-27 15:25:01,187.205932806808,10.7951087452795,2322924.18098376,2073.85566130881
2026-07-27 15:25:02,187.267090309124,10.881790295422,2316708.99106509,2072.56075867721
2026-07-27 15:25:03,187.328605315502,10.9687559200668,2310497.70385277,2071.2532056458
2026-07-27 15:25:04,187.390479995852,11.0560075292667,2304290.35364093,2069.93289035543
2026-07-27 15:25:05,187.45271806808,11.1435469662107,2298086.98076878,2068.59968418832
2026-07-27 15:25:06,187.515322787043,11.2313761122449,2291887.6240726,2067.25346214612
2026-07-27 15:25:07,187.578297443766,11.3194968609022,2285692.3227612,2065.89409777837
2026-07-27 15:25:08,187.641645367367,11.407911117871,2279501.11642366,2064.52146314953
2026-07-27 15:25:09,187.705369927001,11.4966208009016,2273314.04504133,2063.1354288061
2026-07-27 15:25:10,187.769475041547,11.5856278112551,2267131.15098407,2061.73585850056
2026-07-27 15:25:11,187.8339631321,11.6749341483947,2260952.47100872,2060.32263030589
2026-07-27 15:25:12,187.898838196121,11.7645417382746,2254778.04826369,2058.89560489927
2026-07-27 15:25:13,187.964103761216,11.8544525474218,2248607.92431344,2057.45464663807
2026-07-27 15:25:14,188.029763400686,11.944668554293,2242442.14114838,2055.99961823486
2026-07-27 15:25:15,188.095820721153,12.0351917500129,2236280.74113863,2054.53038087236
2026-07-27 15:25:16,188.162279378968,12.1260241374515,2230123.76710189,2053.04679401864
2026-07-27 15:25:17,188.229143593664,12.2171677004658,2223971.26439125,2051.54871002333
2026-07-27 15:25:18,188.296416055275,12.3086245290288,2217823.27241146,2050.03599605394
2026-07-27 15:25:19,188.364101077286,12.4003966311957,2211679.83739097,2048.50850102907
2026-07-27 15:25:20,188.432202483495,12.4924860588694,2205541.00383713,2046.96607774354
2026-07-27 15:25:21,188.500724154986,12.5848948753152,2199406.81674906,2045.40857712501
2026-07-27 15:25:22,188.569670008845,12.6776251564695,2193277.32153306,2043.8358484439
2026-07-27 15:25:23,188.639044016387,12.7706789898206,2187152.5640805,2042.24773910585
2026-07-27 15:25:24,188.708850190595,12.8640584751908,2181032.59071856,2040.64409476988
2026-07-27 15:25:25,188.779093132831,12.9577656894952,2174917.4505217,2039.02475348771
2026-07-27 15:25:26,188.849775887685,13.0518028247916,2168807.18626152,2037.38956861416
2026-07-27 15:25:27,188.920903147667,13.1461719824807,2162701.84791845,2035.73837456274
2026-07-27 15:25:28,188.992479131759,13.2408753092073,2156601.4837525,2034.07100943543
2026-07-27 15:25:29,189.064508099541,13.3359149640012,2150506.14246745,2032.38730952345
2026-07-27 15:25:30,189.136994369835,13.4312931170351,2144415.87329265,2030.68710909134
2026-07-27 15:25:31,189.209942307969,13.527011950446,2138330.72593126,2028.97024049841
2026-07-27 15:25:32,189.283356883051,13.6230736199801,2132250.75299786,2027.23652812605
2026-07-27 15:25:33,189.357241481669,13.7194804050178,2126176.0004784,2025.48581211335
2026-07-27 15:25:34,189.431601175728,13.8162344847563,2120106.52197947,2023.71791286047
2026-07-27 15:25:35,189.50644055121,13.9133380865198,2114042.36927578,2021.932654573
2026-07-27 15:25:36,189.581764255073,14.0107934483968,2107983.59469313,2020.12985931434
2026-07-27 15:25:37,189.657576980788,14.1086028202225,2101930.25104626,2018.30934714778
2026-07-27 15:25:38,189.733883493625,14.20676846172,2095882.39175387,2016.47093584293
2026-07-27 15:25:39,189.810688602386,14.3052926444564,2089840.07071561,2014.61444117003
2026-07-27 15:25:40,189.887997743035,14.4041776086261,2083803.3449593,2012.73967042145
2026-07-27 15:25:41,189.965814743591,14.5034257280114,2077772.26452101,2010.84644713467
2026-07-27 15:25:42,190.0441451497,14.6030392648841,2071746.88749257,2008.93457428704
2026-07-27 15:25:43,190.122994029709,14.7030205312305,2065727.27010681,2007.00385854538
2026-07-27 15:25:44,190.202366501252,14.8033718500931,2059713.4691149,2005.05410443239
2026-07-27 15:25:45,190.282267760182,14.9040955532507,2053705.54192308,2003.08511398775
2026-07-27 15:25:46,190.36270305185,15.0051939833352,2047703.54646108,2001.09668707189
2026-07-27 15:25:47,190.443678266428,15.1066694467663,2041707.54396975,1999.08861464974
2026-07-27 15:25:48,190.525197659375,15.2085243930626,2035717.58835204,1997.06070441968
2026-07-27 15:25:49,190.607267243285,15.310761148305,2029733.74200763,1995.01274265818
2026-07-27 15:25:50,190.689892549398,15.4133820903953,2023756.06539862,1992.94451935748
2026-07-27 15:25:51,190.773079166316,15.5163896068155,2017784.61956054,1990.85582215989
2026-07-27 15:25:52,190.856832761645,15.6197860927266,2011819.46620717,1988.74643609622
2026-07-27 15:25:53,190.941159068716,15.723573951875,2005860.6676702,1986.61614371956
2026-07-27 15:25:54,191.02606447812,15.8277555466889,1999908.28975264,1984.46471832117
2026-07-27 15:25:55,191.111553720104,15.9323333925614,1993962.39057044,1982.29195041498
2026-07-27 15:25:56,191.197633323514,16.0373098680527,1988023.03719552,1980.09760819149
2026-07-27 15:25:57,191.284309332163,16.1426874054237,1982090.29468397,1977.8814635828
2026-07-27 15:25:58,191.371587854512,16.2484684446336,1976164.22871681,1975.64328597291
2026-07-27 15:25:59,191.459475082596,16.3546554314969,1970244.90569414,1973.38284196394
2026-07-27 15:26:00,191.547977294891,16.4612508171682,1964332.3927522,1971.09989532565
2026-07-27 15:26:01,191.637100836251,16.5682570596559,1958426.75766705,1968.79420721166
2026-07-27 15:26:02,191.726852738201,16.6756765675014,1952528.07194623,1966.46552891595
2026-07-27 15:26:03,191.817238337029,16.7835119144702,1946636.39897422,1964.11362959879
2026-07-27 15:26:04,191.908264824191,16.8917655194992,1940751.81167261,1961.7382549419
2026-07-27 15:26:05,191.999938892541,17.0004398579022,1934874.38080719,1959.3391545156
2026-07-27 15:26:06,192.092267313902,17.1095374092693,1929004.17785772,1956.91607504852
2026-07-27 15:26:07,192.185256961996,17.2190606550195,1923141.27513456,1954.46876014274
2026-07-27 15:26:08,192.278914783759,17.3290120807171,1917285.74563682,1951.99695059555
2026-07-27 15:26:09,192.373248434404,17.4393941145317,1911437.66630731,1949.50037686659
2026-07-27 15:26:10,192.468263845778,17.5502093608281,1905597.10558489,1946.97878783889
2026-07-27 15:26:11,192.563968851141,17.6614602517438,1899764.1419482,1944.43190793144
2026-07-27 15:26:12,192.660370782293,17.7731492769491,1893938.85163847,1941.8594654884
2026-07-27 15:26:13,192.757477059353,17.8852789268688,1888121.31167234,1939.26118579811
2026-07-27 15:26:14,192.855295214258,17.9978516898962,1882311.59996578,1936.63679079874
2026-07-27 15:26:15,192.953832861624,18.110870054851,1876509.79518362,1933.98599941232
2026-07-27 15:26:16,193.053097729159,18.2243365074177,1870715.97690131,1931.30852716815
2026-07-27 15:26:17,193.153098267395,18.33825346631,1864930.22883045,1928.60407883697
2026-07-27 15:26:18,193.25384116062,18.4526235405379,1859152.62567348,1925.87237840991
2026-07-27 15:26:19,193.355335072653,18.5674491417935,1853383.25289211,1923.11312397753
2026-07-27 15:26:20,193.457588140895,18.6827327422649,1847622.19349691,1920.32601787952
2026-07-27 15:26:21,193.560608623811,18.7984768073741,1841869.53146089,1917.51075890299
2026-07-27 15:26:22,193.664404887001,18.9146837966293,1836125.35164665,1914.66704243934
2026-07-27 15:26:23,193.768985396019,19.031356163787,1830389.73976905,1911.79456056205
2026-07-27 15:26:24,193.874359386528,19.1484962820582,1824662.78603248,1908.89299381306
2026-07-27 15:26:25,193.980534295549,19.266106727104,1818944.5712047,1905.96204262517
2026-07-27 15:26:26,194.087519572134,19.3841898564164,1813235.18726077,1903.00138070832
2026-07-27 15:26:27,194.195324161636,19.5027480851287,1807534.72377014,1900.0106857919
2026-07-27 15:26:28,194.303957126704,19.621783817172,1801843.27125397,1896.98963203004
2026-07-27 15:26:29,194.413427656154,19.7412994434561,1796160.92123561,1893.93788988536
2026-07-27 15:26:30,194.523745048919,19.861297342917,1790487.7661526,1890.85512632104
2026-07-27 15:26:31,194.634918755226,19.9817798768784,1784823.89958546,1887.74100428515
2026-07-27 15:26:32,194.746958979478,20.1027493161515,1779169.41962955,1884.59517519185
2026-07-27 15:26:33,194.859874119068,20.224208144883,1773524.41459617,1881.41731080777
2026-07-27 15:26:34,194.973674650891,20.3461585983214,1767888.98469095,1878.2070548834
2026-07-27 15:26:35,195.088370529348,20.4686029699604,1762263.22751408,1874.96405551339
2026-07-27 15:26:36,195.203971859219,20.5915435309475,1756647.24180876,1871.68795676814
2026-07-27 15:26:37,195.320488861245,20.7149825332561,1751041.12726714,1868.37839912446
2026-07-27 15:26:38,195.437931923432,20.8389222022786,1745444.98482061,1865.03501882118
2026-07-27 15:26:39,195.556312215588,20.9633646573147,1739858.92016274,1861.6574400876
2026-07-27 15:26:40,195.675639071648,21.0883122429277,1734283.02876792,1858.24530822409
2026-07-27 15:26:41,195.795923962215,21.2137670244241,1728717.41860493,1854.79823943416
2026-07-27 15:26:42,195.917177835217,21.3397311227858,1723162.1949443,1851.31585439743
2026-07-27 15:26:43,196.039411800047,21.4662066270423,1717617.46426422,1847.79776964226
2026-07-27 15:26:44,196.162637111183,21.5931955950739,1712083.33415547,1844.24359776034
2026-07-27 15:26:45,196.286865179669,21.7207000507597,1706559.91338701,1840.65294726879
2026-07-27 15:26:46,196.412108257637,21.848721889512,1701047.31592123,1837.0254138403
2026-07-27 15:26:47,196.538376706084,21.9772632473422,1695545.6448979,1833.36061533681
2026-07-27 15:26:48,196.665683095602,22.1063259445747,1690055.01664951,1829.65813928289
2026-07-27 15:26:49,196.794039478541,22.2359118524859,1684575.54473743,1825.91757781061
2026-07-27 15:26:50,196.923458073312,22.3660227995407,1679107.34395214,1822.13851891598
2026-07-27 15:26:51,197.053951268661,22.4966605691545,1673650.53033666,1818.32054642028
2026-07-27 15:26:52,197.185531616454,22.6278268990135,1668205.22114228,1814.46324008198
2026-07-27 15:26:53,197.31821185707,22.7595234756936,1662771.53497846,1810.56617528766
2026-07-27 15:26:54,197.452005585188,22.8917518351424,1657349.59582326,1806.62891439725
2026-07-27 15:26:55,197.586924495438,23.0245137637723,1651939.516439,1802.65104263808
2026-07-27 15:26:56,197.722982548386,23.1578106885816,1646541.4234297,1798.63211390381
2026-07-27 15:26:57,197.860193191867,23.2916440797057,1641155.44053767,1794.57168693226
2026-07-27 15:26:58,197.998570061112,23.4260153466344,1635781.69284698,1790.46931623053
2026-07-27 15:26:59,198.138126971505,23.5609258372483,1630420.30673516,1786.3245522012
2026-07-27 15:27:00,198.278877944621,23.6963768316555,1625071.41003003,1782.13694083409
2026-07-27 15:27:01,198.420837889136,23.8323694330884,1619735.13620582,1777.90601475128
2026-07-27 15:27:02,198.564019784312,23.9689050061927,1614411.60703058,1773.63133041248
2026-07-27 15:27:03,198.708438940215,24.1059845099408,1609100.958782,1769.31241196403
2026-07-27 15:27:04,198.854110156291,24.2436089374311,1603803.32477164,1764.94878874228
2026-07-27 15:27:05,199.001048437408,24.3817792021798,1598518.83974057,1760.53998588259
2026-07-27 15:27:06,199.14926898646,24.5204961367299,1593247.63980963,1756.08552446602
2026-07-27 15:27:07,199.29878722702,24.6597604862928,1587989.86261699,1751.58492126868
2026-07-27 15:27:08,199.449618790008,24.7995729081637,1582745.64723059,1747.03768899194
2026-07-27 15:27:09,199.601780242365,24.9399338455055,1577515.13875179,1742.44332656151
2026-07-27 15:27:10,199.755286183482,25.0808440150581,1572298.46996402,1737.80135805337
2026-07-27 15:27:11,199.910153628008,25.2223036654132,1567095.78899928,1733.11127411324
2026-07-27 15:27:12,200.066399070439,25.3643130675231,1561907.24081531,1728.37257128128
2026-07-27 15:27:13,200.22403923798,25.506872385191,1556732.9719368,1723.58474199453
2026-07-27 15:27:14,200.383091083022,25.6499816730894,1551573.13040297,1718.74727475916
2026-07-27 15:27:15,200.543571791941,25.793640871843,1546427.86581931,1713.85965410679
2026-07-27 15:27:16,200.70549951993,25.9378496713222,1541297.3341015,1708.92135071568
2026-07-27 15:27:17,200.868890423864,26.0826080438941,1536181.67830677,1703.93186167871
2026-07-27 15:27:18,201.033763143917,26.2279154320226,1531081.05755024,1698.89064991509
2026-07-27 15:27:19,201.20013580175,26.3737712849128,1525995.62764314,1693.79718488261
2026-07-27 15:27:20,201.368026770256,26.5201749163994,1520925.54604633,1688.65093225588
2026-07-27 15:27:21,201.537454665677,26.6671255023951,1515870.97181482,1683.45135412997
2026-07-27 15:27:22,201.70843835645,26.8146220751876,1510832.06564891,1678.19790899926
2026-07-27 15:27:23,201.880997714235,26.9626633732759,1505808.99484991,1672.89004157487
2026-07-27 15:27:24,202.055150582289,27.1112484247896,1500801.91330567,1667.52722440128
2026-07-27 15:27:25,202.230917346515,27.2603756592375,1495810.99162897,1662.10889540575
2026-07-27 15:27:26,202.408317887427,27.4100434908584,1490836.39706731,1656.63449971663
2026-07-27 15:27:27,202.587372345529,27.5602501667351,1485878.29853606,1651.10347931558
2026-07-27 15:27:28,202.768101123565,27.7109937615615,1480936.86662829,1645.51527313194
2026-07-27 15:27:29,202.95052488872,27.8622721723176,1476012.27362357,1639.86931714149
2026-07-27 15:27:30,203.134664576929,28.014083112373,1471104.69351101,1634.16504444041
2026-07-27 15:27:31,203.320542173158,28.1664239420428,1466214.30726631,1628.40187457549
2026-07-27 15:27:32,203.508177581182,28.3192923206264,1461341.28167391,1622.57925703196
2026-07-27 15:27:33,203.697593331018,28.4726852150267,1456485.8011365,1616.6966062173
2026-07-27 15:27:34,203.888811440294,28.6265995498912,1451648.04647528,1610.75334504652
2026-07-27 15:27:35,204.081854211448,28.7810320357141,1446828.20030432,1604.74889406954
2026-07-27 15:27:36,204.276744211357,28.93597916737,1442026.44688823,1598.68267191686
2026-07-27 15:27:37,204.473504296981,29.0914372125509,1437242.97231294,1592.55409510916
2026-07-27 15:27:38,204.672158400683,29.2474020280225,1432477.96991396,1586.36256725403
2026-07-27 15:27:39,204.872728331962,29.4038697743177,1427731.61817183,1580.10752390147
2026-07-27 15:27:40,205.075238596303,29.5608358257427,1423004.11398398,1573.78836542737
2026-07-27 15:27:41,205.279713168135,29.7182954875786,1418295.65039593,1567.40450227415
2026-07-27 15:27:42,205.486176315243,29.8762438047652,1413606.42228438,1560.95534363488
2026-07-27 15:27:43,205.694652588221,30.0346755573443,1408936.62628335,1554.44029779738
2026-07-27 15:27:44,205.905166827644,30.1935852516675,1404286.46083347,1547.85877224443
2026-07-27 15:27:45,206.117744143922,30.352967117907,1399656.12604142,1541.21017414404
2026-07-27 15:27:46,206.332410773938,30.5128148925904,1395045.82975128,1534.49389848696
2026-07-27 15:27:47,206.549190771918,30.673122620729,1390455.76410878,1527.70937493295
2026-07-27 15:27:48,206.768110929275,30.8338834470163,1385886.14038534,1520.85599872128
2026-07-27 15:27:49,206.989197510402,30.9950904025735,1381337.16589763,1513.93317687149
2026-07-27 15:27:50,207.212477060753,31.1567362005308,1376809.04972301,1506.94031703548
2026-07-27 15:27:51,207.437976412502,31.3188132262053,1372302.00274642,1499.87682765287
2026-07-27 15:27:52,207.665722662262,31.4813135342525,1367816.23750833,1492.74211850654
2026-07-27 15:27:53,207.895744042537,31.644228609937,1363351.97452896,1485.53558860832
2026-07-27 15:27:54,208.128066546043,31.8075502490543,1358909.41787457,1478.25667431632
2026-07-27 15:27:55,208.362718939776,31.9712692317318,1354488.79145116,1470.90477850016
2026-07-27 15:27:56,208.599729432307,32.135376186171,1350090.31492263,1463.47931803871
2026-07-27 15:27:57,208.83912650711,32.2998613611712,1345714.20974926,1455.97971227209
2026-07-27 15:27:58,209.080938897883,32.4647146230743,1341360.69902501,1448.40538361745
2026-07-27 15:27:59,209.32519561017,32.6299254398236,1337030.00765656,1440.75575753019
2026-07-27 15:28:00,209.571925895741,32.7954828777757,1332722.36219866,1433.03026314119
2026-07-27 15:28:01,209.821160115314,32.9613753432008,1328437.99729706,1425.22832122682
2026-07-27 15:28:02,210.072926325344,33.1275915504829,1324177.13034648,1417.34939316485
2026-07-27 15:28:03,210.32725535458,33.2941190591158,1319939.99922491,1409.39290882687
2026-07-27 15:28:04,210.584177438876,33.4609452224126,1315726.83735658,1401.35831483942
2026-07-27 15:28:05,210.843723020621,33.6280569489872,1311537.87967437,1393.24506347461
2026-07-27 15:28:06,211.10592277196,33.7954406843304,1307373.36283415,1385.05261260553
2026-07-27 15:28:07,211.370807565026,33.963082407778,1303233.52503604,1376.7804264205
2026-07-27 15:28:08,211.638409344627,34.130967349648,1299118.612721,1368.42796321968
2026-07-27 15:28:09,211.908757656219,34.2990810533829,1295028.85419167,1359.99472540189
2026-07-27 15:28:10,212.181884800079,34.4674077721108,1290964.49887347,1351.48018598897
2026-07-27 15:28:11,212.457822407246,34.6359315096419,1286925.79135411,1342.88383791421
2026-07-27 15:28:12,212.736602247399,34.8046357597557,1282912.97758094,1334.20518275263
2026-07-27 15:28:13,213.018256247641,34.9735034868983,1278926.30507573,1325.44373073965
2026-07-27 15:28:14,213.302816457348,35.1425171238703,1274966.02273981,1316.59900156074
2026-07-27 15:28:15,213.590315927476,35.311658262959,1271032.38780849,1307.67051201843
2026-07-27 15:28:16,213.880785185794,35.4809088209366,1267125.63841347,1298.65782688227
2026-07-27 15:28:17,214.174257456299,35.6502492833852,1263246.03439732,1289.56048428716
2026-07-27 15:28:18,214.470765181887,35.8196598467266,1259393.83031078,1280.37804588939
2026-07-27 15:28:19,214.770340837547,35.9891201340596,1255569.28184695,1271.11008546899
2026-07-27 15:28:20,215.073016938199,36.1586091773426,1251772.64601619,1261.75618907963
2026-07-27 15:28:21,215.3788260212,36.3281054078868,1248004.18112901,1252.31595555444
2026-07-27 15:28:22,215.687800593225,36.4975866594286,1244264.14650251,1242.78899751831
2026-07-27 15:28:23,215.999974034188,36.6670298200386,1240552.80988744,1233.17492864317
2026-07-27 15:28:24,216.315377010326,36.8364121304595,1236870.41870397,1223.47341540225
2026-07-27 15:28:25,216.634042750221,37.0057092390408,1233217.24267769,1213.68410150935
2026-07-27 15:28:26,216.956003516742,37.1748964707727,1229593.54562319,1203.8066588051
2026-07-27 15:28:27,217.281291418837,37.3439485158997,1225999.59213353,1193.84077579793
2026-07-27 15:28:28,217.609938427616,37.5128394064759,1222435.64789297,1183.78615762178
2026-07-27 15:28:29,217.941976299685,37.6815425281666,1218901.97924008,1173.64252731225
2026-07-27 15:28:30,218.277437480326,37.8500302418741,1215398.86088386,1163.40961299695
2026-07-27 15:28:31,218.616351485432,38.0182753057166,1211926.5460486,1153.08720000602
2026-07-27 15:28:32,218.958750202043,38.1862487527118,1208485.31070062,1142.67505487257
2026-07-27 15:28:33,219.304664327905,38.3539212811961,1205075.42426019,1132.17297658538
2026-07-27 15:28:34,219.654124179251,38.521262918173,1201697.15653188,1121.58078508275
2026-07-27 15:28:35,220.007159697241,38.6882429976139,1198350.77801729,1110.89832123649
2026-07-27 15:28:36,220.363800360969,38.8548301773488,1195036.55945194,1100.12544815996
2026-07-27 15:28:37,220.724075188408,39.0209924192938,1191754.7720961,1089.26205123058
2026-07-27 15:28:38,221.088013569097,39.1866966018517,1188505.69525166,1078.3080261605
2026-07-27 15:28:39,221.455641630202,39.3519100954886,1185289.58515219,1067.26333112445
2026-07-27 15:28:40,221.826987591388,39.51659839852,1182106.72153093,1056.12790990153
2026-07-27 15:28:41,222.202078099887,39.6807267166667,1178957.37634816,1044.90174440465
2026-07-27 15:28:42,222.580939101904,39.844259564078,1175841.82164458,1033.58484209582
2026-07-27 15:28:43,222.963595794246,40.0071607644386,1172760.32948788,1022.17723657515
2026-07-27 15:28:44,223.350072534992,40.1693934717551,1169713.17156274,1010.67898872741
2026-07-27 15:28:45,223.740393746496,40.3309197145184,1166700.62770596,999.090173626018
2026-07-27 15:28:46,224.134580214028,40.4917021512581,1163722.95302234,987.410933371659
2026-07-27 15:28:47,224.532654452564,40.6517014811799,1160780.42652542,975.641399983625
2026-07-27 15:28:48,224.934637037291,40.8108781744425,1157873.31865584,963.781747727536
2026-07-27 15:28:49,225.340547439948,40.9691920547206,1155001.8992198,951.832180854764
2026-07-27 15:28:50,225.750403994588,41.1266022953496,1152166.43754666,939.792933783792
2026-07-27 15:28:51,226.164223785922,41.2830674551441,1149367.20194434,927.664272360077
2026-07-27 15:28:52,226.582022651395,41.4385454566788,1146604.46021905,915.446493456241
2026-07-27 15:28:53,227.003815921126,41.5929931664319,1143878.48724405,903.139913984791
2026-07-27 15:28:54,227.429614899268,41.7463682563989,1141189.53210148,890.744920805653
2026-07-27 15:28:55,227.859432037174,41.8986264272756,1138537.86761789,878.261896248729
2026-07-27 15:28:56,228.293277347252,42.0497232944395,1135923.75700497,865.691268926881
2026-07-27 15:28:57,228.731159238423,42.1996139274222,1133347.46230233,853.033501255929
2026-07-27 15:28:58,229.173084412456,42.3482528890529,1130809.2439481,840.289090379998
2026-07-27 15:28:59,229.619057822227,42.4955942411886,1128309.36095528,827.458568180948
2026-07-27 15:29:00,230.06908343367,42.6415910733088,1125848.07918063,814.542489763812
2026-07-27 15:29:01,230.523160748768,42.7861975406932,1123425.63707871,801.541482545059
2026-07-27 15:29:02,230.981289865622,42.9293658686684,1121042.29692566,788.456173205269
2026-07-27 15:29:03,231.443467968028,43.0710483986986,1118698.31038328,775.287237200341
2026-07-27 15:29:04,231.909690137964,43.2111971005061,1116393.92720216,762.035386417781
2026-07-27 15:29:05,232.379949251703,43.3497636235213,1114129.39477492,748.701369916414
2026-07-27 15:29:06,232.854235932684,43.486699315358,1111904.95826509,735.285973831968
2026-07-27 15:29:07,233.332539309997,43.6219547086567,1109720.86938399,721.790009719825
2026-07-27 15:29:08,233.814843607194,43.7554817564612,1107577.35052276,708.214362624166
2026-07-27 15:29:09,234.301133093646,43.8872305805689,1105474.64819452,694.559919319811
2026-07-27 15:29:10,234.791388663734,44.0171517009425,1103412.99721248,680.827616481618
2026-07-27 15:29:11,235.285588617389,44.1451955269929,1101392.6295499,667.018428660018
2026-07-27 15:29:12,235.783708597633,44.2713123999573,1099413.77422656,653.133368322942
2026-07-27 15:29:13,236.285721519317,44.3954526447558,1097476.65707047,639.173486021092
2026-07-27 15:29:14,236.791597537858,44.5175665964169,1095581.50090383,625.139869975806
2026-07-27 15:29:15,237.301304731165,44.6376040893091,1093728.5340926,611.03363538321
2026-07-27 15:29:16,237.814805973154,44.7555168185032,1091917.95443772,596.855968627707
2026-07-27 15:29:17,238.332063543742,44.8712549012125,1090149.98341845,582.608059999381
2026-07-27 15:29:18,238.853035963144,44.984769254421,1088424.82977579,568.291148467959
2026-07-27 15:29:19,239.377678736109,45.0960110641524,1086742.69850668,553.906510145291
2026-07-27 15:29:20,239.905944305166,45.2049318471752,1085103.79062454,539.455458159212
2026-07-27 15:29:21,240.437782043437,45.3114834851184,1083508.30335685,524.939341978843
2026-07-27 15:29:22,240.973138912945,45.4156176888628,1081956.4389159,510.359537062995
2026-07-27 15:29:23,241.511956579273,45.5172885064265,1080448.36749135,495.71748617891
2026-07-27 15:29:24,242.05417573852,45.6164486798806,1078984.28289526,481.014635703451
2026-07-27 15:29:25,242.599733185801,45.7130521790896,1077564.36510484,466.252477646793
2026-07-27 15:29:26,243.14856256245,45.8070536240939,1076188.78975581,451.432538175382
2026-07-27 15:29:27,243.700594328173,45.8984083699725,1074857.72764851,436.556377462556
2026-07-27 15:29:28,244.255755797403,45.9870725391687,1073571.34504003,421.625588647304
2026-07-27 15:29:29,244.81397113614,46.0730030962871,1072329.80331047,406.64179742702
2026-07-27 15:29:30,245.375162024781,46.1561572547151,1071133.26837014,391.606651790698
2026-07-27 15:29:31,245.939245109454,46.2364951410768,1069981.87257524,376.521859628452
2026-07-27 15:29:32,246.506135926585,46.3139759426667,1068875.77170963,361.389130092533
2026-07-27 15:29:33,247.075746347611,46.3885605622922,1067815.1069647,346.21021136649
2026-07-27 15:29:34,247.647985268021,46.4602110404309,1066800.01414139,330.986880301857
2026-07-27 15:29:35,248.222758673104,46.5288906027031,1065830.62369899,315.720941375528
2026-07-27 15:29:36,248.799969703756,46.5945637136338,1064907.06070095,300.414225716889
2026-07-27 15:29:37,249.379519284728,46.65719546068,1064029.45429771,285.068581568163
2026-07-27 15:29:38,249.961303933316,46.7167543239827,1063197.89889185,269.685908104234
2026-07-27 15:29:39,250.545219285266,46.7732081402274,1062412.51243487,254.268101659399
2026-07-27 15:29:40,251.131157878376,46.8265268808529,1061673.39738182,238.817089990744
2026-07-27 15:29:41,251.719009835816,46.8766820166629,1060980.65040366,223.334822245224
2026-07-27 15:29:42,252.308662966615,46.923646574132,1060334.36218788,207.823267912865
2026-07-27 15:29:43,252.900002897162,46.9673951566545,1059734.6177082,192.284415367712
2026-07-27 15:29:44,253.492913649277,47.0079033135336,1059181.5056265,176.720263278223
2026-07-27 15:29:45,254.087275847197,47.0451503773065,1058675.07892759,161.132850231659
2026-07-27 15:29:46,254.682969773156,47.079115277249,1058215.41425939,145.524206577588
2026-07-27 15:29:47,255.279873539069,47.1097793949742,1057802.57221058,129.896384623343
2026-07-27 15:29:48,255.877863726836,47.1371258890225,1057436.60722576,114.251449384681
2026-07-27 15:29:49,256.476815530988,47.1611397339621,1057117.56743008,98.5914773476381
2026-07-27 15:29:50,257.076602925576,47.1818077226183,1056845.49493112,82.9185548814986
2026-07-27 15:29:51,257.677098799952,47.1991185250514,1056620.42528944,67.2347772253267
2026-07-27 15:29:52,258.278175513464,47.2130619476526,1056442.3980914,51.5422402022371
2026-07-27 15:29:53,258.879703534606,47.2236318734535,1056311.41620604,35.8430654493165
2026-07-27 15:29:54,259.481553900001,47.2308219156671,1056227.50650426,20.139359076912
2026-07-27 15:29:55,260.08359684054,47.2346283296487,1056190.67941484,4.43323701536376
2026-07-27 15:29:56,260.685702338954,47.2350492945004,1056200.93902027,-11.2731831261956
2026-07-27 15:29:57,261.287740299266,47.232084916244,1056258.28305393,-26.9777834721797
2026-07-27 15:29:58,261.889580718376,47.2257372235007,1056362.70295798,-42.6784473314144
2026-07-27 15:29:59,262.49109412509,47.2160094441395,1056514.1939117,-58.3730659478614
2026-07-27 15:30:00,263.092150638559,47.2029089209206,1056712.71414296,-74.0595180517191
2026-07-27 15:30:01,263.692621835607,47.1864426835086,1056958.24644737,-89.7357045545753
2026-07-27 15:30:02,264.292379756064,47.1666204127054,1057250.75674629,-105.399527342139
2026-07-27 15:30:03,264.891297370451,47.1434536474299,1057590.20491073,-121.048896576797
2026-07-27 15:30:04,265.489248732761,47.1169557847599,1057976.54450345,-136.681731926224
2026-07-27 15:30:05,266.086109139277,47.0871420482405,1058409.72292377,-152.295963971935
2026-07-27 15:30:06,266.681755276412,47.0540294796949,1058889.68118446,-167.889535440906
2026-07-27 15:30:07,267.276065539261,47.0176361410962,1059416.36474474,-183.460406881266
2026-07-27 15:30:08,267.868919506367,46.9779840504363,1059989.68187691,-199.006541027257
2026-07-27 15:30:09,268.460199091586,46.9350947345389,1060609.56563481,-214.525929484517
2026-07-27 15:30:10,269.049787991107,46.8889921130365,1061275.93291295,-230.016576996297
2026-07-27 15:30:11,269.637571982622,46.8397017383308,1061988.69459421,-245.47650689993
2026-07-27 15:30:12,270.223439047052,46.7872507447883,1062747.75572265,-260.903762367655
2026-07-27 15:30:13,270.807279480085,46.7316678222059,1063553.01530485,-276.296407493878
2026-07-27 15:30:14,271.38898606894,46.672982406058,1064404.37724781,-291.65253160095
2026-07-27 15:30:15,271.968453914089,46.6112275755933,1065301.70844382,-306.970238002921
2026-07-27 15:30:16,272.545580955541,46.5464356217595,1066244.90122512,-322.247663655264
2026-07-27 15:30:17,273.120267758212,46.4786408996621,1067233.83210925,-337.482967721508
2026-07-27 15:30:18,273.692417668464,46.4078790496983,1068268.3721923,-352.674335724034
2026-07-27 15:30:19,274.261936884841,46.3341869589063,1069348.38699722,-367.819980452065
2026-07-27 15:30:20,274.828734522578,46.2576026829436,1070473.73687606,-382.91814296494
2026-07-27 15:30:21,275.392722669718,46.1781654074173,1071644.27683487,-397.967093419639
2026-07-27 15:30:22,275.953816397855,46.0959146600369,1072859.86729378,-412.965133696883
2026-07-27 15:30:23,276.51193394389,46.0108931240217,1074120.33225161,-427.910591076921
2026-07-27 15:30:24,277.066996553935,45.9231422909209,1075425.52194142,-442.801829876668
2026-07-27 15:30:25,277.618928623682,45.8327052398658,1076775.27156293,-457.637244815143
2026-07-27 15:30:26,278.167657695848,45.7396258958416,1078169.41131956,-472.415263511975
2026-07-27 15:30:27,278.71311447158,45.6439489450718,1079607.76689636,-487.134347173602
2026-07-27 15:30:28,279.255232819531,45.5457197939648,1081090.15929963,-501.792991155677
2026-07-27 15:30:29,279.793949654315,45.4449837987048,1082616.41565744,-516.389726195785
2026-07-27 15:30:30,280.329205402319,45.3417890070761,1084186.32729398,-530.923116104009
2026-07-27 15:30:31,280.860943303323,45.2361819163056,1085799.71258712,-545.391762649645
2026-07-27 15:30:32,281.389109837843,45.1282101946586,1087456.37545794,-559.794302892977
2026-07-27 15:30:33,281.913654598206,45.0179219398092,1089156.11573763,-574.129410360161
2026-07-27 15:30:34,282.434530259428,44.9053656160268,1090898.72939372,-588.395795378119
2026-07-27 15:30:35,282.951692551358,44.7905900170615,1092684.00837878,-602.592205368698
2026-07-27 15:30:36,283.465100020446,44.6736435070112,1094511.75170504,-616.717424739023
2026-07-27 15:30:37,283.974714759471,44.5545766974575,1096381.72321881,-630.770276363282
2026-07-27 15:30:38,284.480501230958,44.4334383357253,1098293.71463825,-644.74962005316
2026-07-27 15:30:39,284.982426957982,44.3102779480318,1100247.50399804,-658.654353665442
2026-07-27 15:30:40,285.480462292545,44.1851451272964,1102242.86602683,-672.483412980314
2026-07-27 15:30:41,285.974580360196,44.0580894845248,1104279.57229055,-686.235771752001
2026-07-27 15:30:42,286.464756998067,43.9291605926716,1106357.39148076,-699.910441697826
2026-07-27 15:30:43,286.950970704646,43.7984079702645,1108476.08909169,-713.506472515317
2026-07-27 15:30:44,287.433202297442,43.6658803553106,1110635.43862056,-727.022950320965
2026-07-27 15:30:45,287.911435913785,43.5316282823854,1112835.17928126,-740.45900320329
2026-07-27 15:30:46,288.385657374618,43.3957001518054,1115075.0790683,-753.813792878972
2026-07-27 15:30:47,288.855855144709,43.2581447655821,1117354.89330565,-767.08651981247
2026-07-27 15:30:48,289.322020019574,43.119010672188,1119674.37474339,-780.276421788709
2026-07-27 15:30:49,289.784145045457,42.9783461093029,1122033.27404716,-793.382773622126
2026-07-27 15:30:50,290.2422254569,42.836198988734,1124431.33961856,-806.404886950085
2026-07-27 15:30:51,290.696258277702,42.6926162277084,1126868.32848892,-819.342107585543
2026-07-27 15:30:52,291.146243523649,42.5476462121076,1129343.96432959,-832.193824306903
2026-07-27 15:30:53,291.592182243697,42.4013350509219,1131858.00025452,-844.959455130604
2026-07-27 15:30:54,292.034077687551,42.2537290100065,1134410.17751021,-857.63845565919
2026-07-27 15:30:55,292.471934938996,42.1048738951211,1137000.23553231,-870.230316637545
2026-07-27 15:30:56,292.90576083278,41.9548150068558,1139627.91242595,-882.734563444128
2026-07-27 15:30:57,293.335563893609,41.8035971356944,1142292.94478036,-895.150755732293
2026-07-27 15:30:58,293.76135425353,41.6512645204028,1144995.068146,-907.47848686877
2026-07-27 15:30:59,294.183143233476,41.4978602751138,1147734.0270147,-919.717380436203
2026-07-27 15:31:00,294.600944722001,41.3434286854329,1150509.53377469,-931.867102183965
2026-07-27 15:31:01,295.014772925575,41.188011683153,1153321.33111531,-943.927340837068
2026-07-27 15:31:02,295.424643762652,41.0316511929626,1156169.15026855,-955.897820014638
2026-07-27 15:31:03,295.830574427765,40.8743885165083,1159052.72177097,-967.778294542636
2026-07-27 15:31:04,296.232583327458,40.7162643206229,1161971.77555588,-979.56854989563
2026-07-27 15:31:05,296.630690027462,40.5573186406568,1164926.04078656,-991.268401721853
2026-07-27 15:31:06,297.024914778353,40.397590299495,1167915.25661515,-1002.87769130856
2026-07-27 15:31:07,297.415280067918,40.237119136064,1170939.130556,-1014.39630040393
2026-07-27 15:31:08,297.801808155183,40.0759426423602,1173997.40104549,-1025.82412768215
2026-07-27 15:31:09,298.18452261618,39.9140982014134,1177089.79581748,-1037.16110335881
2026-07-27 15:31:10,298.563447891843,39.7516225231777,1180216.0423523,-1048.40718482942
2026-07-27 15:31:11,298.938609222688,39.5885516254876,1183375.86824134,-1059.56235593626
2026-07-27 15:31:12,299.310032612715,39.4249208516176,1186569.00086709,-1070.62662650955
2026-07-27 15:31:13,299.677744340283,39.2607643299608,1189795.17803205,-1081.60002719943
2026-07-27 15:31:14,300.041772612863,39.0961170680099,1193054.10697956,-1092.48262647623
2026-07-27 15:31:15,300.402144983243,38.9310118201092,1196345.52571218,-1103.27450382316
2026-07-27 15:31:16,300.758889977443,38.7654811629394,1199669.16255018,-1113.97576633547
2026-07-27 15:31:17,301.112036650379,38.5995569974657,1203024.74591446,-1124.58654398623
2026-07-27 15:31:18,301.461614522743,38.4332705264111,1206412.00487458,-1135.10698877925
2026-07-27 15:31:19,301.807653557914,38.2666522775403,1209830.6687906,-1145.53727431304
2026-07-27 15:31:20,302.150184107759,38.0997320897577,1213280.46771522,-1155.87759499611
2026-07-27 15:31:21,302.489236437033,37.9325386408438,1216761.14235567,-1166.12816055115
2026-07-27 15:31:22,302.824842470961,37.7651014000501,1220272.40367208,-1176.28921520694
2026-07-27 15:31:23,303.157033074653,37.5974476896871,1223813.9939306,-1186.36100731568
2026-07-27 15:31:24,303.485839818984,37.429604668888,1227385.64582007,-1196.3438086471
2026-07-27 15:31:25,303.811294483285,37.2615988267249,1230987.09309404,-1206.23790864038
2026-07-27 15:31:26,304.133429043202,37.0934560079044,1234618.07020416,-1216.04361401288
2026-07-27 15:31:27,304.452275628597,36.9252014058546,1238278.31263055,-1225.76124802012
2026-07-27 15:31:28,304.767866032724,36.7568591097252,1241967.56700181,-1235.39114445295
2026-07-27 15:31:29,305.080233546237,36.5884539676838,1245685.55055845,-1244.93366877376
2026-07-27 15:31:30,305.389410143529,36.4200088047865,1249432.01207073,-1254.3891850496
2026-07-27 15:31:31,305.695428316152,36.2515462952155,1253206.6912661,-1263.75807699632
2026-07-27 15:31:32,305.998320588621,36.0830885059546,1257009.32895989,-1273.04074206295
2026-07-27 15:31:33,306.298119483424,35.9146568925899,1260839.66737197,-1282.23759072372
2026-07-27 15:31:34,306.59485751923,35.7462723260189,1264697.44975097,-1291.34904616069
2026-07-27 15:31:35,306.888567169063,35.5779550802732,1268582.42088006,-1300.37554346346
2026-07-27 15:31:36,307.17928039716,35.4097244389192,1272494.33647282,-1309.31752365255
2026-07-27 15:31:37,307.467030493302,35.2416003880188,1276432.92412313,-1318.17545582527
2026-07-27 15:31:38,307.751849256131,35.073601072034,1280397.94246989,-1326.94980243242
2026-07-27 15:31:39,308.033768853655,34.9057445186608,1284389.14156071,-1335.64104167629
2026-07-27 15:31:40,308.312821325962,34.7380482062015,1288406.27308181,-1344.24966113969
2026-07-27 15:31:41,308.589038590595,34.5705290900357,1292449.08997708,-1352.7761575471
2026-07-27 15:31:42,308.862452407042,34.4032035925658,1296517.34693673,-1361.22103601555
2026-07-27 15:31:43,309.133093916611,34.2360872354854,1300610.80966666,-1369.58480391341
2026-07-27 15:31:44,309.400995497967,34.0691962278158,1304729.21631394,-1377.86799406173
2026-07-27 15:31:45,309.666187932834,33.902545082154,1308872.33588727,-1386.07112857079
2026-07-27 15:31:46,309.92870228857,33.7361482324111,1313039.92910325,-1394.19474233077
2026-07-27 15:31:47,310.188569422035,33.5700196291275,1317231.75847946,-1402.23937644463
2026-07-27 15:31:48,310.445819989087,33.404172763946,1321447.58797665,-1410.20557805333
2026-07-27 15:31:49,310.70048442322,33.2386206682111,1325687.18328476,-1418.09389976623
2026-07-27 15:31:50,310.952592926609,33.0733759214229,1329950.31186469,-1425.90489925191
2026-07-27 15:31:51,311.202175007167,32.9084503041248,1334236.7522303,-1433.63913287973
2026-07-27 15:31:52,311.449261341774,32.7438562725325,1338546.25594126,-1441.2971798393
2026-07-27 15:31:53,311.693880950438,32.5796047523921,1342878.60498229,-1448.87960488147
2026-07-27 15:31:54,311.936063067373,32.4157066258738,1347233.57358173,-1456.38698249676
2026-07-27 15:31:55,312.175836674755,32.2521723763998,1351610.93761538,-1463.81989055171
2026-07-27 15:31:56,312.413230498242,32.0890120974516,1356010.47461719,-1471.1789099596
2026-07-27 15:31:57,312.64827298851,31.9262354906816,1360431.96407744,-1478.46462416623
2026-07-27 15:31:58,312.880991870338,31.7638515458054,1364875.19645828,-1485.6776128256
2026-07-27 15:31:59,313.111416000936,31.6018699219718,1369339.93569961,-1492.81847649634
2026-07-27 15:32:00,313.339572552507,31.4402988763708,1373825.97593907,-1499.88779858471
2026-07-27 15:32:01,313.565488891796,31.2791466665402,1378333.10358311,-1506.88617029178
2026-07-27 15:32:02,313.7891921054,31.1184212080503,1382861.10683862,-1513.8141840094
2026-07-27 15:32:03,314.01070900442,30.9581300874098,1387409.77558558,-1520.67243314268
2026-07-27 15:32:04,314.230066107376,30.7982805591578,1391978.90169201,-1527.4615116414
2026-07-27 15:32:05,314.447289195582,30.6388792457624,1396568.28789636,-1534.18200766269
2026-07-27 15:32:06,314.662405157945,30.4799334316081,1401177.71083607,-1540.83452865624
2026-07-27 15:32:07,314.875439199216,30.3214491220656,1405806.97696395,-1547.41966286734
2026-07-27 15:32:08,315.086416706136,30.1634323570175,1410455.88514726,-1553.93800468692
2026-07-27 15:32:09,315.295362778493,30.0058888898588,1415124.23606026,-1560.39014801981
2026-07-27 15:32:10,315.502302235561,29.8488241992628,1419811.83205391,-1566.77668616724
2026-07-27 15:32:11,315.707259600926,29.6922434861099,1424518.4774617,-1573.09821141443
2026-07-27 15:32:12,315.910259125999,29.5361516961532,1429243.9781351,-1579.35531516062
2026-07-27 15:32:13,316.11132430853,29.3805532109715,1433988.15107041,-1585.54858097969
2026-07-27 15:32:14,316.310479745763,29.2254530705519,1438750.78740194,-1591.67861039483
2026-07-27 15:32:15,316.507748374657,29.0708551651689,1443531.70754728,-1597.74598405539
2026-07-27 15:32:16,316.703153304126,28.9167634481478,1448330.72461938,-1603.75128719722
2026-07-27 15:32:17,316.896717367831,28.7631816463637,1453147.65338149,-1609.69510321745
2026-07-27 15:32:18,317.0884631192,28.6101132625007,1457982.31036858,-1615.57801343701
2026-07-27 15:32:19,317.27841283162,28.4575615806153,1462834.51390473,-1621.40059693925
2026-07-27 15:32:20,317.466588056754,28.305529395831,1467704.09295508,-1627.16342412282
2026-07-27 15:32:21,317.653011428328,28.1540201460274,1472590.85111525,-1632.86708221828
2026-07-27 15:32:22,317.837703937843,28.0030362120547,1477494.62106369,-1638.51213638775
2026-07-27 15:32:23,318.020686775835,27.8525800762282,1482415.22781036,-1644.09915575821
2026-07-27 15:32:24,318.201980854339,27.7026540271164,1487352.49826723,-1649.62870649432
2026-07-27 15:32:25,318.381606821471,27.5532601728442,1492306.26098906,-1655.10135187068
2026-07-27 15:32:26,318.55958505861,27.4044004434593,1497276.34626451,-1660.51765209993
2026-07-27 15:32:27,318.735935693721,27.2560766029233,1502262.58588361,-1665.87816439707
2026-07-27 15:32:28,318.910678139317,27.1082899793909,1507264.82242901,-1671.18343617798
2026-07-27 15:32:29,319.083832890045,26.9610425343388,1512282.87330784,-1676.43403091426
2026-07-27 15:32:30,319.255418852059,26.8143352808143,1517316.58427512,-1681.63048944529
2026-07-27 15:32:31,319.425455119542,26.668169343099,1522365.79389603,-1686.77335551462
2026-07-27 15:32:32,319.593960542543,26.522545702489,1527430.34223818,-1691.86316942742
2026-07-27 15:32:33,319.760953713582,26.3774651926975,1532510.07117916,-1696.90046775221
2026-07-27 15:32:34,319.926452993317,26.232928517729,1537604.82393093,-1701.88578359455
2026-07-27 15:32:35,320.090476051552,26.0889359944534,1542714.45431234,-1706.81963979225
2026-07-27 15:32:36,320.253041632106,25.9454885572596,1547838.79129617,-1711.70257461415
2026-07-27 15:32:37,320.414166933155,25.8025862716565,1552977.69172508,-1716.53510340129
2026-07-27 15:32:38,320.573869350375,25.6602293292586,1558131.00530739,-1721.31774393654
2026-07-27 15:32:39,320.732166053154,25.5184178085204,1563298.58317742,-1726.0510101772
2026-07-27 15:32:40,320.889073974028,25.3771516712855,1568480.27814886,-1730.7354120206
2026-07-27 15:32:41,321.044609820935,25.2364307719317,1573675.94450971,-1735.3714554083
2026-07-27 15:32:42,321.198789657473,25.0962546312282,1578885.44655187,-1739.95963605706
2026-07-27 15:32:43,321.351630598587,24.9566233622523,1584108.62432864,-1744.50046441371
2026-07-27 15:32:44,321.503148256338,24.8175362790157,1589345.34532718,-1748.99442790548
2026-07-27 15:32:45,321.6533584642,24.6789928403669,1594595.46966277,-1753.44201630732
2026-07-27 15:32:46,321.802276833634,24.5409924094081,1599858.85907932,-1757.84371514227
2026-07-27 15:32:47,321.94991876736,24.4035342624567,1605135.37672269,-1762.20000581966
2026-07-27 15:32:48,322.096299457309,24.2666175897102,1610424.88722297,-1766.51136554891
2026-07-27 15:32:49,322.24143389769,24.1302415038368,1615727.25646889,-1770.77826748045
2026-07-27 15:32:50,322.385336453687,23.9944048168847,1621042.36043773,-1775.00117422916
2026-07-27 15:32:51,322.528022540821,23.8591069174682,1626370.05102599,-1779.18056284317
2026-07-27 15:32:52,322.66950613358,23.7243464716078,1631710.20682718,-1783.31688765389
2026-07-27 15:32:53,322.809801420796,23.5901222895216,1637062.69946753,-1787.41060487932
2026-07-27 15:32:54,322.94892240076,23.4564331149651,1642427.40188821,-1791.46216655665
2026-07-27 15:32:55,323.08688287917,23.3232776255068,1647804.18842543,-1795.4720204721
2026-07-27 15:32:56,323.223696481895,23.1906544402427,1653192.93458877,-1799.44061031525
2026-07-27 15:32:57,323.359376233362,23.0585619092069,1658593.52575553,-1803.36836931817
2026-07-27 15:32:58,323.493936197902,22.9269989397156,1664005.82352225,-1807.25574484498
2026-07-27 15:32:59,323.627389044571,22.7959637717006,1669429.71570802,-1811.10316183719
2026-07-27 15:33:00,323.759747665145,22.6654547941961,1674865.08320387,-1814.91104704612
2026-07-27 15:33:01,323.891024778254,22.5354703465246,1680311.80812776,-1818.67982307097
2026-07-27 15:33:02,324.021232929536,22.4060087193031,1685769.77385832,-1822.40990833557
2026-07-27 15:33:03,324.150384492926,22.2770681559808,1691238.86504534,-1826.10171708371
2026-07-27 15:33:04,324.278491678537,22.1486468575602,1696718.96748266,-1829.75565947537
2026-07-27 15:33:05,324.405566125551,22.0207427868302,1702209.97658248,-1833.37213541629
2026-07-27 15:33:06,324.531620510606,21.8933544465546,1707711.76408491,-1836.95155883056
2026-07-27 15:33:07,324.656666151071,21.7664797204361,1713224.22773861,-1840.49432145093
2026-07-27 15:33:08,324.780714600733,21.6401166469084,1718747.25829323,-1844.00081689326
2026-07-27 15:33:09,324.903777263157,21.5142632321785,1724280.74753649,-1847.47143480558
2026-07-27 15:33:10,325.025865381933,21.3889174461876,1729824.58853128,-1850.90656070686
2026-07-27 15:33:11,325.146990053708,21.264077229413,1735378.6753774,-1854.30657617164
2026-07-27 15:33:12,325.267161831811,21.1397403081116,1740942.91153598,-1857.67185280169
2026-07-27 15:33:13,325.38639228513,21.0159049243013,1746517.17726646,-1861.00277587745
2026-07-27 15:33:14,325.50469168028,20.8925687505087,1752101.37810788,-1864.29970917293
2026-07-27 15:33:15,325.622070517429,20.7697296105309,1757695.4128191,-1867.56301825195
2026-07-27 15:33:16,325.738539163528,20.6473853075871,1763299.18107059,-1870.79306489729
2026-07-27 15:33:17,325.854107840521,20.5255336192737,1768912.58372277,-1873.99020692571
2026-07-27 15:33:18,325.968786637953,20.4041723037431,1774535.52259264,-1877.15479837498
2026-07-27 15:33:19,326.082585501264,20.2832990947583,1780167.90072925,-1880.28718932135
2026-07-27 15:33:20,326.195513876801,20.1629115419125,1785809.62995357,-1883.38772046116
2026-07-27 15:33:21,326.307582200722,20.0430076834935,1791460.59941037,-1886.45674581811
2026-07-27 15:33:22,326.418799651135,19.9235850302959,1797120.72310238,-1889.49459846127
2026-07-27 15:33:23,326.529175655387,19.8046412482262,1802789.90807668,-1892.50161348792
2026-07-27 15:33:24,326.638719512649,19.686173987551,1808468.06242272,-1895.47812226947
2026-07-27 15:33:25,326.747440406046,19.5681808884863,1814155.09504401,-1898.42445263802
2026-07-27 15:33:26,326.85534738391,19.4506595731459,1819850.91608225,-1901.34092860094
2026-07-27 15:33:27,326.962449013609,19.3336074940563,1825555.44434461,-1904.22786504354
2026-07-27 15:33:28,327.068754848444,19.2170225780204,1831268.57600043,-1907.0855901857
2026-07-27 15:33:29,327.17427321733,19.1009022553645,1836990.2317961,-1909.91441175615
2026-07-27 15:33:30,327.279012699562,18.9852441085801,1842720.32560819,-1912.71463956512
2026-07-27 15:33:31,327.382981767729,18.8700457152015,1848458.77208613,-1915.48658004546
2026-07-27 15:33:32,327.486188774293,18.7553046421156,1854205.48696462,-1918.23053605187
2026-07-27 15:33:33,327.588641968295,18.6410184528607,1859960.38673131,-1920.94680712297
2026-07-27 15:33:34,327.690349128695,18.5271845513158,1865723.39656544,-1923.63568385687
2026-07-27 15:33:35,327.791318999321,18.4138007943398,1871494.41939415,-1926.29746995065
2026-07-27 15:33:36,327.891559150884,18.300864578272,1877273.3820404,-1928.93244938323
2026-07-27 15:33:37,327.9910773987,18.1883734453813,1883060.20467338,-1931.54090818645
2026-07-27 15:33:38,328.089881463387,18.0763249385698,1888854.80814473,-1934.12312924497
2026-07-27 15:33:39,328.187978960574,17.9647165970299,1894657.11423422,-1936.67939214622
2026-07-27 15:33:40,328.285377407297,17.8535459589511,1900467.04553408,-1939.20997328743
2026-07-27 15:33:41,328.382084220539,17.7428105609306,1906284.52550204,-1941.71514586179
2026-07-27 15:33:42,328.478106379538,17.6325077981419,1912109.48586794,-1944.19517466652
2026-07-27 15:33:43,328.57345180532,17.5226354959989,1917941.83650473,-1946.65033735827
2026-07-27 15:33:44,328.668127279988,17.4131910470997,1923781.51090625,-1949.08089242095
2026-07-27 15:33:45,328.762139847061,17.3041719925266,1929628.43562723,-1951.48710073838
2026-07-27 15:33:46,328.8554964551,17.1955758737364,1935482.53808344,-1953.86922011744
2026-07-27 15:33:47,328.948203963844,17.0874002350142,1941343.74643865,-1956.22750539317
2026-07-27 15:33:48,329.040269145496,16.9796426239442,1947211.98959527,-1958.56220845928
2026-07-27 15:33:49,329.131698341471,16.8723004526609,1953087.20480338,-1960.87357297985
2026-07-27 15:33:50,329.222498834669,16.765371552645,1958969.30735173,-1963.16185558386
2026-07-27 15:33:51,329.312676794716,16.6588533430846,1964858.23598197,-1965.42729416025
2026-07-27 15:33:52,329.402238651754,16.5527433872457,1970753.92256766,-1967.67012907264
2026-07-27 15:33:53,329.491190756518,16.4470392545115,1976656.29963781,-1969.89059792507
2026-07-27 15:33:54,329.579539372279,16.3417385170825,1982565.30057312,-1972.0889354491
2026-07-27 15:33:55,329.667290688966,16.2368387555008,1988480.85931016,-1974.26537373388
2026-07-27 15:33:56,329.754450813269,16.1323375545783,1994402.91057986,-1976.42014208514
2026-07-27 15:33:57,329.841025450004,16.0282323779382,2000331.39706426,-1978.55346210653
2026-07-27 15:33:58,329.927021210228,15.9245210829915,2006266.24011866,-1980.66556795219
2026-07-27 15:33:59,330.012443643175,15.8212011452009,2012207.38384447,-1982.7566758893
2026-07-27 15:34:00,330.097298556803,15.7182701787601,2018154.76555742,-1984.82700474036
2026-07-27 15:34:01,330.181591679669,15.6157258030366,2024108.32336667,-1986.87677066471
2026-07-27 15:34:02,330.265328674612,15.5135656477451,2030067.99588447,-1988.9061873828
2026-07-27 15:34:03,330.348515129001,15.4117873490117,2036033.72246081,-1990.91546603773
2026-07-27 15:34:04,330.431156243378,15.3103884293788,2042005.45025846,-1992.90481038054
2026-07-27 15:34:05,330.513258110082,15.2093667902528,2047983.10529523,-1994.87443660414
2026-07-27 15:34:06,330.594825787145,15.1087199691108,2053966.63608622,-1996.82454349927
2026-07-27 15:34:07,330.67586459344,15.0084456390761,2059955.98433432,-1998.75533254192
2026-07-27 15:34:08,330.756379774816,14.9085414798475,2065951.09250289,-2000.66700273128
2026-07-27 15:34:09,330.836376518204,14.8090051829328,2071951.90350865,-2002.55975082112
2026-07-27 15:34:10,330.915859943786,14.7098344484801,2077958.36091448,-2004.43377121094
2026-07-27 15:34:11,330.99483479297,14.6110268674344,2083970.41610338,-2006.28925111281
2026-07-27 15:34:12,331.073306691097,14.5125803979271,2089987.99933445,-2008.12639017262
2026-07-27 15:34:13,331.151280253867,14.4144926499449,2096011.06316287,-2009.94537107887
2026-07-27 15:34:14,331.228760357522,14.3167613651761,2102039.55334984,-2011.74637929778
2026-07-27 15:34:15,331.305751812648,14.2193842935016,2108073.41634676,-2013.52959802108
2026-07-27 15:34:16,331.382259373614,14.1223591963395,2114112.59909205,-2015.2952083251
2026-07-27 15:34:17,331.458287739358,14.0256838467426,2120157.04900517,-2017.04338919557
2026-07-27 15:34:18,331.533841544926,13.9293560260698,2126206.71419541,-2018.77431740844
2026-07-27 15:34:19,331.608925075415,13.8333734183147,2132261.55013072,-2020.48816309109
2026-07-27 15:34:20,331.683543461807,13.7377340512892,2138321.49184164,-2022.18510834088
2026-07-27 15:34:21,331.757700872755,13.6424356285722,2144386.49596246,-2023.86531910481
2026-07-27 15:34:22,331.831401729479,13.5474759783121,2150456.51251834,-2025.52896409242
2026-07-27 15:34:23,331.904650394185,13.452852937852,2156531.49217197,-2027.17620994058
2026-07-27 15:34:24,331.977451183255,13.358564358343,2162611.38592837,-2028.80722143119
2026-07-27 15:34:25,332.049808353956,13.264608099693,2168696.14545754,-2030.42216129619
2026-07-27 15:34:26,332.12172582657,13.1709819297752,2174785.72965093,-2032.02118589847
2026-07-27 15:34:27,332.193208349103,13.077683946339,2180880.07721211,-2033.60446339613
2026-07-27 15:34:28,332.264259736004,12.9847119380483,2186979.14811562,-2035.17214630604
2026-07-27 15:34:29,332.334884051408,12.8920638136895,2193082.89578417,-2036.7243899545
2026-07-27 15:34:30,332.405085305615,12.7997374917686,2199191.27423723,-2038.26134775939
2026-07-27 15:34:31,332.474867467864,12.7077309049153,2205304.23779886,-2039.78317144091
2026-07-27 15:34:32,332.544234453334,12.616041995013,2211421.74141655,-2041.2900108304
2026-07-27 15:34:33,332.61319013901,12.5246687186838,2217543.74029458,-2042.78201412944
2026-07-27 15:34:34,332.681738066034,12.433608941326,2223670.19701382,-2044.2593232732
2026-07-27 15:34:35,332.749882585814,12.3428608443042,2229801.05417114,-2045.72209183851
2026-07-27 15:34:36,332.817627154756,12.2524223182562,2235936.27509637,-2047.17045842852
2026-07-27 15:34:37,332.884975464249,12.1622913650445,2242075.81689918,-2048.60456432668
2026-07-27 15:34:38,332.951931165776,12.0724659996412,2248219.63703547,-2050.02454921618
2026-07-27 15:34:39,333.018497870659,11.9829442498473,2254367.69332092,-2051.43055118699
2026-07-27 15:34:40,333.084679142106,11.8937241532858,2260519.94413294,-2052.82270662246
2026-07-27 15:34:41,333.150478232461,11.8048036653821,2266676.35477824,-2054.20114609943
2026-07-27 15:34:42,333.215899180824,11.7161810430966,2272836.87095315,-2055.56601156916
2026-07-27 15:34:43,333.280945152898,11.62785426369,2279001.45888871,-2056.91743039983
2026-07-27 15:34:44,333.345619555383,11.539821414769,2285170.07842981,-2058.2555328173
2026-07-27 15:34:45,333.40992575282,11.4520805948817,2291342.68988404,-2059.5804474869
2026-07-27 15:34:46,333.473867074969,11.364629915909,2297519.25384919,-2060.89230163935
2026-07-27 15:34:47,333.537446807497,11.2774674996122,2303699.73145085,-2062.19122093511
2026-07-27 15:34:48,333.600668206086,11.1905914823551,2309884.08400387,-2063.47732969556
2026-07-27 15:34:49,333.663534215029,11.1039999181334,2316072.27993085,-2064.75074650149
2026-07-27 15:34:50,333.726048551135,11.0176911511595,2322264.26816627,-2066.01160119476
2026-07-27 15:34:51,333.788214088142,10.9316632597827,2328460.01779981,-2067.26000956331
2026-07-27 15:34:52,333.850033931366,10.8459144262606,2334659.49173154,-2068.49609019521
2026-07-27 15:34:53,333.911511154761,10.7604428459889,2340862.65312365,-2069.71996036739
2026-07-27 15:34:54,333.972648791797,10.6752467241866,2347069.46563394,-2070.93173591202
2026-07-27 15:34:55,334.033449849172,10.5903242804019,2353279.89308313,-2072.13153144126
2026-07-27 15:34:56,334.093917032662,10.5056736553506,2359493.90628152,-2073.31945605018
2026-07-27 15:34:57,334.154053802877,10.421293268815,2365711.45678545,-2074.49562990963
2026-07-27 15:34:58,334.213862801535,10.337181285466,2371932.51601592,-2075.66015955749
2026-07-27 15:34:59,334.27334689821,10.2533359700316,2378157.04926328,-2076.81315434737
2026-07-27 15:35:00,334.332508934173,10.1697556000925,2384385.02205415,-2077.95472243512
2026-07-27 15:35:01,334.391351714894,10.0864384633777,2390616.40034529,-2079.08497066963
2026-07-27 15:35:02,334.449878016227,10.0033828596723,2396851.15037569,-2080.20400469906
2026-07-27 15:35:03,334.50809033161,9.92058701603198,2403089.24504476,-2081.31192499968
2026-07-27 15:35:04,334.565991887566,9.83804942656845,2409330.63833671,-2082.4088428705
2026-07-27 15:35:05,334.623585110791,9.75576833887091,2415575.30392511,-2083.49485631272
2026-07-27 15:35:06,334.680872661155,9.6737420999446,2421823.20918071,-2084.57006629708
2026-07-27 15:35:07,334.737857164507,9.59196906648936,2428074.32189941,-2085.63457256697
2026-07-27 15:35:08,334.794541219423,9.51044760695882,2434328.61013957,-2086.68847375306
2026-07-27 15:35:09,334.850927394769,9.42917610060004,2440586.0422881,-2087.73186734291
2026-07-27 15:35:10,334.907018236325,9.34815293945324,2446846.58689946,-2088.76484979376
2026-07-27 15:35:11,334.962816008257,9.26737644284903,2453110.21931388,-2089.78751245942
2026-07-27 15:35:12,335.018323693882,9.18684518770274,2459376.89607217,-2090.79995739464
2026-07-27 15:35:13,335.073543507868,9.10655751685583,2465646.59295035,-2091.80227388103
2026-07-27 15:35:14,335.128477882948,9.02651186500487,2471919.2797563,-2092.79455400669
2026-07-27 15:35:15,335.183129227055,8.94670667823117,2478194.92653738,-2093.77688884138
2026-07-27 15:35:16,335.237499920927,8.86714041305157,2484473.50364721,-2094.74936840637
2026-07-27 15:35:17,335.29159232453,8.78781153835234,2490754.98158587,-2095.71208178336
2026-07-27 15:35:18,335.345408524517,8.70871845277516,2497039.33755178,-2096.66511312521
2026-07-27 15:35:19,335.398951312446,8.62985980402471,2503326.53009688,-2097.60855714347
2026-07-27 15:35:20,335.45222272871,8.5512340130175,2509616.53684793,-2098.54249607544
2026-07-27 15:35:21,335.505225029764,8.47283958982172,2515909.3294708,-2099.46701499486
2026-07-27 15:35:22,335.557960451475,8.39467505612333,2522204.87979858,-2100.382198075
2026-07-27 15:35:23,335.610431202121,8.31673894279671,2528503.16001876,-2101.2881284848
2026-07-27 15:35:24,335.66263946932,8.23902979200097,2534804.14249759,-2102.18488850555
2026-07-27 15:35:25,335.714587417021,8.16154615603578,2541107.79986425,-2103.07255948997
2026-07-27 15:35:26,335.766276950222,8.08428652128423,2547414.11120937,-2103.95121813323
2026-07-27 15:35:27,335.817710661045,8.00724961343183,2553723.03719432,-2104.82095149934
2026-07-27 15:35:28,335.868890409023,7.93043393889049,2560034.55739835,-2105.68183449095
2026-07-27 15:35:29,335.919818268926,7.85383809081445,2566348.64540429,-2106.53394490017
2026-07-27 15:35:30,335.97049629393,7.77746067241507,2572665.27502725,-2107.37735965637
2026-07-27 15:35:31,336.020926515884,7.70130029690907,2578984.42031136,-2108.2121548366
2026-07-27 15:35:32,336.071110945583,7.62535558744642,2585306.05552806,-2109.03840567636
2026-07-27 15:35:33,336.121051344158,7.54962510389493,2591630.1612802,-2109.8561829347
2026-07-27 15:35:34,336.170750138394,7.47410763540362,2597956.70009247,-2110.66556747638
2026-07-27 15:35:35,336.220209050287,7.39880176185123,2604285.65295259,-2111.46662845677
2026-07-27 15:35:36,336.269430007731,7.32370614513271,2610616.99504811,-2112.25943782669
2026-07-27 15:35:37,336.318414920104,7.24881945718514,2616950.70174696,-2113.04406676587
2026-07-27 15:35:38,336.367165676636,7.17414037931256,2623286.74864665,-2113.82058566276
2026-07-27 15:35:39,336.415684149752,7.09966760312636,2629625.11148695,-2114.58906417355
2026-07-27 15:35:40,336.46397196612,7.02539975781158,2635965.77234837,-2115.34956756956
2026-07-27 15:35:41,336.512031404588,6.95133569473529,2642308.69537582,-2116.10217108933
2026-07-27 15:35:42,336.559864057918,6.8774740628242,2648653.86295158,-2116.84693856485
2026-07-27 15:35:43,336.607471720617,6.80381359012428,2655001.25171616,-2117.58393660869
2026-07-27 15:35:44,336.654856170291,6.73035301427218,2661350.83847552,-2118.3132311274
2026-07-27 15:35:45,336.702019166029,6.65709108185398,2667702.60024857,-2119.03488730088
2026-07-27 15:35:46,336.748962451653,6.58402654929467,2674056.51418264,-2119.74896963977
2026-07-27 15:35:47,336.795687749863,6.51115818089808,2680412.55771592,-2120.4555418968
2026-07-27 15:35:48,336.842196550905,6.43848468228691,2686770.71439236,-2121.15466368079
2026-07-27 15:35:49,336.888490981027,6.36600497328649,2693130.95000679,-2121.84640439491
2026-07-27 15:35:50,336.934572495745,6.29371777691667,2699493.24848783,-2122.5308222798
2026-07-27 15:35:51,336.980442749976,6.22162189294257,2705857.58802207,-2123.20797837475
2026-07-27 15:35:52,337.026103385765,6.14971613095873,2712223.94687974,-2123.87793311842
2026-07-27 15:35:53,337.071556026528,6.07799930846048,2718592.30357707,-2124.54074626125
2026-07-27 15:35:54,337.116802280226,6.00647025171906,2724962.63679207,-2125.19647692113
2026-07-27 15:35:55,337.1618435281,5.93512772972593,2731334.93125453,-2125.84518018493
2026-07-27 15:35:56,337.206681767914,5.86397071731079,2737709.15426401,-2126.48692069466
2026-07-27 15:35:57,337.251318351884,5.79299800094072,2744085.29082633,-2127.1217523277
2026-07-27 15:35:58,337.295754822752,5.72220843973458,2750463.32039443,-2127.74973166335
2026-07-27 15:35:59,337.33999271279,5.65160090254823,2756843.22246024,-2128.3709147516
2026-07-27 15:36:00,337.384033537014,5.58117426574079,2763224.97674785,-2128.98535700812
2026-07-27 15:36:01,337.427878796264,5.51092741402459,2769608.5631302,-2129.59311326819
2026-07-27 15:36:02,337.471529975654,5.44085923986649,2775993.96167615,-2130.19423776603
2026-07-27 15:36:03,337.51498834463,5.37096858141096,2782381.15831459,-2130.78878090248
2026-07-27 15:36:04,337.55825577032,5.30125447450848,2788770.12181984,-2131.37680241279
2026-07-27 15:36:05,337.601333489116,5.23171577170759,2795160.83856188,-2131.95835149262
2026-07-27 15:36:06,337.644222932327,5.16235139821061,2801553.28916613,-2132.53348016066
2026-07-27 15:36:07,337.686925515253,5.09316028633823,2807947.45447718,-2133.10223985054
2026-07-27 15:36:08,337.729442640176,5.02414137634855,2814343.3154769,-2133.66468146305
2026-07-27 15:36:09,337.771775695949,4.95529361620355,2820740.85329891,-2134.22085536356
2026-07-27 15:36:10,337.813925857638,4.88661589968396,2827140.05498565,-2134.77080812777
2026-07-27 15:36:11,337.855894889487,4.81810731391241,2833540.89044306,-2135.31459560039
2026-07-27 15:36:12,337.897683939736,4.74976676751824,2839943.34701907,-2135.85226330793
2026-07-27 15:36:13,337.939294345073,4.68159323870974,2846347.40643882,-2136.38385953708
2026-07-27 15:36:14,337.980727430064,4.61358571328474,2852753.05055563,-2136.90943207913
2026-07-27 15:36:15,338.021984504581,4.54574318373633,2859160.26142843,-2137.42902819157
2026-07-27 15:36:16,338.063066869383,4.47806465087194,2865569.02116262,-2137.94269469277
2026-07-27 15:36:17,338.103975810285,4.41054912191869,2871979.31208197,-2138.45047787028
2026-07-27 15:36:18,338.144712409064,4.34319555243241,2878391.12225077,-2138.95242039204
2026-07-27 15:36:19,338.185278317487,4.27600308364822,2884804.42289575,-2139.44857396498
2026-07-27 15:36:20,338.225674590158,4.20897068427873,2891219.202441,-2139.93898025913
2026-07-27 15:36:21,338.265902468558,4.14209739101458,2897635.44366018,-2140.42368372537
2026-07-27 15:36:22,338.305963178361,4.07538224622619,2904053.12958424,-2140.90272828639
2026-07-27 15:36:23,338.34585793754,4.00882430035244,2910472.24326623,-2141.37615747273
2026-07-27 15:36:24,338.385587950133,3.94242260990203,2916892.76796666,-2141.84401432382
2026-07-27 15:36:25,338.425154222008,3.87617618106992,2923314.69261164,-2142.30633836236
2026-07-27 15:36:26,338.464558314984,3.81008420009709,2929737.98947808,-2142.76317799209
2026-07-27 15:36:27,338.503801209672,3.74414568562667,2936162.64783208,-2143.21457181424
2026-07-27 15:36:28,338.54288406883,3.67835972196132,2942588.65136224,-2143.66056117232
2026-07-27 15:36:29,338.581808042476,3.61272539937833,2949015.98394298,-2144.10118695358
2026-07-27 15:36:30,338.620574270594,3.54724181488907,2955444.62955454,-2144.53648963666
2026-07-27 15:36:31,338.659183881722,3.48190807170882,2961874.57232868,-2144.96650927107
2026-07-27 15:36:32,338.697637813418,3.41672322448688,2968305.80194449,-2145.3912825121
2026-07-27 15:36:33,338.735937542376,3.35168650163516,2974738.29170841,-2145.81085469119
2026-07-27 15:36:34,338.774083981617,3.28679696927171,2981172.03165077,-2146.2252615951
2026-07-27 15:36:35,338.812078221662,3.22205375695205,2987607.006298,-2146.63454171386
2026-07-27 15:36:36,338.849921341639,3.1574560000389,2994043.2003368,-2147.03873312343
2026-07-27 15:36:37,338.887614409433,3.0930028396565,3000480.59861322,-2147.43787349059
2026-07-27 15:36:38,338.925158486787,3.02869342416917,3006919.18597929,-2147.83200016042
2026-07-27 15:36:39,338.962554621415,2.96452690669876,3013358.94753481,-2148.22115002797
2026-07-27 15:36:40,338.999803678234,2.90050239378573,3019799.87378579,-2148.6053567314
2026-07-27 15:36:41,339.036907045538,2.83661915981545,3026241.93908722,-2148.98466240618
2026-07-27 15:36:42,339.073865564567,2.77287632177061,3032685.13430664,-2149.35909987843
2026-07-27 15:36:43,339.110680251363,2.70927305844502,3039129.44481203,-2149.7287046747
2026-07-27 15:36:44,339.147352107545,2.6458085528812,3045574.85624289,-2150.09351187727
2026-07-27 15:36:45,339.18388212972,2.5824819951547,3052021.35422298,-2150.45355628348
2026-07-27 15:36:46,339.220271303227,2.519292580402,3058468.92455447,-2150.80887230371
2026-07-27 15:36:47,339.256520432866,2.45623945741276,3064917.55846872,-2151.1594911282
2026-07-27 15:36:48,339.292630835712,2.39332193863823,3071367.2311625,-2151.50545233187
2026-07-27 15:36:49,339.328603295845,2.33053918315761,3077817.93416729,-2151.84678637563
2026-07-27 15:36:50,339.364438768076,2.26789041000453,3084269.65357113,-2152.18352638864
2026-07-27 15:36:51,339.400138193598,2.20537484219098,3090722.37572451,-2152.51570508494
2026-07-27 15:36:52,339.435702509144,2.14299170941947,3097176.0869562,-2152.84335491946
2026-07-27 15:36:53,339.471132640891,2.08074024615376,3103630.77376641,-2153.16650798775
2026-07-27 15:36:54,339.50642950881,2.01861969287248,3110086.42269196,-2153.48519610139
2026-07-27 15:36:55,339.541593855285,1.95662924410657,3116543.02571047,-2153.7994478971
2026-07-27 15:36:56,339.576626919436,1.89476825256626,3123000.55899402,-2154.10930021898
2026-07-27 15:36:57,339.611529430057,1.83303592410405,3129459.01462759,-2154.41478112932
2026-07-27 15:36:58,339.646302272322,1.77143151955993,3135918.37962442,-2154.71592115651
2026-07-27 15:36:59,339.680946327457,1.7099543061231,3142378.6409722,-2155.01275059343
2026-07-27 15:37:00,339.715462467693,1.64860355575477,3148839.78579261,-2155.30529941436
2026-07-27 15:37:01,339.749851555927,1.58737854501636,3155301.80135472,-2155.59359727086
2026-07-27 15:37:02,339.784114287931,1.52627850723591,3161764.68012835,-2155.87767081101
2026-07-27 15:37:03,339.818251840975,1.46530282878105,3168228.39903568,-2156.15755470604
2026-07-27 15:37:04,339.852264892845,1.40445075206397,3174692.95081654,-2156.43327498282
2026-07-27 15:37:05,339.886154279914,1.34372157466529,3181158.32300216,-2156.70486020517
2026-07-27 15:37:06,339.919920829627,1.28311459857149,3187624.50326669,-2156.97233863045
2026-07-27 15:37:07,339.953565364626,1.22262913135588,3194091.47929664,-2157.23573828178
2026-07-27 15:37:08,339.987088696996,1.16226448438473,3200559.23897722,-2157.49508685159
2026-07-27 15:37:09,340.020491476819,1.10201992689935,3207027.77531732,-2157.75040910874
2026-07-27 15:37:10,340.053774823525,1.04189487709003,3213497.06594544,-2158.00173771245
2026-07-27 15:37:11,340.086939369894,0.981888612632349,3219967.10414246,-2158.24909684688
2026-07-27 15:37:12,340.119985905266,0.922000465337733,3226437.87797617,-2158.49251323196
2026-07-27 15:37:13,340.152915207962,0.86222977037047,3232909.37573726,-2158.73201325722
2026-07-27 15:37:14,340.185728053699,0.802575868734416,3239381.58566642,-2158.967623128
2026-07-27 15:37:15,340.218425207783,0.743038104856287,3245854.49621084,-2159.19936873276
2026-07-27 15:37:16,340.251007433454,0.683615829047551,3252328.09575277,-2159.42727578843
2026-07-27 15:37:17,340.28347532972,0.624308348319682,3258802.37797089,-2159.65136703921
2026-07-27 15:37:18,340.315829954409,0.565115115112494,3265277.32125091,-2159.8716730248
2026-07-27 15:37:19,340.34807189645,0.506035446146869,3271752.91933102,-2160.08821605494
2026-07-27 15:37:20,340.380201889752,0.447068708361678,3278229.16103778,-2160.30102081293
2026-07-27 15:37:21,340.412220665973,0.388214274256065,3284706.03514386,-2160.5101118154
2026-07-27 15:37:22,340.444128947759,0.329471519787567,3291183.53059398,-2160.71551329664
2026-07-27 15:37:23,340.475927452644,0.270839825498818,3297661.63637694,-2160.9172492777
2026-07-27 15:37:24,340.507616743547,0.212318531101748,3304140.34654722,-2161.1153409619
2026-07-27 15:37:25,340.539197827987,0.153907117243474,3310619.64011342,-2161.30981717796
2026-07-27 15:37:26,340.57067125457,0.0956049313172128,3317099.51134988,-2161.50069864198
2026-07-27 15:37:27,340.602037718794,0.0374113712087888,3323579.94948619,-2161.68800850888
2026-07-27 15:37:28,340.633297908813,-0.0206741615397053,3330060.94387676,NaN
2026-07-27 15:37:29,340.664452509234,-0.0786522606338347,3336542.48387451,NaN
2026-07-27 15:37:30,340.695502195808,-0.136523516688735,3343024.55901208,NaN
2026-07-27 15:37:31,340.726447643705,-0.194288514762058,3349507.15872179,NaN
2026-07-27 15:37:32,340.7572893702,-0.251947882246355,3355990.27771336,NaN
2026-07-27 15:37:33,340.788028331953,-0.309502107274789,3362473.89556794,NaN
2026-07-27 15:37:34,340.81866503821,-0.366951808438169,3368958.00702271,NaN
2026-07-27 15:37:35,340.849200138981,-0.424297555985682,3375442.60189757,NaN
2026-07-27 15:37:36,340.879634281058,-0.481539915650037,3381927.6700073,NaN
2026-07-27 15:37:37,340.909968102837,-0.538679450272365,3388413.20134116,NaN
2026-07-27 15:37:38,340.940202242378,-0.595716717386164,3394899.18578529,NaN
2026-07-27 15:37:39,340.970337184219,-0.652652315982813,3401385.61844347,NaN
2026-07-27 15:37:40,341.000373840965,-0.709486709205042,3407872.47944904,NaN
2026-07-27 15:37:41,341.030312689772,-0.766220487688115,3414359.76392618,NaN
2026-07-27 15:37:42,341.060154345089,-0.822854194989686,3420847.46213125,NaN
2026-07-27 15:37:43,341.089899418437,-0.879388370373857,3427335.564312,NaN
2026-07-27 15:37:44,341.119548514152,-0.935823550154091,3433824.06085757,NaN
2026-07-27 15:37:45,341.14910223296,-0.992160266654407,3440312.9421757,NaN
2026-07-27 15:37:46,341.178561171996,-1.04839904823056,3446802.198691,NaN
2026-07-27 15:37:47,341.207925782052,-1.10454046302423,3453291.82589732,NaN
2026-07-27 15:37:48,341.237196929333,-1.160584947055,3459781.80449642,NaN
2026-07-27 15:37:49,341.266375055996,-1.21653306117635,3466272.1300631,NaN
2026-07-27 15:37:50,341.295460739502,-1.27238531995025,3472762.7932917,NaN
2026-07-27 15:37:51,341.324454552795,-1.32814223447081,3479253.78493256,NaN
2026-07-27 15:37:52,341.353357063964,-1.38380431250549,3485745.0958048,NaN
2026-07-27 15:37:53,341.38216883818,-1.43937205794497,3492236.71672853,NaN
2026-07-27 15:37:54,341.410890299072,-1.49484601343997,3498728.64350939,NaN
2026-07-27 15:37:55,341.439522271876,-1.55022659354718,3505220.85742174,NaN
2026-07-27 15:37:56,341.468065173673,-1.60551433354865,3511713.35429164,NaN
2026-07-27 15:37:57,341.496519550455,-1.66070972451556,3518206.1252211,NaN
2026-07-27 15:37:58,341.524885944738,-1.71581325400622,3524699.16133782,NaN
2026-07-27 15:37:59,341.553164894488,-1.77082540643123,3531192.45383456,NaN
2026-07-27 15:38:00,341.581356935,-1.82574666251894,3537685.99390263,NaN
2026-07-27 15:38:01,341.609462463963,-1.88057754099702,3544179.77766347,NaN
2026-07-27 15:38:02,341.637482270152,-1.93531843545905,3550673.78685727,NaN
2026-07-27 15:38:03,341.665416745214,-1.98996985763401,3557168.01762043,NaN
2026-07-27 15:38:04,341.693266406436,-2.04453227612961,3563662.46141238,NaN
2026-07-27 15:38:05,341.721031767885,-2.09900615621677,3570157.10971494,NaN
2026-07-27 15:38:06,341.74871333936,-2.15339196019529,3576651.95407247,NaN
2026-07-27 15:38:07,341.776311628209,-2.20769014685652,3583146.98602442,NaN
2026-07-27 15:38:08,341.803827135805,-2.26190117261988,3589642.19723779,NaN
2026-07-27 15:38:09,341.831260233147,-2.31602553018771,3596137.5841426,NaN
2026-07-27 15:38:10,341.858611671596,-2.37006359003752,3602633.12891719,NaN
2026-07-27 15:38:11,341.885881814148,-2.4240158390373,3609128.8280927,NaN
2026-07-27 15:38:12,341.913071147199,-2.4778827216818,3615624.67352364,NaN
2026-07-27 15:38:13,341.940180155579,-2.5316646788881,3622120.65703166,NaN
2026-07-27 15:38:14,341.967209319093,-2.58536214911093,3628616.77053668,NaN
2026-07-27 15:38:15,341.994159114301,-2.63897556781577,3635113.00599032,NaN
2026-07-27 15:38:16,342.021029890339,-2.6925054062899,3641609.36008215,NaN
2026-07-27 15:38:17,342.047822364202,-2.7459520170557,3648105.81548631,NaN
2026-07-27 15:38:18,342.074536878889,-2.79931586544554,3654602.36893573,NaN
2026-07-27 15:38:19,342.101173896225,-2.85259737584644,3661099.0125847,NaN
2026-07-27 15:38:20,342.127733875291,-2.90579696966397,3667595.73860494,NaN
2026-07-27 15:38:21,342.154217271769,-2.95891506555673,3674092.53921114,NaN
2026-07-27 15:38:22,342.180624537973,-3.01195207945795,3680589.40666067,NaN
2026-07-27 15:38:23,342.206956122209,-3.06490842479809,3687086.33327794,NaN
2026-07-27 15:38:24,342.233212351455,-3.11778454944705,3693583.31599031,NaN
2026-07-27 15:38:25,342.259393907967,-3.17058078588288,3700080.33792415,NaN
2026-07-27 15:38:26,342.285501110385,-3.2232975771945,3706577.39614696,NaN
2026-07-27 15:38:27,342.311534394637,-3.27593532599017,3713074.48312313,NaN
2026-07-27 15:38:28,342.337494193139,-3.32849443237597,3719571.59137005,NaN
2026-07-27 15:38:29,342.363380936451,-3.38097529345716,3726068.71339367,NaN
2026-07-27 15:38:30,342.389195050043,-3.43337830439652,3732565.84181652,NaN
2026-07-27 15:38:31,342.414936840191,-3.48570389457348,3739062.97386487,NaN
2026-07-27 15:38:32,342.440606962437,-3.53795237931143,3745560.09296377,NaN
2026-07-27 15:38:33,342.466205716144,-3.59012418317035,3752057.19643675,NaN
2026-07-27 15:38:34,342.49173351552,-3.64221969093419,3758554.27702306,NaN
2026-07-27 15:38:35,342.517190771786,-3.69423928492375,3765051.32750065,NaN
2026-07-27 15:38:36,342.542577893194,-3.74618334500445,3771548.34068461,NaN
2026-07-27 15:38:37,342.567895285059,-3.79805224861287,3778045.30942774,NaN
2026-07-27 15:38:38,342.593143236242,-3.8498464069909,3784542.23116275,NaN
2026-07-27 15:38:39,342.618322373177,-3.90156612042342,3791039.089749,NaN
2026-07-27 15:38:40,342.643432980088,-3.95321179498431,3797535.88263616,NaN
2026-07-27 15:38:41,342.668475449234,-4.00478379906464,3804032.60288624,NaN
2026-07-27 15:38:42,342.693450172564,-4.05628249791511,3810529.24349665,NaN
2026-07-27 15:38:43,342.718357537997,-4.10770825486231,3817025.79755065,NaN
2026-07-27 15:38:44,342.743197931,-4.15906143082611,3823522.25815413,NaN
2026-07-27 15:38:45,342.767971733695,-4.21034238463284,3830018.61847269,NaN
2026-07-27 15:38:46,342.792679217377,-4.26155150764511,3836514.8761222,NaN
2026-07-27 15:38:47,342.817320979421,-4.3126890831732,3843011.01533839,NaN
2026-07-27 15:38:48,342.84189728319,-4.3637554988758,3849507.03389941,NaN
2026-07-27 15:38:49,342.866408501625,-4.41475110410414,3856002.9250457,NaN
2026-07-27 15:38:50,342.890855003836,-4.46567624639556,3862498.68210096,NaN
2026-07-27 15:38:51,342.915237156644,-4.51653127100605,3868994.29841026,NaN
2026-07-27 15:38:52,342.939555323701,-4.56731652120778,3875489.76737572,NaN
2026-07-27 15:38:53,342.963809761018,-4.61803237224627,3881985.08680318,NaN
2026-07-27 15:38:54,342.988001041661,-4.66867909350049,3888480.24125243,NaN
2026-07-27 15:38:55,343.012129414097,-4.71925705672203,3894975.22868641,NaN
2026-07-27 15:38:56,343.036195233393,-4.76976659617764,3901470.04257515,NaN
2026-07-27 15:38:57,343.06019885127,-4.82020804433365,3907964.67645771,NaN
2026-07-27 15:38:58,343.084140616138,-4.87058173186188,3914459.12394093,NaN
2026-07-27 15:38:59,343.108020875733,-4.92088798680381,3920953.37858951,NaN
2026-07-27 15:39:00,343.131839973943,-4.97112713562919,3927447.43406016,NaN
2026-07-27 15:39:01,343.155598149705,-5.02129953643599,3933941.28839687,NaN
2026-07-27 15:39:02,343.179295950913,-5.07140544319678,3940434.92646346,NaN
2026-07-27 15:39:03,343.202933609094,-5.12144521083917,3946928.34646832,NaN
2026-07-27 15:39:04,343.226511461323,-5.17141915695466,3953421.54207984,NaN
2026-07-27 15:39:05,343.250029838959,-5.2213275982871,3959914.50714187,NaN
2026-07-27 15:39:06,343.273489073358,-5.27117084887753,3966407.23543081,NaN
2026-07-27 15:39:07,343.2968894922,-5.32094922128576,3972899.72081225,NaN
2026-07-27 15:39:08,343.320231321285,-5.37066305917574,3979391.96149474,NaN
2026-07-27 15:39:09,343.343515086634,-5.42031260410645,3985883.94263642,NaN
2026-07-27 15:39:10,343.366741006983,-5.46989819675477,3992375.66260556,NaN
2026-07-27 15:39:11,343.389909403675,-5.51942014122482,3998867.1152741,NaN
2026-07-27 15:39:12,343.413020592574,-5.56887874085425,4005358.29468671,NaN
2026-07-27 15:39:13,343.436074889603,-5.61827429638748,4011849.19481962,NaN
2026-07-27 15:39:14,343.459072607187,-5.66760710718218,4018339.8097368,NaN
2026-07-27 15:39:15,343.482014056731,-5.71687747039794,4024830.13348139,NaN
2026-07-27 15:39:16,343.50489944981,-5.76608571416177,4031320.16444787,NaN
2026-07-27 15:39:17,343.52772928684,-5.81523206727258,4037809.88819997,NaN
2026-07-27 15:39:18,343.550503776205,-5.86431685389318,4044299.30313213,NaN
2026-07-27 15:39:19,343.57322321997,-5.91334036435532,4050788.40344301,NaN
2026-07-27 15:39:20,343.595887918714,-5.96230288704539,4057277.18333385,NaN
2026-07-27 15:39:21,343.618498171277,-6.01120470850623,4063765.63701999,NaN
2026-07-27 15:39:22,343.641054273194,-6.06004611398923,4070253.75880222,NaN
2026-07-27 15:39:23,343.663556426292,-6.10882741812647,4076741.54714493,NaN
2026-07-27 15:39:24,343.686005111311,-6.15754883863787,4083228.98788075,NaN
2026-07-27 15:39:25,343.708400523953,-6.20621068744695,4089716.07961409,NaN
2026-07-27 15:39:26,343.730742954311,-6.25481324216797,4096202.81664066,NaN
2026-07-27 15:39:27,343.753032687985,-6.30335677962731,4102689.19339981,NaN
2026-07-27 15:39:28,343.775270011002,-6.35184157418406,4109175.20424866,NaN
2026-07-27 15:39:29,343.79745520521,-6.40026789934004,4115660.84367534,NaN
2026-07-27 15:39:30,343.819588461817,-6.44863605741848,4122146.1102776,NaN
2026-07-27 15:39:31,343.841670242791,-6.49694625562087,4128630.99014513,NaN
2026-07-27 15:39:32,343.863700733494,-6.54519879371529,4135115.48201192,NaN
2026-07-27 15:39:33,343.885680210961,-6.59339393783196,4141599.58034514,NaN
2026-07-27 15:39:34,343.90760894791,-6.6415319533727,4148083.2797521,NaN
2026-07-27 15:39:35,343.929487217286,-6.68961310346493,4154566.57477064,NaN
2026-07-27 15:39:36,343.951315289012,-6.7376376500945,4161049.46001989,NaN
2026-07-27 15:39:37,343.973093432248,-6.78560585334214,4167531.93009567,NaN
2026-07-27 15:39:38,343.994821825439,-6.83351800270648,4174013.98380682,NaN
2026-07-27 15:39:39,344.016500910139,-6.88137429402463,4180495.60752452,NaN
2026-07-27 15:39:40,344.038130862436,-6.92917501329445,4186976.8000396,NaN
2026-07-27 15:39:41,344.059711942895,-6.97692041505883,4193457.55611906,NaN
2026-07-27 15:39:42,344.081244412341,-7.0246107516768,4199937.87046038,NaN
2026-07-27 15:39:43,344.102728529198,-7.07224627426567,4206417.73781738,NaN
2026-07-27 15:39:44,344.124164549273,-7.11982723279434,4212897.15301164,NaN
2026-07-27 15:39:45,344.145552643318,-7.16735390517444,4219376.11489754,NaN
2026-07-27 15:39:46,344.166893235383,-7.21482647801113,4225854.61010563,NaN
2026-07-27 15:39:47,344.188186492578,-7.2622452263766,4232332.63753928,NaN
2026-07-27 15:39:48,344.209432664221,-7.30961039440413,4238810.19210598,NaN
2026-07-27 15:39:49,344.230631998985,-7.35692222445584,4245287.26868824,NaN
2026-07-27 15:39:50,344.251784744663,-7.40418095722414,4251763.86215563,NaN
2026-07-27 15:39:51,344.272891145616,-7.45138683265082,4258239.96748919,NaN
2026-07-27 15:39:52,344.293951447205,-7.49854008836647,4264715.57956608,NaN
2026-07-27 15:39:53,344.314965808116,-7.54564099109941,4271190.69747612,NaN
2026-07-27 15:39:54,344.335934635245,-7.59268971679425,4277665.30804112,NaN
2026-07-27 15:39:55,344.356858085243,-7.63968652900053,4284139.41032921,NaN
2026-07-27 15:39:56,344.377736395525,-7.6866316604925,4290612.99938864,NaN
2026-07-27 15:39:57,344.398569803149,-7.73352534228518,4297086.07023178,NaN
2026-07-27 15:39:58,344.419358541881,-7.78036780469632,4303558.61798001,NaN
2026-07-27 15:39:59,344.440102846496,-7.82715927581772,4310030.63765131,NaN
2026-07-27 15:40:00,344.460802867814,-7.87390001238781,4316502.12843362,NaN
2026-07-27 15:40:01,344.481458996986,-7.92059018201929,4322973.07737804,NaN
2026-07-27 15:40:02,344.502071383595,-7.9672300381745,4329443.48361662,NaN
2026-07-27 15:40:03,344.522640254189,-8.01381980458131,4335913.34236667,NaN
2026-07-27 15:40:04,344.54316583589,-8.06035970295799,4342382.6487644,NaN
2026-07-27 15:40:05,344.563648352664,-8.10684995438207,4348851.39805365,NaN
2026-07-27 15:40:06,344.584088028612,-8.15329077809954,4355319.58541896,NaN
2026-07-27 15:40:07,344.6044850858,-8.19968239233413,4361787.20609674,NaN
2026-07-27 15:40:08,344.624839666485,-8.2460250430624,4368254.25939067,NaN
2026-07-27 15:40:09,344.645152146808,-8.29231888808468,4374720.73249227,NaN
2026-07-27 15:40:10,344.665422665962,-8.33856417096263,4381186.62474691,NaN
2026-07-27 15:40:11,344.685651440814,-8.3847611048757,4387651.93145233,NaN
2026-07-27 15:40:12,344.705838686684,-8.43090990186273,4394116.64793509,NaN
2026-07-27 15:40:13,344.725984617369,-8.47701077282939,4400580.76955039,NaN
2026-07-27 15:40:14,344.746089446194,-8.52306392716532,4407044.29162702,NaN
2026-07-27 15:40:15,344.766153308835,-8.56906960175519,4413507.21354261,NaN
2026-07-27 15:40:16,344.786176565949,-8.6150279473361,4419969.52275695,NaN
2026-07-27 15:40:17,344.806159351339,-8.6609391981029,4426431.21863275,NaN
2026-07-27 15:40:18,344.826101872158,-8.70680355910552,4432892.29662241,NaN
2026-07-27 15:40:19,344.84600433533,-8.7526212338444,4439352.75214078,NaN
2026-07-27 15:40:20,344.8658669451,-8.79839242520559,4445812.58069554,NaN
2026-07-27 15:40:21,344.885689906104,-8.84411733431392,4452271.77772431,NaN
2026-07-27 15:40:22,344.90547334767,-8.88979618945491,4458730.34268365,NaN
2026-07-27 15:40:23,344.92521761683,-8.93542913419971,4465188.26322852,NaN
2026-07-27 15:40:24,344.944922841145,-8.98101639426176,4471645.53879964,NaN
2026-07-27 15:40:25,344.96458921918,-9.0265581667181,4478102.16496514,NaN
2026-07-27 15:40:26,344.984216949296,-9.07205464715565,4484558.13725504,NaN
2026-07-27 15:40:27,345.00380622729,-9.11750603059277,4491013.45129077,NaN
2026-07-27 15:40:28,345.023357249358,-9.16291251034875,4497468.10262354,NaN
2026-07-27 15:40:29,345.042870209161,-9.20827427918779,4503922.08689568,NaN
2026-07-27 15:40:30,345.062345229876,-9.25359155582635,4510375.40361574,NaN
2026-07-27 15:40:31,345.081782644,-9.29886447592292,4516828.04063197,NaN
2026-07-27 15:40:32,345.101182571698,-9.34409325627454,4523279.99751104,NaN
2026-07-27 15:40:33,345.120545203215,-9.38927808492125,4529731.26989228,NaN
2026-07-27 15:40:34,345.139870726529,-9.43441914930759,4536181.853495,NaN
2026-07-27 15:40:35,345.159159329078,-9.47951663561005,4542631.74402134,NaN
2026-07-27 15:40:36,345.178411197762,-9.52457072874636,4549080.93715646,NaN
2026-07-27 15:40:37,345.197626449876,-9.56958163980578,4555529.43249852,NaN
2026-07-27 15:40:38,345.216805404461,-9.61454949838524,4561977.21813074,NaN
2026-07-27 15:40:39,345.235948177622,-9.65947451308038,4568424.29361188,NaN
2026-07-27 15:40:40,345.255054950978,-9.70435686510876,4574870.65473915,NaN
2026-07-27 15:40:41,345.274125905459,-9.74919673453947,4581316.2973031,NaN
2026-07-27 15:40:42,345.293161220754,-9.7939943005194,4587761.21711903,NaN
2026-07-27 15:40:43,345.312161076232,-9.83874974091586,4594205.40997446,NaN
2026-07-27 15:40:44,345.331125648769,-9.88346323319957,4600648.87175524,NaN
2026-07-27 15:40:45,345.350055051283,-9.92813497941545,4607091.60204768,NaN
2026-07-27 15:40:46,345.368949588931,-9.97276510225626,4613533.58914562,NaN
2026-07-27 15:40:47,345.387809371358,-10.0173538022613,4619974.83272118,NaN
2026-07-27 15:40:48,345.406634572257,-10.0619012526783,4626415.3286635,NaN
2026-07-27 15:40:49,345.425425364144,-10.1064076258746,4632855.07288533,NaN
2026-07-27 15:40:50,345.444181919243,-10.1508730929906,4639294.06127187,NaN
2026-07-27 15:40:51,345.462904407385,-10.1952978248055,4645732.28980507,NaN
2026-07-27 15:40:52,345.481592936703,-10.2396820163229,4652169.75813043,NaN
2026-07-27 15:40:53,345.500247800856,-10.284025784445,4658606.45471101,NaN
2026-07-27 15:40:54,345.518869104838,-10.3283293227492,4665042.3792761,NaN
2026-07-27 15:40:55,345.537457015478,-10.3725927979727,4671477.52780883,NaN
2026-07-27 15:40:56,345.556011698647,-10.4168163759438,4677911.89630495,NaN
2026-07-27 15:40:57,345.574533319273,-10.4610002215934,4684345.48077351,NaN
2026-07-27 15:40:58,345.593022041345,-10.5051444989576,4690778.2772363,NaN
2026-07-27 15:40:59,345.611477967685,-10.5492493966675,4697210.28544594,NaN
2026-07-27 15:41:00,345.629901380876,-10.5933150261064,4703641.49402871,NaN
